plant_code,cached,developable_mi2_box,developable_mi2_box_incl_forest,frac_excl_slope,frac_excl_protected,frac_forest,name,state
56407,False,93.4735951234127,93.54656843137721,0.0017046875,0.30349375,0.0003609375,West County Energy Center,FL
710,False,2.2649524824416956,25.59139161121527,0.266146875,0.0184921875,0.2053640625,Jack McDonough,GA
612,False,32.44254275325584,39.319060807112656,0.00069375,0.1118015625,0.04006875,Fort Myers,FL
6043,False,78.24893063841452,81.04207087374229,0.001325,0.2607328125,0.02164375,Martin,FL
55380,False,22.721455656553413,105.3307151918195,0.0546890625,0.0,0.406834375,Union Power Station,AR
620,False,8.26822328432306,22.344774390679405,0.0024578125,0.2844109375,0.1454140625,Sanford,FL
7873,False,5.0066639102516035,8.423552182704686,0.0069796875,0.02136875,0.018990625,H L Culbreath Bayside Power Station,FL
7277,False,32.60621145826199,92.86895914313521,0.22951875,0.0571671875,0.4727703125,Lincoln Combustion,NC
7302,False,86.80487725128341,93.04201013059394,0.021925,0.05231875,0.02963125,Hines Energy Complex,FL
7805,False,63.556276317672,131.51770799280234,0.0767921875,0.0277234375,0.3623625,Sherwood H Smith Jr Energy Complex,NC
62949,True,41.133316239887755,,,,,Guernsey Power Station,OH
7710,False,27.410164439245314,121.26878063515653,0.2432640625,0.02598125,0.622371875,H Allen Franklin Combined Cycle,AL
628,False,11.281673411315142,34.986878757618854,0.0020390625,0.197290625,0.1196109375,Crystal River,FL
55480,False,97.69423225930358,117.51552016218126,0.003996875,0.0002,0.0900640625,Forney Energy Center,TX
1378,False,54.36580941745446,104.91650479613516,0.2649671875,0.1776421875,0.5109140625,Paradise,KY
3,False,19.76846912758908,79.93218160879617,0.053684375,0.2518453125,0.3113359375,Barry,AL
59913,True,66.22605691334546,,,,,Greensville County Power Station,VA
2406,True,1.8587344014391882,,,,,PSEG Linden Generating Station,NJ
55091,False,157.08442767608673,177.45510034035448,0.020475,0.000278125,0.10003125,Midlothian Energy Facility,TX
55199,True,73.31940993943971,,,,,Elwood Energy LLC,IL
60345,False,64.33118334986669,76.90795923158076,4.53125e-05,0.3599515625,0.066221875,Okeechobee Clean Energy Center,FL
7845,False,172.49951774567802,181.71639403353987,0.0074390625,0.001375,0.0457,Lagoon Creek,TN
58001,False,163.88415001060946,169.15699274896022,0.018765625,0.000428125,0.02895625,Temple Power Station,TX
7242,False,89.79226548257388,96.64341662461446,0.0207,0.0246359375,0.0323046875,Polk,FL
60357,True,20.526349054592046,,,,,Lackawanna Energy Center,PA
55939,True,49.8762135179229,,,,,Warren County,VA
58260,True,63.42249191973705,,,,,Brunswick County Power Station,VA
10745,False,96.92419011430653,121.33410912038191,0.0026203125,0.0103859375,0.1132703125,Midland Cogeneration Venture,MI
55322,False,19.33340921534345,19.33340921534345,0.3675109375,0.8617125,0.0,Chuck Lenzie Generating Station,NV
55524,True,72.51427110823114,,,,,York Energy Center,PA
65978,False,1.181472605139884,1.3475737537448442,0.0016546875,0.024575,0.0012328125,Dania Beach 7,FL
55358,False,31.37296255366156,95.06128580955507,0.00078125,0.067259375,0.2869609375,Cottonwood Energy Company LP,TX
55463,False,106.16921324952612,191.10944873634466,0.071909375,6.25e-06,0.4305734375,Redbud Power Plant,OK
55736,True,21.32731798248835,,,,,Hanging Rock Energy Facility,OH
3406,False,29.52569538633108,76.45587221414341,0.3344,0.1314515625,0.527353125,Johnsonville,TN
2398,True,0.8680348728351266,,,,,Bergen Generating Station,NJ
260,False,60.55637837644476,61.40078379717709,0.17674375,0.0492375,0.058653125,Dynegy Moss Landing Power Plant Hybrid,CA
55173,False,153.99070691033367,162.30375665526353,2.34375e-05,6.25e-06,0.03738125,Acadia Energy Center,LA
56150,False,21.45484752545492,85.66023879206848,0.0036046875,0.09150625,0.290803125,McIntosh Combined Cycle Facility,GA
2322,False,8.738727374722885,8.771391617335576,0.178846875,0.2506578125,0.000196875,Clark (NVE),NV
55501,False,89.16921242933394,174.34087754998282,0.1717203125,0.0,0.534778125,Kiamichi Energy Facility,OK
634,False,1.1481133786418167,1.770123956053697,0.0012859375,0.0274296875,0.003371875,P L Bartow,FL
617,False,0.6192306418703746,0.7005437564594137,0.001509375,0.018521875,0.00044375,Port Everglades,FL
55298,True,42.7164895307752,,,,,Fairless Energy Center,PA
8068,False,33.63861001998863,33.63861001998863,0.0029328125,0.0039265625,0.0,Santan,AZ
52019,True,53.14437523890543,,,,,Doswell Energy Center,VA
57185,False,19.678816206375522,63.56426863235383,0.54140625,0.117765625,0.6839515625,Cricket Valley Energy,NY
645,False,20.307776622641168,23.357365911672822,0.0048578125,0.0662671875,0.0203171875,Big Bend,FL
7897,False,70.59646307653496,113.391138294415,0.121709375,0.0814625,0.299565625,E B Harris Electric Generating Plant,AL
63931,True,98.45176469436386,,,,,CPV Three Rivers Energy Center,IL
619,False,1.2499285178494597,1.3395814390630156,0.0027078125,0.0569359375,0.0005609375,Riviera,FL
609,False,4.354769025768538,13.208863725463905,0.001871875,0.1287390625,0.04365625,Cape Canaveral,FL
62926,True,74.46370090671195,,,,,"Jackson Generation, LLC",IL
55230,False,155.45573294070715,191.38535733883907,0.0515765625,0.0,0.180525,Jack County,TX
400,False,6.119680602681911,6.138792659529763,0.0074609375,0.0199484375,0.000121875,Haynes,CA
55372,False,128.02402400101516,128.02402400101516,0.0820109375,0.3958140625,0.0,Harquahala Generating Project,AZ
62192,False,39.27319187067781,67.59587015142235,0.005634375,0.0012390625,0.1293765625,Blue Water Energy Center,MI
55131,True,108.50053669302126,,,,,Kendall County Generation Facility,IL
56237,False,14.892114695845551,14.931381285369318,0.292046875,0.2449375,0.1585234375,Lake Side Power Plant,UT
55965,False,44.27603336955985,130.64654569248302,0.30015,0.0293046875,0.6496671875,Wansley Combined Cycle,GA
55502,True,45.49989999170769,,,,,"Lawrenceburg Power, LLC",IN
59812,False,116.639840466607,149.32562757974458,0.1079734375,0.0116,0.206578125,Wolf Hollow II,TX
60122,False,166.1272105006618,185.41579325539848,0.006853125,0.0320921875,0.100271875,Colorado Bend II,TX
4040,False,62.90403394124625,70.74310467634938,0.0189203125,0.015240625,0.04159375,Port Washington Generating Station,WI
6042,False,90.85107343194483,95.46819887444296,0.000821875,0.137140625,0.0300609375,Manatee,FL
621,False,11.148236505322872,11.244144281504814,0.001440625,0.603521875,0.0009671875,Turkey Point,FL
55405,False,39.07512146334554,104.27746711353156,0.2637875,0.0650453125,0.515996875,Athens Generating Plant,NY
613,False,1.181472605139884,1.3475737537448442,0.0016546875,0.024575,0.0012328125,Lauderdale,FL
55225,False,100.20625151299659,148.3182484378915,0.0414125,0.0,0.2475890625,Oneta Energy Center,OK
60356,True,24.065206998928687,,,,,South Field Energy,OH
117,False,43.72942854371131,43.72942854371131,0.035953125,0.0013109375,0.0,West Phoenix,AZ
60589,True,19.55024418758089,,,,,CPV Fairview Energy Center,PA
60368,True,55.60774562062209,,,,,Hummel Station LLC,PA
6071,False,72.20986816643628,113.14546149093445,0.3973765625,0.0060109375,0.536259375,Trimble County,KY
7826,False,77.43475701669607,148.90029744189422,0.140175,0.048025,0.450965625,Rowan,NC
55382,False,43.49765141793828,102.87429464895659,0.274190625,0.093165625,0.4940328125,Thomas A Smith Energy Facility,GA
3469,False,8.810310714916653,16.06351003464748,0.001875,0.001490625,0.033234375,T H Wharton,TX
136,False,42.9020502281707,108.93177419389731,0.002009375,0.0622390625,0.3095359375,Seminole (FL),FL
55297,True,46.43083090616938,,,,,New Covert Generating Facility,MI
55464,False,14.878562510080712,21.574037261796974,0.009190625,0.012890625,0.0315734375,Deer Park Energy Center,TX
55460,True,104.83936158485837,,,,,Indeck Niles Energy Center,MI
3393,False,68.45904013705983,79.06762165538792,0.02915625,0.06345,0.058971875,Allen,TN
47,False,84.20390006026223,115.3617651013998,0.2758421875,0.1827421875,0.403078125,Colbert,AL
54547,False,18.256531684952716,65.66450993396133,0.0338328125,0.00155,0.2365625,Sithe Independence Station,NY
55151,False,52.55676636381968,52.55676636381968,0.3460765625,0.461128125,2.5e-05,La Paloma Generating Plant,CA
7834,False,68.92954422745966,131.11287987957058,0.1794109375,0.0071375,0.420440625,John S Rainey,SC
55690,True,46.46106270518325,,,,,Bethlehem Power Plant,PA
55215,False,151.27053998297043,151.2740149023973,0.0005578125,0.0,1.5625e-05,Odessa-Ector Power Plant,TX
55198,True,8.510425168376736,,,,,Riverside Generating LLC,KY
6112,False,174.6918444120979,174.8951271985705,0.016528125,0.006965625,0.0010234375,Fort St Vrain,CO
60464,True,36.89460952297708,,,,,Tenaska Westmoreland Generating Station,PA
6073,False,16.201811827837382,52.52444961314968,0.0115765625,0.198384375,0.18405625,Victor J Daniel Jr,MS
55455,False,112.38341166061922,112.38341166061922,0.08504375,0.4070640625,0.0,Red Hawk,AZ
55841,False,23.329914048200454,23.329914048200454,0.4339640625,0.8537984375,0.0020265625,Silverhawk,NV
59220,True,80.98125978377185,,,,,Wildcat Point Generation Facility,MD
55097,False,156.4405251062855,186.3043301528522,0.0005546875,0.028390625,0.1440828125,Lamar Power Project,TX
59906,True,39.00319063120908,,,,,Moxie Freedom Generation Plant,PA
55061,False,35.17834681804005,127.86556767514934,0.2892609375,0.031615625,0.6773515625,Tenaska Georgia Generation Facility,GA
7153,True,27.875456150504814,,,,,Hay Road,DE
55153,False,134.3105007361874,154.83650229883676,0.0262046875,0.00110625,0.1007375,Guadalupe Generating Station,TX
55279,True,19.722947683096926,,,,,Aurora,IL
55419,False,59.49062058822005,60.8145648898621,0.0018859375,0.0003828125,0.00608125,Plaquemine Cogeneration Plant,LA
7757,False,115.33118581044323,165.71334759692016,0.0907171875,0.0013296875,0.301134375,Chouteau,OK
55927,False,16.244900828730717,83.4331629313798,0.003534375,0.0726984375,0.3043828125,Jasper,SC
58215,False,88.73658496068713,111.2940244202917,0.009903125,0.024265625,0.1067546875,Lee Combined Cycle Plant,NC
59764,True,70.22499418980128,,,,,Oregon Clean Energy Center,OH
54,True,56.6352792951511,,,,,J K Smith,KY
358,False,24.680615229429492,24.83003676478542,0.360534375,0.1519421875,0.0069203125,Mountainview Generating Station,CA
55226,False,82.62072676937478,115.02921531224719,0.0208484375,0.0869203125,0.1522109375,Freestone Energy Center,TX
61028,True,67.20459422395543,,,,,Hickory Run Energy Station,PA
2706,False,19.872021726510162,36.54989751583038,0.6181046875,0.1546953125,0.5155359375,Asheville,NC
55439,True,40.78686677302762,,,,,Tenaska Virginia Generating Station,VA
55451,False,48.900803634797114,112.07935621076705,0.2877421875,0.2140921875,0.640003125,Magnolia Power Plant,MS
60926,False,21.802686960085808,22.982074613569566,0.0002890625,0.0147828125,0.005303125,St. Charles Power Station (LA),LA
60925,False,50.58474958906414,97.95728365991855,0.005946875,0.1669234375,0.3345390625,Montgomery County,TX
60927,False,31.301031721525103,72.36450208093252,0.00106875,0.0074078125,0.1886734375,Lake Charles Power,LA
3405,False,50.39328152864294,65.18740349665042,0.6293265625,0.0042140625,0.518403125,John Sevier,TN
55286,False,13.080986690554647,17.57544747728384,0.0018328125,0.2583796875,0.024728125,Oleander Power Project LP,FL
55144,False,138.56762452606057,168.92382565541644,0.039625,0.007725,0.161090625,Hays Energy Project,TX
55166,False,42.613284423796806,110.19212747002743,0.3402640625,0.005428125,0.5716453125,Broad River Energy Center,SC
1355,False,103.95290963906078,116.44871989812849,0.3109125,0.1032984375,0.2325046875,E W Brown,KY
7538,False,88.93986774715972,111.95564907917004,0.01015625,0.01851875,0.108740625,Wayne County Energy Complex,NC
55401,True,23.177017593417645,,,,,Rolling Hills Generating,OH
50006,False,1.8368424090498316,6.711806873022606,0.0493484375,0.05735625,0.046659375,Linden Cogen Plant,NJ
641,False,18.552942312065753,56.091106912901374,0.0127109375,0.095371875,0.17558125,Gulf Clean Energy Center,FL
55087,False,118.06907482688356,130.60032926410548,0.013390625,0.008046875,0.0619140625,Zeeland Generating Station,MI
60376,True,50.187566298571525,,,,,"Clean Energy Future-Lordstown, LLC",OH
55518,False,113.55098458805158,113.55202706387963,0.1171609375,0.2211484375,4.6875e-06,High Desert Power Plant,CA
3264,False,68.85935085503664,154.32742660279854,0.099734375,0.0,0.465765625,W S Lee,SC
55333,False,38.01874595757341,38.14210559722772,0.3153671875,0.1123578125,0.0492265625,Delta Energy Center,CA
55137,False,159.63154361599126,175.5987983825141,0.013434375,0.001384375,0.0762078125,Rio Nogales Power Project,TX
55062,False,135.65181963496386,199.145547402952,0.00260625,0.00888125,0.295240625,Tenaska Frontier Generation Station,TX
55132,False,80.23936448613254,180.8386293863095,0.0756234375,0.0013125,0.50918125,Tenaska Gateway Generating Station,TX
55271,False,56.84933433184703,120.15228902329933,0.3313671875,0.0,0.5112828125,Tenaska Lindsay Hill Generating Station,AL
10554,False,101.98263032401867,107.59914259368807,0.0021703125,0.00265625,0.0254078125,Formosa Utility Venture Ltd,TX
55327,False,48.52446986086579,55.512185336382835,0.00340625,0.0057015625,0.0314984375,Baytown Energy Center,TX
55440,False,56.33956365192344,119.57162998706735,0.3342625,0.0,0.5138140625,Central Alabama Generating Station,AL
55299,False,10.641940744826162,15.579801250425502,0.011546875,0.0018390625,0.0226703125,Channel Energy Center LLC,TX
1396,False,88.36963346920838,124.98312201055072,0.0177484375,0.061028125,0.193259375,Coughlin Power Station,LA
55503,True,40.849762814654184,,,,,"Waterford Power, LLC",OH
7709,False,50.79949960964545,124.91014870258618,0.1652359375,0.013109375,0.454165625,Dahlberg,GA
55187,False,35.77290553197956,52.46224855540849,0.00925,0.0487921875,0.0856265625,Channelview Cogeneration Plant,TX
2336,False,28.429358307149805,28.44047804931583,0.7760375,0.3238046875,0.0009328125,Tracy,NV
55146,False,77.89170892133106,108.95123374268786,0.0556046875,0.0035109375,0.16853125,Green Country Energy LLC,OK
55269,False,41.43598172196918,80.73975288360356,0.03280625,0.017678125,0.1976171875,TVA Southaven Combined Cycle,MS
55467,False,50.43741300536434,110.86382939524371,0.0168,0.072565625,0.295803125,Ouachita,LA
55292,False,81.7867461069231,101.11459545118355,0.047546875,0.117428125,0.13473125,Decatur Energy Center,AL
55293,False,86.06402442947217,105.57604450335737,0.0467265625,0.1007578125,0.12985,Morgan Energy Center,AL
55706,False,32.171499037959045,142.61382070672198,0.1740765625,0.03126875,0.656103125,Choctaw County,MS
55976,True,119.1431724217328,,,,,Hunterstown Power Plant,PA
55089,False,21.755428055880213,22.955665225925262,0.0002890625,0.0063515625,0.005396875,Taft Cogeneration Facility,LA
2539,False,34.01598626974802,81.6661664028103,0.236903125,0.026540625,0.386378125,Bethlehem Energy Center,NY
7839,True,47.37357654668247,,,,,Ladysmith,VA
55063,False,95.78302657451847,163.6120638194846,0.0875890625,0.029084375,0.3825703125,Batesville Generation Facility,MS
55317,False,1.6453743486286327,18.10711014959679,0.0761265625,0.110021875,0.1462921875,Fore River Generating Station,MA
58420,True,48.49736548933611,,,,,Hamilton Liberty,PA
58426,True,73.68323400343425,,,,,Hamilton Patriot Generation Plant,PA
7380,False,104.9797483297044,110.36239852194464,0.013084375,0.0199390625,0.0250796875,Midulla Generating Station,FL
58697,False,21.333225345514048,58.88320467240107,0.0032078125,0.130971875,0.1853265625,L V Sutton Combined Cycle,NC
55694,False,34.845102045002065,132.98134405540503,0.197365625,0.084003125,0.6507390625,Quantum Choctaw Power LLC,MS
56047,False,6.511304022091514,52.69333069729615,0.4579671875,0.126934375,0.5672421875,CPV Towantic Energy Center,CT
55149,False,17.110850749909716,95.9032587866886,0.2380359375,0.150040625,0.620884375,Lake Road Generating Plant,CT
57037,False,39.75168827575947,131.4951210165276,0.1675796875,0.0388234375,0.5602453125,Ratcliffe,MS
55801,True,28.18159655201312,,,,,Marcus Hook Energy LP,PA
59773,True,52.51749977429591,,,,,Carroll County Energy,OH
60302,True,30.14006114100382,,,,,Keys Energy Center,MD
57267,False,74.86644406828758,74.91266049666511,0.1964671875,0.0878109375,0.0262921875,Marsh Landing Generating Station,CA
3456,False,111.49313730345204,111.49417977928012,0.1969359375,0.33888125,0.003090625,Newman,TX
55620,False,57.602349371652366,108.56934009767352,0.009903125,0.0540203125,0.242546875,Perryville Power Station,LA
55411,False,28.609011641519608,118.99166593472074,0.3624015625,0.016065625,0.7176484375,Hillabee Energy Center,AL
55320,False,156.88010241378606,200.18628577130315,0.0419578125,0.0,0.2092953125,Wise County Power LLC,TX
55239,True,7.455787122318045,,,,,Red Oak Power LLC,NJ
55047,False,13.741916365547606,19.612792737264765,0.012175,0.0108140625,0.027596875,Pasadena Cogeneration,TX
55234,False,188.62418636223865,204.49414338480878,0.012053125,0.001053125,0.082646875,Audrain Generating Station,MO
59004,True,50.05517186840732,,,,,"Potomac Energy Center, LLC",VA
6124,False,20.846736625750566,85.41317202081717,0.0036640625,0.081815625,0.29271875,McIntosh,GA
1363,False,40.18918063160391,74.6683736609553,0.2705140625,0.0626921875,0.39145,Cane Run,KY
55172,False,147.83975203280983,175.93934048634853,0.0432484375,0.0093109375,0.1541578125,Thad Hill Energy Center,TX
116,False,34.546953958175585,34.546953958175585,0.0417703125,0.0004984375,0.0,Ocotillo,AZ
58005,False,153.09035528682855,183.53968425682487,0.0397765625,0.0,0.1562453125,Rayburn Energy Station LLC,TX
55197,False,52.53939176668527,105.3776266040824,0.16186875,0.0136703125,0.377021875,Caledonia,MS
55123,False,130.31503837915847,133.87231339645757,0.001471875,0.002684375,0.01693125,Magic Valley Generating Station,TX
57482,False,60.66479586256348,60.665838338391545,0.5076,0.540084375,0.018846875,"Sentinel Energy Center, LLC",CA
7981,False,41.655249137805434,107.86810135732874,0.3320296875,0.0598015625,0.5812390625,Mill Creek (SC),SC
60903,False,3.381444094298886,18.18981323195658,0.1214984375,0.0806859375,0.146184375,Salem Harbor Power Development LP,MA
55348,True,171.41951278780311,,,,,Troy Energy LLC,OH
55332,False,46.32971075084711,152.98749767179285,0.148484375,0.001675,0.5939078125,Washington County Power LLC,GA
7835,True,81.40172503442457,,,,,Essential Power Rock Springs LLC,MD
55170,False,9.849311623554375,66.01200187664952,0.1539046875,0.115634375,0.4022234375,Granite Ridge,NH
55139,False,116.24126720834363,149.58068666567772,0.1116296875,0.0116,0.2119359375,Wolf Hollow I LP,TX
7846,False,31.219023623050685,103.93275510638486,0.00156875,0.2021734375,0.4339265625,Brandy Branch,FL
55402,False,152.29425124612987,166.81663451495518,0.0090609375,0.0212375,0.076271875,Renaissance Power Plant,MI
57794,True,145.22209522853962,,,,,St Joseph Energy Center,IN
55656,False,88.40334018764915,88.58334101396163,0.5546890625,0.0736546875,0.10478125,"Pastoria Energy Facility, LLC",CA
55337,True,118.62888434655426,,,,,Ironwood LLC,PA
56846,True,34.41004213275644,,,,,CPV St Charles Energy Center,MD
57839,True,4.788091478300725,,,,,Woodbridge Energy Center,NJ
56940,False,48.95084247454422,102.13622176268686,0.2388859375,0.034565625,0.4138828125,CPV Valley Energy Center,NY
56963,True,25.29741342770105,,,,,West Deptford Energy Station,NJ
55409,False,52.078269958738026,106.1431513538245,0.317209375,0.08194375,0.5148890625,Calhoun Energy Center,AL
55714,False,33.97498222051081,113.25214151733972,0.3653796875,0.0,0.6614484375,Magnet Cove,AR
55129,False,183.80204067355447,183.80204067355447,0.038175,0.002528125,0.0,Desert Basin,AZ
7082,False,26.340931731593717,26.340931731593717,0.314221875,0.8339765625,0.0,Harry Allen,NV
56104,False,128.85487723598266,137.2356879097367,0.109353125,0.0263125,0.101615625,Mankato Energy Center,MN
55701,True,163.1144553575551,,,,,Fremont Energy Center,OH
57029,False,43.11089288572631,107.4392963000515,0.3245734375,0.069134375,0.5660296875,Cleveland Cnty Generating Facility,NC
58079,True,1.1369936364757944,,,,,Newark Energy Center,NJ
56,False,25.11498015778974,84.16185353519695,0.2615515625,0.0436765625,0.4918734375,Lowman Energy Center,AL
3441,False,71.61183453306988,73.38925581992004,0.0030328125,0.0,0.0084328125,Nueces Bay,TX
4939,False,48.019564068139836,53.611404409878375,2.1875e-05,0.0575921875,0.0252640625,Barney M Davis,TX
56502,False,181.09021355281575,192.7808849806749,0.0111125,0.02535625,0.0600671875,Emporia Energy Center,KS
55415,False,116.75381782380873,121.8265052031711,0.0057890625,0.0066015625,0.023375,Vandolah Power Station,FL
55193,True,61.212095672297394,,,,,Ontelaunee Energy Center,PA
55640,True,111.94105441757713,,,,,University Park North,IL
56948,False,201.20617462309303,201.20617462309303,0.0078890625,0.00835,0.0,Coolidge Generation Station,AZ
7916,False,36.231942388270674,139.73207002600873,0.2028765625,0.0482125,0.6583375,Talbot County Energy,GA
64020,False,146.03522637443,160.3456395582155,0.0200078125,0.0197359375,0.072015625,West Riverside Energy Center,WI
10,False,75.45266297560258,99.32640191411006,0.01656875,0.0770421875,0.1190984375,Greene County,AL
55516,True,34.1431683207719,,,,,Fayette Energy Facility,PA
55397,True,32.839378551805765,,,,,Washington Energy Facility,OH
7999,False,26.37741838557598,44.40147796087029,0.6492546875,0.1119765625,0.6146,Grays Harbor Energy Facility,WA
55418,False,46.14727748093581,144.09865377782864,0.20735,0.0,0.606103125,Hot Spring Generating Facility,AR
55282,False,96.68059826248209,96.68059826248209,0.0760890625,0.4860203125,0.0,Arlington Valley Energy Facility,AZ
56532,False,134.38833893134955,134.38833893134955,0.2839890625,0.084615625,4.6875e-06,Colusa Generating Station,CA
55345,False,11.548199731356991,11.550632174955808,0.591403125,0.2555515625,0.0007515625,Otay Mesa Generating Project,CA
8049,False,30.865276825394098,37.47248862366755,0.0035609375,0.1109453125,0.0339296875,Intercession City,FL
55177,False,58.52806790697373,58.530847842515236,0.1085359375,0.61364375,3.4375e-05,South Point Energy Center,AZ
7238,False,26.47610609729943,33.421080063865816,0.0032109375,0.099875,0.035028125,Cane Island,FL
58236,False,165.86693903558833,171.41186796506398,0.0742546875,0.01670625,0.0458265625,Marshalltown Generating Station,IA
7838,True,85.51324970031138,,,,,Remington,VA
55334,False,151.96795631194567,192.39030403709336,0.05903125,0.0068328125,0.240471875,Holland Energy Facility,IL
55267,False,43.69502684138517,127.71301871230922,0.2955640625,0.000109375,0.62833125,Edward L. Addison Generating Plant,GA
62116,False,3.3988186914332963,3.4151508127396415,0.0298171875,0.0227125,0.00014375,AES Huntington Beach Energy Project,CA
2723,False,44.20722996490758,116.69960908074937,0.3352796875,0.0169984375,0.59924375,Dan River,NC
2720,False,48.42543465719966,122.67264808361686,0.122934375,0.0499484375,0.4490046875,Buck,NC
7900,False,103.3659957478604,136.0601226676225,0.0390671875,0.0160265625,0.16703125,Sand Hill,TX
56798,False,9.29610445079476,54.97843771241376,0.3791,0.1946765625,0.5697703125,Kleen Energy Systems Project,CT
55111,False,136.68977806777352,174.97678780510222,0.1057734375,0.0196453125,0.274521875,Vermillion Energy Facility,IN
55672,False,47.91983388058832,157.08825008745632,0.1269765625,0.0071734375,0.5912546875,AL Sandersville LLC,GA
55222,True,165.7032703305822,,,,,Lincoln Generating Facility,IL
55110,True,73.86601476528824,,,,,Madison,OH
55236,True,168.71706794951697,,,,,Lee Energy Facility,IL
58557,False,109.94888311014569,109.94888311014569,0.0684234375,0.417740625,0.0,Mesquite Generating Station Block 1,AZ
55481,False,110.09100731470515,110.09100731470515,0.0682359375,0.4169953125,0.0,Mesquite Generating Station Block 2,AZ
408,False,4.18241302219519,4.231061894171538,0.4234734375,0.2039203125,0.0066421875,Valley (CA),CA
7296,False,91.69304640907835,148.42631843206752,0.1047734375,0.000840625,0.33676875,State Line Combined Cycle,MO
55328,False,177.42313108162716,177.48498464742565,0.0426609375,0.028496875,0.0003390625,Hermiston Power Partnership,OR
55687,False,1.1703528629738618,1.1703528629738618,0.2883453125,0.988653125,4.0625e-05,Higgins Generating Station,NV
55821,False,27.681903138427487,45.26951283370541,0.0044671875,0.084315625,0.09455,Curtis H Stanton Energy Center,FL
55347,True,27.411206915073375,,,,,Armstrong,PA
55182,False,40.455359459703075,40.455359459703075,0.4780328125,0.5451390625,5.46875e-05,Sunrise Power LLC,CA
55835,False,196.47194439590896,196.5595123654664,0.0014671875,0.02114375,0.000409375,Rocky Mountain Energy Center,CO
55496,False,193.110654834286,198.89848063170066,0.0036328125,0.0148890625,0.033390625,Goose Creek Energy Center,IL
56458,False,211.7529025756226,211.7529025756226,9.375e-05,0.0002828125,0.0,Hobbs Generating Station,NM
55340,False,168.5332447118349,168.53984705874598,0.0028546875,0.124403125,4.375e-05,Dell Power Station,AR
55217,False,33.33733450567796,33.433242281859904,0.2981328125,0.128659375,0.029875,Los Medanos Energy Center,CA
55350,True,50.572239879127366,,,,,Dresden Energy Facility,OH
62115,False,6.110993304114706,6.130105360962558,0.0076734375,0.0199890625,0.000121875,AES Alamitos Energy Center,CA
55357,False,105.25565693219883,116.56512969892904,0.0143359375,0.036146875,0.056465625,Jack Fusco Energy Center,TX
55641,False,146.33302696931378,160.3463345421009,0.0201765625,0.0197359375,0.0706296875,Riverside Energy Center,WI
2847,True,37.79913104979446,,,,,Tait Electric Generating Station,OH
55386,False,43.74402320530421,89.94133952598712,0.05441875,0.0140515625,0.2276140625,Columbia Energy Center (SC),SC
62565,True,30.320756951201684,,,,,"Hill Top Energy Center, LLC",PA
3403,False,80.58859388853419,123.72207375053523,0.1227265625,0.0386609375,0.2811296875,Gallatin (TN),TN
59002,False,4.776624244192014,4.784269066931154,0.206396875,0.0326578125,0.0006765625,Carlsbad Energy Center,CA
3295,False,41.012041551889574,78.4737579253338,0.096753125,0.0174296875,0.2152609375,Urquhart,SC
55178,False,143.07459502272653,173.2282083494952,0.0290578125,0.0236328125,0.1628984375,Dogwood Energy Facility,MO
55124,False,85.85274932831774,85.85274932831774,0.2285734375,0.5440515625,0.0085359375,Griffith Energy LLC,AZ
56467,False,4.395773075005746,4.894076520820626,0.176715625,0.0875828125,0.071225,Russell City Energy Center,CA
56350,False,166.55810050959516,185.93112380640508,0.0069234375,0.03155,0.1002703125,Colorado Bend Energy Center,TX
533,False,53.705227234404184,150.4796483214121,0.142146875,0.0174578125,0.5554734375,McWilliams,AL
56259,False,29.525347894388393,72.34816995962618,0.2126328125,0.019746875,0.3355125,Empire Generating Co LLC,NY
55667,True,63.567743551780715,,,,,Lower Mount Bethel Energy,PA
57664,False,0.7637872900286663,3.0798210880455272,0.05169375,0.0202109375,0.0172265625,Astoria Energy II,NY
55343,False,167.47721669800546,167.47721669800546,0.02319375,0.1435484375,0.0,Luna Energy Facility,NM
1403,False,3.0801685799882157,3.457544829747602,0.001265625,0.03203125,0.0017046875,Nine Mile Point,LA
55270,False,57.371614721707395,90.86740555325117,0.024,0.0132359375,0.164190625,Jackson Generating Station,MI
55412,False,39.62033632142332,43.80344432750389,0.00340625,0.0999875,0.027115625,Osprey Energy Center Power Plant,FL
56964,False,2.2298557962301873,4.219247168120139,0.0375921875,0.03858125,0.0185859375,Bayonne Energy Center,NJ
1912,False,6.363619946449029,12.175075195966507,0.0849375,0.0208,0.0512328125,High Bridge,MN
991,False,83.73026854237821,138.09990037120224,0.246921875,0.0318671875,0.48164375,Eagle Valley (IN),IN
50815,False,35.10467852619015,48.461226327296544,0.0088046875,0.0392421875,0.066471875,"Odyssey Energy Altura Cogen, LLC",TX
55112,False,174.2262052088957,174.2262052088957,0.0040734375,0.05578125,6.25e-06,Sutter Energy Center,CA
55393,False,15.820960658651114,16.99027104579691,0.629815625,0.2161828125,0.2762484375,Metcalf Energy Center,CA
55183,True,173.66014083425662,,,,,Nelson Energy Center,IL
469,False,13.025387979724535,13.176199482851214,0.01976875,0.0742140625,0.0009828125,Cherokee,CO
56565,False,40.64925996372309,62.77650439827968,0.01146875,0.0050265625,0.103115625,J Lamar Stall Unit,LA
55164,True,80.60944340509548,,,,,Bluegrass Generating Station,KY
55400,False,87.71634861695458,87.71634861695458,0.212490625,0.3668171875,0.0,Elk Hills Power LLC,CA
54761,False,177.57116264921234,177.598267020742,0.0404234375,0.0153125,0.00018125,Hermiston Generating Plant,OR
643,False,12.946854800677,32.640265668645426,0.000621875,0.0747203125,0.0996640625,Lansing Smith,FL
56476,False,78.38723243160443,78.42858397278432,0.185784375,0.0819359375,0.0228421875,Gateway Generating Station,CA
55364,False,108.06895170020252,156.10693284130483,0.0627171875,0.0468578125,0.2774328125,Sugar Creek Power,IN
59338,False,81.96709442517827,81.96709442517827,0.0732046875,0.6092484375,0.0,Gila River Power Block 1,AZ
55306,False,81.96709442517827,81.96709442517827,0.0732046875,0.6092484375,0.0,Gila River Power Block 4,AZ
60768,False,81.96709442517827,81.96709442517827,0.0732046875,0.6092484375,0.0,Gila River Power Block 2,AZ
59784,False,81.96709442517827,81.96709442517827,0.0732046875,0.6092484375,0.0,Gila River Power Block 3,AZ
56031,False,149.13137958378186,158.40037966304695,0.0285203125,0.00146875,0.05240625,Fox Energy Center,WI
55168,False,120.99947437957317,175.23844923794644,0.030878125,0.0095703125,0.26118125,Bastrop Energy Center,TX
55231,True,19.717387812013914,,,,,Liberty Electric Power Plant,PA
3804,True,8.192122548874345,,,,,Possum Point,VA
55188,True,150.2058246705738,,,,,Cordova Energy,IL
55470,False,25.53475042455709,30.376703153974486,0.001509375,0.0594171875,0.022221875,Green Power 2,TX
8073,False,11.905768940383151,31.83269439383805,0.5920078125,0.1713359375,0.5835765625,Beaver,OR
2411,True,2.960283859760786,,,,,PSEG Sewaren Generating Station,NJ
55154,False,87.92345381479674,167.9616204661128,0.0548359375,0.0742015625,0.4413171875,Lost Pines 1 Power Project,TX
55661,False,13.185581765303795,62.63785511314709,0.0753234375,0.1519,0.3372609375,Newington Energy Center,NH
55522,False,191.18381201207993,191.18381201207993,0.0276515625,0.007484375,0.0,Sundance,AZ
2404,True,0.9055640026454523,,,,,PSEG Kearny Generating Station,NJ
63688,False,33.80019377333864,41.5972179833765,0.0019578125,0.0381015625,0.0353078125,Topaz Generating,TX
8031,False,175.1216919452032,176.69722041335152,0.0071765625,0.033178125,0.0097046875,Emery Station,IA
55514,False,22.265546227746494,22.265546227746494,0.443371875,0.8575546875,0.004465625,Apex Generating Station,NV
55218,False,33.326909747397316,81.68562595160084,0.0274828125,0.0523609375,0.248025,Hinds Energy Facility,MS
165,False,116.42752288962451,168.6242876008192,0.1085203125,0.000528125,0.32581875,GREC,OK
55221,False,65.7420006371808,119.87985534023179,0.028696875,0.1148171875,0.264278125,Harry L. Oswald,AR
58835,False,210.05019205645044,210.05748938724687,0.0008359375,0.0,3.28125e-05,Elk Station,TX
7836,True,82.76180849810619,,,,,Marsh Run Generation Facility,VA
55392,True,50.92390172512783,,,,,Zion Energy Center,IL
7872,True,200.24327444990402,,,,,Robert P Mone Plant,OH
55406,False,28.529435986644007,89.52434919476129,0.0034984375,0.0441171875,0.2759265625,Bobby C Smith Jr Energy Facility,GA
55107,False,9.267262619551639,49.45644325115555,0.123990625,0.1127546875,0.3072796875,Rhode Island State Energy Center,RI
55375,False,0.7610073544871607,3.155574331551555,0.0521359375,0.0207125,0.0176296875,Astoria Energy,NY
10789,False,24.956176339981234,31.08662919288648,0.0001671875,0.1086671875,0.0276421875,Sabine River Operations,TX
7946,False,44.46923888969449,130.78102507430336,0.2996875,0.0293046875,0.6492875,Wansley Unit 9,GA
55206,False,72.73631845960891,74.62389469229122,0.0032890625,0.00165625,0.008934375,Corpus Christi Energy Center,TX
55662,False,52.405954860693,91.69860628016136,0.3864734375,0.017865625,0.457875,Chehalis Generating Facility,WA
55295,False,119.71201673191338,119.71896657076715,0.058940625,0.400178125,3.28125e-05,Blythe Energy Inc,CA
913,False,23.704857854361023,25.931238731164328,0.056090625,0.023309375,0.02120625,Venice,IL
1927,False,3.6358081963466495,6.071031730705563,0.0393296875,0.00885625,0.015603125,Riverside (MN),MN
55192,False,85.1323985311251,97.30955867874773,0.00109375,0.180103125,0.102228125,Osceola Generating Station (FL),FL
688,False,9.939659528653308,42.970506140880275,0.0395375,0.43898125,0.397690625,Arvah B Hopkins,FL
55126,False,2.1078861243466287,17.935449129908818,0.1139796875,0.0414625,0.1242171875,Milford Power Project,CT
55212,False,10.19993099372677,75.73517392500808,0.1667296875,0.0990375,0.4509,ANP Blackstone Energy Project,MA
55211,False,9.855566478522762,73.05670603076743,0.1305421875,0.1018578125,0.41146875,ANP Bellingham Energy Project,MA
55259,False,4.140713989072606,5.83612717744834,0.0118609375,0.0355671875,0.0106109375,Whiting Clean Energy,IN
568,False,1.9056458137020955,17.815911901624077,0.0824359375,0.026728125,0.112490625,Bridgeport Station,CT
7985,False,91.20968511679905,103.39205764356201,0.0752875,0.04491875,0.0883234375,Greater Des Moines,IA
7512,False,135.38494582297932,158.00528132421047,0.0181390625,0.012384375,0.1058484375,Arthur Von Rosenberg,TX
4937,False,115.87640066852101,168.09019248490745,0.08105625,0.0002,0.2791609375,Thomas C Ferguson,TX
55015,False,96.08430208882915,137.11927810893613,0.0013828125,0.0822203125,0.22178125,Sweeny Cogen Facility,TX
7158,True,72.47708947036351,,,,,Woodsdale,OH
7813,False,48.097749755244685,119.08062387204892,0.3586640625,0.0045796875,0.608259375,Sewell Creek Energy,GA
55664,False,63.863459195008375,133.92269972814736,0.040890625,0.0,0.3311046875,Harrison County Power Project,TX
55251,False,110.3783831513083,169.84050940022792,0.0706234375,0.0068640625,0.328390625,Gleason Generating Facility,TN
56102,False,80.27828358371362,80.73349802863517,0.5363859375,0.4600796875,0.1498859375,Currant Creek,UT
7063,False,15.704550857850565,75.90092758167035,0.0308265625,0.0871109375,0.3184484375,McIntosh (AL),AL
55247,True,182.88014454960268,,,,,"Darby Power, LLC",OH
55294,False,23.74030203251522,90.72875626811859,0.0781734375,0.05016875,0.366125,Westbrook Energy Center Power Plant,ME
1904,False,10.81429674839951,19.195802406038922,0.1051765625,0.052353125,0.078590625,Black Dog,MN
55391,False,137.86430083405963,149.2342371988176,0.0532015625,0.03565,0.078053125,RockGen Energy Center,WI
55985,False,13.738093954178035,13.928867030713858,0.582521875,0.062390625,0.005890625,Palomar Energy,CA
56807,True,43.833676126517766,,,,,Bear Garden,VA
6061,False,42.56081314045088,122.77307325505375,0.068415625,0.03996875,0.4271140625,R D Morrow,MS
55970,False,177.16216463266832,177.35537015280295,0.0604015625,0.092228125,0.0018046875,Cosumnes,CA
55710,True,7.075978428959841,,,,,Allegheny Energy Units 3 4 & 5,PA
55404,False,82.19643910735249,86.80070734797116,0.002975,0.0,0.0207078125,Carville Energy LLC,LA
55283,False,140.21195639886113,141.37813935852273,0.115253125,0.1271296875,0.0338234375,Front Range Power Plant,CO
55457,False,112.519628502153,133.12173080025107,0.0154328125,0.0008328125,0.101821875,McClain Energy Facility,OK
55545,False,132.73497226803912,136.41908184441942,0.0013546875,0.002684375,0.0174984375,Hidalgo Energy Center,TX
55220,False,51.872902220609305,142.63745015882478,0.1363515625,0.036425,0.5304296875,Attala,MS
56349,False,151.07768195477848,151.08115687420536,0.0006296875,0.0,1.5625e-05,Quail Run Energy Center,TX
55068,False,15.494665724466893,108.07312160351478,0.0913203125,0.062475,0.5116625,Maine Independence Station,ME
404,False,0.9802747703234156,0.9816647380941684,0.0362609375,0.0056390625,0.0001296875,Scattergood,CA
399,False,1.773251383537891,1.8229427313423037,0.0918953125,0.010990625,0.0040140625,Harbor,CA
7837,True,42.175097084066984,,,,,Louisa Generation Facility,VA
59326,True,72.94446613327914,,,,,Middletown Energy Center,OH
59325,False,46.129207899916025,108.42130853008835,0.2838109375,0.0823796875,0.5246734375,Kings Mountain Energy Center,NC
55414,False,25.694249226250975,51.823558364747576,0.0008984375,0.1752828125,0.1660953125,Shady Hills Generating Station,FL
676,False,32.876560189673405,38.43851622434075,0.0036,0.114228125,0.03575,C D McIntosh Jr,FL
55438,True,25.285251209706963,,,,,MRP Elgin LLC,IL
7917,False,44.33962439507179,130.6854647900641,0.3002421875,0.0293046875,0.64976875,Chattahoochee Energy Facility,GA
57901,False,0.9847921655783622,0.9861821333491151,0.036834375,0.00520625,0.0001296875,El Segundo Energy Center LLC,CA
55077,False,108.61729398576449,108.61729398576449,0.2768296875,0.455303125,4.375e-05,Desert Star Energy Center,NV
7925,False,196.79337444289555,198.86894381657217,0.008909375,0.022825,0.0109875,Lakefield Junction,MN
56806,False,42.87112344527145,49.511694470042976,0.00385,0.00270625,0.0302109375,Cedar Bayou 4,TX
55098,False,67.21328152252264,70.13012888944739,0.01123125,0.0572796875,0.0335546875,Frontera Energy Center,TX
56196,False,0.7332079990721045,3.082948515529721,0.0536109375,0.0229921875,0.0174390625,Zeltmann,NY
50625,False,39.580027256071496,48.383735624077076,0.001046875,0.0646734375,0.0399984375,ExxonMobil Beaumont Refinery,TX
58562,False,165.0965493986486,165.0965493986486,0.05644375,0.0,0.0,Montana Power Station,TX
2963,False,126.90197251807496,163.36082714492102,0.0577234375,0.01431875,0.2136390625,Northeastern,OK
61035,True,38.48925004797323,,,,,Birdsboro Power,PA
61322,True,4.283880669460145,,,,,Long Ridge Energy Generation,OH
55065,False,200.90976399598,200.90976399598,0.0002546875,0.0,0.0,Mustang Station,TX
55042,False,1.891051152109191,17.502821661262008,0.0807140625,0.0263125,0.1099921875,Bridgeport Energy Project,CT
55276,True,6.322963389154509,,,,,Ceredo Generating Station,WV
55313,False,69.42055034247808,78.96163661286803,0.0012796875,0.0530640625,0.042903125,Ingleside Cogeneration,TX
3236,False,8.299497559164998,37.77063671049403,0.0730765625,0.0478140625,0.180340625,Manchester Street,RI
2393,True,48.565473910103,,,,,Gilbert,NJ
55088,False,0.9837496897502976,3.516270968061908,0.007871875,0.0041046875,0.0122078125,Dearborn Industrial Generation,MI
6761,False,157.36311621412267,157.3686760852057,0.1283703125,0.17435625,3.75e-05,Rawhide,CO
7604,False,188.2037211115859,193.59853352182023,0.0123890625,0.020878125,0.03390625,St Francis Energy Facility,MO
55103,False,91.87339472733352,107.20439174679427,0.310590625,0.06934375,0.2137984375,Klamath Cogeneration Plant,OR
55224,False,165.5941578605781,186.01730180819175,0.035634375,0.01598125,0.116846875,Wheatland Generating Facility,IN
57515,False,7.73308569258323,7.870692501887758,0.2777453125,0.0041921875,0.014015625,Walnut Creek Energy Park,CA
58503,False,199.94721131473366,199.96215346826926,0.0683140625,0.0,7.03125e-05,Carty Generating Station,OR
54676,False,11.522832819540753,19.311169731011407,0.002609375,0.1919734375,0.036890625,Oyster Creek Unit VIII,TX
55141,False,35.932404333673446,128.6536794011662,0.28379375,0.0306171875,0.670934375,Hawk Road Facility,GA
55128,False,62.93426574026012,150.0320786992297,0.1079296875,0.00048125,0.474315625,Walton County Energy Facility,GA
55117,False,39.43998800316815,57.75281338283636,0.0014578125,0.00745625,0.086353125,RS Cogen,LA
64383,False,101.64104574435616,113.18959296765584,0.014534375,0.030125,0.0567578125,Braes Bayou Plant,TX
66604,False,70.59681056847765,83.41092344704775,0.0031765625,0.013234375,0.05865,Remy Jade Power Station,TX
63335,False,18.606108579297047,22.387168407687362,0.0078046875,0.0020984375,0.017265625,HO Clarke Generating,TX
65372,False,142.2065601498914,155.60341701634962,0.0009328125,0.02510625,0.067871875,Mark One Power Station,TX
65373,False,162.85140395694012,173.07913430608195,0.00308125,0.0008828125,0.04684375,Brotman Power Station,TX
56227,False,11.584686385339252,30.609175263632892,0.596665625,0.184028125,0.5886578125,Port Westward,OR
55237,False,168.6069130036848,197.04183118191762,0.037340625,0.0002390625,0.1620109375,Shelby Energy County,IL
2079,False,32.13952977923173,43.96398560502584,0.166978125,0.002434375,0.1073578125,Hawthorn,MO
56326,False,200.81802612311031,200.81802612311031,0.0002609375,0.0,0.0,Mustang Station Unit 4,TX
50949,False,105.19032844697345,110.56672378424531,0.01246875,0.0191046875,0.0250546875,Hardee Power Station,FL
55086,False,80.284538438682,88.03708368005577,0.0013578125,0.03273125,0.0348859375,Gregory Power Plant,TX
7843,False,202.03285795474827,206.53600604004464,0.0009546875,0.0061484375,0.0211140625,Pleasant Valley (MN),MN
55176,False,53.606887014623425,109.82274353494986,0.028625,0.0,0.2672625,Eastman Cogeneration Facility,TX
147,False,43.519543410327636,43.519543410327636,0.0624625,0.0004984375,0.0,Kyrene,AZ
2953,False,83.44080775411894,92.17189030610268,0.005659375,0.0495390625,0.045603125,Mustang,OK
55081,False,131.012107216191,151.8310444865265,0.0129203125,0.09143125,0.1074703125,Brownsville Peaking Power,TN
55417,False,161.50139775959647,198.903693010841,0.00795625,0.0006609375,0.175453125,Raccoon Creek Energy Center,IL
1571,True,32.98706262744825,,,,,Chalk Point Power,MD
59926,False,55.96739978130438,150.06370046601432,0.169253125,0.012646875,0.57005625,Alpine Power Plant,MI
2070,False,58.13540201173606,141.13941239389592,0.0999453125,0.0269703125,0.45725625,Moselle,MS
3006,False,161.39854014456077,183.7954383266434,0.082478125,0.0358546875,0.141621875,Anadarko Plant,OK
52088,False,29.12225724087008,34.47537061798182,0.0019796875,0.0591671875,0.0244828125,Texas City Power Plant,TX
3494,False,198.00334138733587,198.00334138733587,0.000325,0.038509375,0.0,Permian Basin,TX
3797,True,27.362905535039715,,,,,Chesterfield,VA
56998,False,137.24298524053313,137.25132504715765,0.0288421875,0.1209890625,6.25e-05,Pueblo Airport Generating Station,CO
2880,True,163.68121471607955,,,,,Richland (OH),OH
10725,False,31.341340786876934,85.87116640128022,0.265728125,0.070221875,0.4726796875,Selkirk Cogen,NY
3464,False,14.289911159166898,29.355076842471174,0.012896875,0.0333515625,0.0769609375,Greens Bayou,TX
56803,False,165.5854705620109,165.5854705620109,0.2026578125,0.1739140625,0.0006046875,Panoche Energy Center,CA
10308,True,8.69146847051729,,,,,Sayreville Cogeneration Facility,NJ
55079,False,11.446384592149348,74.30837200833032,0.332971875,0.1286578125,0.5920921875,Millennium Power,MA
60264,False,27.879278561874383,34.8381522061483,0.0005578125,0.024975,0.031684375,Bacliff,TX
2869,True,43.0817035625405,,,,,West Lorain,OH
56445,False,163.2607494654268,163.43970781591125,0.00855,0.0080484375,0.0008140625,Spindle Hill Energy Center,CO
52120,False,29.37696883486053,41.438414165568,0.00323125,0.1321515625,0.0584328125,Freeport Energy,TX
55223,False,170.70228941809467,186.7487723475504,0.0055640625,0.00020625,0.0733296875,Ennis Power Company LLC,TX
55433,False,137.2673096765213,150.90532595120516,0.0004359375,0.0,0.0613421875,Bayou Cove Peaking Power,LA
56400,False,58.11524747906015,60.85417897132855,0.00215,0.0628578125,0.0187234375,Treasure Coast Energy Center,FL
55244,False,60.6818229677552,145.71518629521418,0.107565625,0.00048125,0.4622984375,Doyle Energy Facility,GA
7929,False,149.44933471134158,176.57351328175451,0.028009375,0.0025375,0.14025,West Gardner,KS
7237,False,147.71187499790057,151.33586846819583,0.053053125,0.0058546875,0.024903125,Angus Anson,SD
50216,False,2.0852991480718956,2.1266506892517913,0.068815625,0.010215625,0.00294375,Watson Cogeneration,CA
7948,False,91.50088336477177,140.70504746553567,0.257853125,0.0174921875,0.4347703125,Lawrence County Station,IN
55486,False,30.37566067814642,102.49274849588495,0.0212296875,0.189865625,0.3976453125,Washington Parish Energy Center,LA
10633,True,36.20900792005325,,,,,Hopewell Cogeneration,VA
55645,False,136.51394714477328,136.52888929830888,0.0134484375,0.0918171875,8.28125e-05,Blue Spruce Energy Center,CO
50707,False,185.14926693535662,185.2795764138647,0.0047703125,0.0061046875,0.000590625,JM Shafer Generating Station,CO
57555,False,11.291750677653098,11.294183121251915,0.5811234375,0.2307296875,0.0007515625,Pio Pico Energy Center,CA
56046,False,2.4863048499340796,2.6638732326477506,0.4465234375,0.102375,0.0126078125,Magnolia Power Project,CA
7764,False,63.33805137766381,150.57138619428179,0.107609375,0.00048125,0.474803125,MPC Generating,GA
10307,False,9.607804723386076,73.65717210773263,0.1449609375,0.1011453125,0.4259,Bellingham Cogeneration Facility,MA
55938,True,8.103164611546164,,,,,NAEA Ocean Peaking Power LLC,NJ
55349,True,12.587200639994713,,,,,Pleasants Energy LLC,WV
10692,False,38.22828359901439,46.01349308300085,0.005303125,0.0152828125,0.0364,ExxonMobil Baytown Turbine,TX
7203,False,126.15660230100876,131.38357610292468,0.0246421875,0.0966796875,0.03036875,South Fond Du Lac,WI
7159,False,134.5634748704644,141.03829223857366,0.0579953125,0.0132546875,0.041840625,Concord,WI
7270,False,146.89978632783826,160.27475120190712,0.0074109375,0.0286296875,0.0726,Paris (WI),WI
56799,False,11.271248653034494,40.35528178020887,0.0017703125,0.0657484375,0.1522734375,Greenland Energy Center,FL
50043,False,20.729631841064645,26.050428467506382,0.0080890625,0.0157578125,0.0252328125,Houston Chemical Complex Battleground,TX
60387,True,173.6438087129503,,,,,Invenergy Nelson Expansion LLC,IL
55202,False,129.7302094396142,181.80604695475344,0.0358421875,0.0019796875,0.2586515625,Pinckneyville,IL
6223,False,157.07469790169148,200.8826596244503,0.0283078125,0.00046875,0.2185890625,Empire Energy Center,MO
3443,False,144.65637834584322,159.06096184609723,0.004446875,0.0003125,0.0658046875,Victoria,TX
1240,False,172.91824553661732,178.41452559411658,0.0016328125,0.0,0.024840625,Gordon Evans Energy Center,KS
55109,True,28.113488131246232,,,,,MRP Rocky Road LLC,IL
7960,False,27.272210137998098,128.67522390161284,0.2303171875,0.0225578125,0.6604421875,Kemper County,MS
55135,False,83.56555736154401,87.15063173425818,0.008334375,0.0144765625,0.0170921875,Alliant Energy Neenah,WI
666,False,5.175892486340757,21.16712419690909,0.0049234375,0.0332203125,0.0790953125,J D Kennedy,FL
7212,True,24.749071142139066,,,,,Darbytown,VA
7032,True,23.838989744238667,,,,,Gravel Neck,VA
3482,False,170.37773194362387,170.92051435810285,0.0252296875,0.003753125,0.00291875,Jones,TX
57943,False,182.39782573315145,182.71543336876846,0.106315625,0.0272859375,0.0038640625,Lonesome Creek Station,ND
57349,True,58.9884947310356,,,,,Garrison Energy Center LLC,DE
2493,False,0.8169535572599611,1.778811254620902,0.03190625,0.0506109375,0.0079171875,East River,NY
54538,False,67.02355092181487,128.3968828555196,0.186609375,0.0083015625,0.4235,Hartwell Energy Facility,GA
10761,False,32.62462853122446,32.63157837007822,0.0666140625,0.1815,4.375e-05,Las Vegas Generating Station,NV
55165,False,57.78269768990754,66.75320219040346,0.0016671875,0.010825,0.04046875,Calcasieu,LA
58471,False,212.57437352813753,212.57437352813753,4.84375e-05,0.0,0.0,Ector County Energy Center,TX
55718,False,39.92856167458776,69.07514335144602,0.0056484375,0.0012390625,0.1330890625,Dean,MI
8063,False,121.60341537596527,148.27689689671158,0.089740625,0.0,0.163565625,DeCordova Steam Electric Station,TX
55253,True,103.8017506439914,,,,,Crete Energy Venture LLC,IL
55250,True,113.81681592420806,,,,,University Park South,IL
55284,True,9.120273527794529,,,,,Big Sandy Peaker Plant,WV
2499,False,2.4623279058885936,4.456584164976181,0.034453125,0.0586265625,0.0203234375,Narrows Gas Turbines Generating,NY
56151,False,146.03696383414345,179.41564988100131,0.0362046875,0.0006,0.175415625,South Harper,MO
55517,False,10.469237249310126,60.205411514329676,0.2786859375,0.056965625,0.430475,Wallingford Energy,CT
61144,False,178.1045627812387,180.3052292542831,0.025165625,0.06545625,0.0110625,Astoria Station,SD
56234,False,6.4174811975657,42.873555888870264,0.0124046875,0.0706828125,0.211003125,Caithness Long Island Energy Center,NY
56241,False,153.63383268519289,166.82462682963703,0.1506734375,0.0090453125,0.1495875,Cannon Falls Energy Center,MN
56166,False,135.10486731717265,149.2422295134994,0.042940625,0.014275,0.083234375,Sheboygan Falls,WI
55651,False,180.72152460162357,194.69904050431376,0.003434375,0.0001390625,0.06436875,Spring Creek Energy Center,OK
55972,False,161.45830875870314,170.71653658774488,0.10574375,0.0303328125,0.0828375,Cass County,NE
56292,False,64.54106848325037,132.15674567540594,0.073665625,0.02891875,0.3593890625,Hamlet Generating Facility,NC
56249,False,41.680268557678986,130.3994789212317,0.258009375,0.0273359375,0.605259375,Anson County Generation Facility,NC
683,False,3.9301338718035557,12.372450619413405,0.0018125,0.180934375,0.0443,Indian River Plant,FL
7759,False,44.05294354235402,60.58383023991713,0.0248859375,0.004559375,0.090009375,Georgetown,IN
7972,False,68.30197377896476,116.87022762460927,0.0149859375,0.00274375,0.2233421875,Sumpter,MI
3096,True,1.5035976360118466,,,,,Brunot Island,PA
55933,False,108.43625068362394,108.44424299830577,0.3451453125,0.0014796875,0.0115625,Tracy Combined Cycle Power Plant,CA
2292,False,66.38486073115396,68.70124202111352,0.1169,0.03740625,0.0328765625,Sarpy County,NE
56164,False,136.56155354092158,152.69004456885173,0.08071875,0.0269359375,0.1194734375,Faribault Energy Park,MN
564,False,27.482790255267147,45.04260059513002,0.0044671875,0.0856578125,0.0950921875,Stanton Energy Center,FL
1556,True,17.386759352404148,,,,,Perryman,MD
8027,False,35.4712825257262,46.31928599256647,0.1082046875,0.0703,0.099134375,Blue Lake,MN
990,False,25.62023344245839,34.85066191608507,0.018753125,0.0022453125,0.0453515625,Harding Street,IN
1572,True,82.11825342024765,,,,,Dickerson Power,MD
56610,False,186.99201670743216,188.30310380719473,0.0597328125,0.03509375,0.006996875,Deer Creek Station,SD
50152,False,20.23932070993159,21.529558293132883,0.0002890625,0.0063515625,0.0058015625,Dow St Charles Operations,LA
55040,False,41.194822313743565,97.9673609262565,0.062553125,0.120196875,0.3492578125,Mid-Georgia Cogeneration Facility,GA
54914,False,0.9076489543015815,2.0307429130698478,0.030778125,0.0742640625,0.011421875,Brooklyn Navy Yard Cogeneration,NY
141,False,27.630126838966945,27.630126838966945,0.0141140625,0.0013765625,0.0,Agua Fria,AZ
7848,False,159.8358688782919,194.8988483713595,0.042990625,0.000275,0.1870203125,Holden,MO
2494,False,1.946302370996615,3.6719473583862223,0.0342140625,0.072840625,0.020459375,Gowanus Gas Turbines Generating,NY
55700,False,15.876906861423913,35.652325827866754,0.569815625,0.012709375,0.487103125,Mint Farm Generating Station,WA
57028,False,136.9844512351731,136.9851462190585,0.1578734375,0.24470625,3.125e-05,Langley Gulch Power Plant,ID
10298,False,18.954990489756,24.791812651089717,0.0027984375,0.004396875,0.02653125,Bayou Cogen Plant,TX
55818,False,29.476699022412046,78.48626763527056,0.0842953125,0.0074515625,0.2609140625,Frederickson Power LP,WA
7721,False,25.826991148357866,54.77133251457159,0.008315625,0.0120484375,0.1346609375,Theodore Cogen Facility,AL
3250,False,82.27045489114508,135.02702912201048,0.017028125,0.1013546875,0.3048140625,Darlington County,SC
55238,True,101.15490451653538,,,,,NRG Rockford I,IL
7754,False,170.5181186884699,185.8595404662113,0.071425,0.000375,0.096915625,Nodaway,MO
55296,True,3.1531418879527378,,,,,Calumet Energy Team LLC,IL
6046,False,11.357426654821168,36.20275306508487,0.0027390625,0.2891328125,0.2074078125,DeBary,FL
58933,True,14.364621926844862,,,,,Shell Chemical Appalachia LLC,PA
55395,False,176.65378392051548,176.75455658389507,0.00315625,0.0255484375,0.0005171875,Crossroads Energy Center,MS
55748,False,7.526675478626438,7.772699774049685,0.233684375,0.1579671875,0.0625796875,Los Esteros Critical Energy Center,CA
55051,False,82.66868065746576,83.95822325678168,0.00190625,4.0625e-05,0.0058328125,Westlake Plaquemine,LA
1016,False,53.73094163816312,98.97890997142186,0.03396875,0.0398,0.238096875,Butler-Warner Generation Plant,NC
55482,False,136.08722703915217,145.91568914614527,0.2750796875,0.0321875,0.0968640625,Goldendale Generating Station,WA
1391,False,39.48377198794687,45.53082677460694,0.004196875,0.002559375,0.0277375,Louisiana 1,LA
55179,False,50.40648622246509,76.40826581799513,0.39005,0.0681375,0.42849375,Rathdrum Power LLC,ID
56078,False,177.31853600687802,177.31853600687802,0.0008703125,0.006059375,0.0,Walnut Energy Center,CA
50489,False,37.732412596798326,58.93220103632011,0.0010265625,0.0074078125,0.099328125,PPG Powerhouse C,LA
54844,True,42.69807245781273,,,,,Gordonsville Energy LP,VA
50134,False,67.87421119751559,67.87421119751559,0.3276046875,0.0182609375,3.125e-06,Sycamore Cogeneration,CA
10496,False,67.82243489805505,67.82243489805505,0.324890625,0.018115625,3.125e-06,Kern River Cogeneration,CA
55127,False,187.60742493793296,187.87082383049062,0.003184375,0.0508421875,0.0012625,Manchief Electric Generating Station,CO
7350,False,156.91728405165372,156.9412609956992,0.0423265625,0.0727484375,0.0001140625,Coyote Springs,OR
55233,True,23.868874051309852,,,,,Handsome Lake Energy LLC,PA
2511,False,2.1037162210343703,2.8640285916361545,0.0024296875,0.03679375,0.005334375,E F Barrett,NY
55048,False,12.408589781452978,51.75892486340757,0.037509375,0.13465625,0.2656765625,Tiverton Power Plant,RI
8059,False,180.35040320683257,188.34271788866118,0.004246875,8.4375e-05,0.03658125,Comanche (OK),OK
55041,False,24.65351085789981,63.41449960505522,0.12375625,0.050434375,0.2682234375,Berkshire Power,MA
57978,False,153.70541602538668,153.70541602538668,0.0013125,0.05006875,0.0,Lodi Energy Center,CA
54832,True,30.08272497046027,,,,,Brandywine Power Facility,MD
7931,False,156.8908746640094,156.9148516080549,0.0423375,0.07286875,0.0001140625,Coyote Springs II,OR
55210,False,36.13012724906304,36.13012724906304,0.006828125,0.8243796875,0.0,Afton Generating Station,NM
54574,False,48.24126392757491,95.81013094604815,0.0405203125,0.024115625,0.2524953125,Saranac Facility,NY
54537,False,37.57082884344832,53.584300038348694,0.023734375,0.139034375,0.0886765625,Ferndale Generating Station,WA
55285,True,28.859553332197798,,,,,Wolf Hills Energy,VA
6074,False,113.8362754729986,145.42364055529876,0.07213125,0.025371875,0.19985625,Greenwood (MO),MO
1239,False,135.96386739949787,179.32773441950118,0.0669609375,0.00035,0.246446875,Riverton,KS
55010,False,96.71986485200587,111.61719192699174,0.11369375,0.038,0.136075,LSP-Cottage Grove LP,MN
55011,False,134.6399230978558,145.53935537221395,0.05105,0.11009375,0.1034421875,Whitewater Generating Station,WI
1007,False,148.54411820063882,160.4637868187295,0.011959375,0.0045765625,0.059840625,Noblesville,IN
54817,False,154.38406778945674,170.93893143106533,0.0047125,0.0,0.0761453125,Johnson County,TX
1913,False,75.03671512020479,90.09249852105648,0.1062015625,0.0369296875,0.1182734375,Inver Hills,MN
55241,False,5.21203164838033,25.926026352024003,0.0148578125,0.2349921875,0.11021875,Hog Bayou Energy Center,AL
7699,False,95.95920498946138,101.96456074299888,0.01785,0.0534171875,0.0283328125,Tiger Bay,FL
389,False,183.63107463775188,183.64080441214713,0.0073296875,0.00390625,5.78125e-05,El Centro Hybrid,CA
55100,False,7.240342117851361,53.90017021425227,0.65111875,0.0403328125,0.8124640625,Rumford Power LLC,ME
55242,False,14.029987186036124,44.40008799309953,0.00905625,0.0922828125,0.14136875,Santa Rosa Energy Center,FL
7953,False,48.487983206883534,48.487983206883534,0.0835515625,0.72805625,0.0010484375,Evander Andrews Power Complex,ID
689,False,15.955787532414135,61.52205848517527,9.375e-06,0.543909375,0.3250234375,S O Purdom,FL
55204,False,155.73685392234188,201.94390001742008,0.0153234375,0.002684375,0.2234765625,Kinmundy,IL
55201,False,205.96611925403602,207.47944666444312,0.0001296875,0.001925,0.0068640625,Gibson City Energy Center LLC,IL
2500,False,0.6737868768724221,1.830587554081444,0.0424328125,0.0396984375,0.0092875,Ravenswood,NY
50109,False,132.88682624699385,175.57725388206742,0.002246875,0.050140625,0.214565625,Paris Energy Center,TX
1464,False,82.05153496725151,106.66925415505445,0.0259046875,0.0190171875,0.1295125,Big Cajun 1,LA
422,False,2.7677733235115225,2.9759209971817553,0.351228125,0.112653125,0.03765625,Glenarm,CA
6063,False,155.3883195038256,156.8644652763651,0.00541875,0.0050609375,0.00755625,Electrifarm,IA
3439,False,78.03279065006247,78.70796749470564,0.0133890625,0.00331875,0.0032578125,Laredo,TX
59882,False,9.39235971891939,70.9929513831422,0.1318375,0.1183921875,0.412178125,Exelon West Medway II LLC,MA
6373,False,128.4587364213181,138.1812134857913,0.0215609375,0.0444765625,0.0534484375,Rokeby,NE
63259,False,82.93763942110643,103.78229109520086,0.0113203125,0.0125859375,0.099375,Delta Energy Park,MI
10726,False,10.264564495066775,46.967010973737274,0.1807140625,0.0935375,0.3198828125,Masspower,MA
56152,False,25.011775050811348,36.68993676873372,0.0031953125,0.1427140625,0.056709375,Freeport Energy Center,TX
6085,False,163.4358854045417,183.02470119776095,0.002084375,0.0783,0.1218234375,R M Schahfer,IN
55232,False,75.9818932043167,129.27221505915116,0.100053125,0.0547578125,0.3273703125,Marshall Energy Facility,KY
6034,False,42.9520890679178,76.04166181845908,0.0055828125,0.0012390625,0.150890625,Belle River,MI
6035,False,132.61647751558243,178.39228610978455,0.02391875,0.0430875,0.2507953125,Greenwood (MI),MI
54324,False,12.28627261762673,99.31111226863177,0.1799546875,0.1563875,0.6263578125,Ocean State Power II,RI
51030,False,12.23797123759307,99.15752082996359,0.18004375,0.1555796875,0.6250921875,Ocean State Power,RI
2454,False,216.53230675535613,216.53230675535613,2.8125e-05,0.0005609375,0.0,Cunningham,NM
341,False,1.8545644981269298,1.8907036601665028,0.0587046875,0.0098078125,0.0027328125,Long Beach Generation LLC,CA
50561,True,11.136769271214161,,,,,Eagle Point Power Generation,NJ
7988,False,40.18779066383316,149.91879632591335,0.1339421875,0.0214125,0.6201265625,Silver Creek,MS
54805,False,9.505989584178433,74.86713905217296,0.150059375,0.1133875,0.4449140625,Milford Power LP,MA
7605,False,29.105925119563736,31.79759770762654,0.2056796875,0.1576515625,0.12661875,River Road Gen Plant,WA
8000,False,189.94291828474036,201.32327940777895,0.008346875,0.0021828125,0.0547359375,Beatrice,NE
55084,False,9.432668784271222,9.950431778876641,0.4053890625,0.117378125,0.07825625,Crockett Cogen Project,CA
492,False,20.23932070993159,22.17902073401713,0.46808125,0.215603125,0.29615,South Plant (CO),CO
3612,False,135.5802362947701,158.31837156457254,0.0181984375,0.0123421875,0.1064171875,V H Braunig,TX
55064,False,169.6848330099036,169.78456319745513,0.1598265625,0.0,0.0005328125,Black Hawk Station,TX
7829,False,29.497896030916024,125.46578831894462,0.2249921875,0.096315625,0.6542359375,Smarr Energy Center,GA
56674,False,145.70406655304814,192.51192621703422,0.031071875,0.0,0.2327921875,Winchester Power Park,TX
55148,False,134.1874885884758,174.53060815069057,0.11044375,0.01910625,0.274021875,Worthington Generation LLC,IN
2399,True,20.965231378207243,,,,,PSEG Burlington Generating Station,NJ
7964,False,122.88774559614086,163.24754477160468,0.2014671875,0.0125953125,0.3605265625,Peno Creek,MO
50292,False,1.6158375335001356,18.435837527379828,0.047278125,0.0219515625,0.103371875,Bethpage Power Plant,NY
120,False,113.09403268341659,113.15136885396015,0.0536375,0.1720546875,0.000259375,Yucca,AZ
3628,False,110.41243736169174,159.65239313255253,0.200403125,0.0383640625,0.3871296875,R W Miller,TX
55229,False,189.2465444315932,204.64356492016472,0.001225,0.0,0.0697953125,Montpelier Electric Generating Station,IN
55365,False,18.80244152691588,24.72127178672401,0.0075484375,0.0130203125,0.027728125,Exelon LaPorte Generating Station,TX
55228,True,183.36628577742346,,,,,Greenville Electric Generating Station,OH
52169,False,33.14100155805912,33.14100155805912,0.47776875,0.6002671875,6.5625e-05,Midway Sunset Cogen,CA
5083,True,22.31454259166553,,,,,Cumberland (NJ),NJ
55075,False,136.98410374323043,145.79823686951664,0.001696875,0.0025,0.0401203125,Pine Bluff Energy Center,AR
52176,False,176.2197664840979,180.0838768867907,0.04125,0.002678125,0.0180734375,C R Wing Cogen Plant,TX
3609,False,72.34990741933963,79.29731382950483,0.022015625,0.01884375,0.03449375,Leon Creek,TX
55453,False,145.54005035609933,145.78225224015299,0.084090625,0.2016734375,0.0082,Fountain Valley Power Facility,CO
50973,False,15.565901572717973,15.587446073164642,0.00043125,0.0978015625,9.6875e-05,Motiva Enterprises Port Arthur Refinery,TX
56505,False,127.88259478034107,159.60478673640426,0.0334671875,0.000290625,0.16831875,Jonesboro City Water & Light Plant,AR
7315,False,145.0278472325769,145.0278472325769,0.005790625,0.0055578125,0.0,Almond Power Plant,CA
54041,False,115.26967973658742,148.68068253411528,0.01411875,0.0023078125,0.1579046875,Lockport Energy Associates LP,NY
55216,True,124.53207746894142,,,,,Morris Cogeneration LLC,IL
55622,False,41.30636722734648,41.357448542921645,0.227721875,0.0092,0.02245625,West Valley Generation Project,UT
56238,False,192.94177375013953,193.17806827116752,0.00043125,0.052459375,0.0011265625,Groton Generation Station,SD
1248,False,166.37358228802773,182.61222826179005,0.0018796875,0.0014109375,0.0732875,Hutchinson Energy Center,KS
1595,False,1.2978824059404315,5.738134449610267,0.1128265625,0.0466859375,0.053096875,Kendall Square Station,MA
10682,False,189.57561930131894,189.8209486128568,0.0038984375,0.0660390625,0.001175,Brush Generation Facility,CO
1366,False,25.263706709260294,52.42437193365548,0.223425,0.0310453125,0.301271875,Paddys Run,KY
7887,False,157.51392771724935,162.1598949909906,0.0192796875,0.0162625,0.0226640625,Terry Bundy Generating Station,NE
3548,False,85.27070032431502,107.34860090300987,0.0401484375,0.0176515625,0.118684375,Decker Creek,TX
56908,False,70.23646142390999,72.67585486158116,0.548453125,0.30296875,0.2763953125,Dave Gates Generating Station,MT
10436,False,38.800950320564546,46.50171926247778,0.005103125,0.0152828125,0.0360140625,ExxonMobil Baytown Refinery,TX
55026,False,13.484424836015648,80.06249108730425,0.0291609375,0.1289125,0.3868609375,Dighton Power Plant,MA
57483,False,102.43610730922677,102.44896451110624,0.359703125,0.1518625,0.0076109375,Mariposa Energy Project,CA
2161,False,80.27689361594287,105.07565610588635,0.1356296875,0.0020203125,0.1859390625,James River Power Station,MO
56143,False,23.611035029835207,23.641266828849083,0.193778125,0.031621875,0.000303125,Riverside Energy Resource Center,CA
55200,False,5.690180561519295,5.752034127317795,0.030134375,0.009378125,0.0004828125,Arapahoe Combustion Turbine Project,CO
4014,False,97.76755305921078,129.2326009776847,0.1256625,0.0106421875,0.2187515625,Wheaton,WI
7551,False,54.23897485837326,54.24244977780015,0.01105625,0.013190625,1.5625e-05,SCA Cogen 2,CA
55029,False,97.44786047193764,108.35632753680565,0.03491875,0.0021828125,0.0620921875,De Pere Energy Center,WI
57842,False,98.99593707661359,150.68293110788468,0.0724765625,0.0209234375,0.29718125,Wabash Valley Power IGCC,IN
2039,False,79.86893807522692,108.15825712947338,0.038990625,0.035796875,0.15990625,Elk River,MN
3631,False,160.3015080814941,197.6252701536911,0.0092421875,0.0003046875,0.1724640625,Sam Rayburn,TX
1068,False,165.01210885657537,170.6779649821065,0.078146875,0.0178640625,0.048534375,Marshalltown,IA
7760,False,131.09654775826422,161.28630024707246,0.075346875,0.0173703125,0.2061484375,Tilton,IL
4076,False,34.98131888653584,54.12986238836917,0.002775,0.0681453125,0.092234375,West Marinette,WI
50243,False,14.955358229414804,107.67211590165259,0.265884375,0.062571875,0.6668328125,Bucksport Generation LLC,ME
7975,False,177.4008915972951,177.4008915972951,0.0104625,0.187928125,0.0,Pyramid,NM
201,False,113.70005863146481,155.91407481311288,0.1974125,0.000128125,0.339959375,Thomas Fitzhugh,AR
118,False,154.56302613994114,154.56337363188385,0.0212578125,0.234171875,1.5625e-06,Saguaro,AZ
52193,True,30.40102758996266,,,,,Delaware City Plant,DE
7307,False,71.47492270765073,74.98146390131737,0.4014296875,0.1307953125,0.0494453125,Redding Power,CA
50304,False,16.189997101785984,22.772536972128577,0.011159375,0.01315625,0.031084375,Shell Deer Park,TX
56013,False,152.57745717942078,154.62001481854202,0.2432703125,0.000565625,0.0212515625,Exira,IA
7763,False,172.19789473942467,192.00424048876675,0.018415625,0.0050515625,0.10343125,Henry County,IN
57881,False,188.8403263505907,188.92476689266394,0.0599203125,0.0508078125,0.0009578125,Pioneer Generation Station,ND
3648,False,23.329914048200454,23.47169076081724,0.2360453125,0.098875,0.0985359375,Gadsby,UT
10213,False,1.0303136100705166,1.0369159569815924,0.0401578125,0.0049390625,0.00038125,El Segundo Cogen,CA
7145,False,92.51208491799443,104.73302905039579,0.07519375,0.046303125,0.0886109375,Pleasant Hill,IA
99,False,31.319796286430265,82.19122672821217,0.0816296875,0.007615625,0.269321875,Frederickson,WA
3285,False,6.278136928547731,25.211235425914374,0.001575,0.0043421875,0.0865890625,Hagood,SC
2790,False,118.57988798263523,119.77873518490952,0.1811140625,0.0069,0.0186828125,R M Heskett,ND
6137,False,122.95203160553817,143.05305052227985,0.0590109375,0.045646875,0.1393,A B Brown,IN
7870,False,25.010732574983283,48.25099370197018,0.2546546875,0.1731640625,0.3028921875,Encogen,WA
7325,False,21.02777992789112,27.960244184520736,0.005059375,0.013959375,0.03234375,San Jacinto Steam Electric Station,TX
50002,False,10.506418887177764,41.44918641579133,0.459503125,0.3868453125,0.6697640625,Pittsfield Generating LP,MA
7552,False,59.93297783126213,59.93610525874632,0.0090390625,0.0854671875,1.40625e-05,SPA Cogen 3,CA
7818,False,153.5337550056987,179.055995720319,0.1300125,7.5e-05,0.2126203125,Alsey,IL
4940,False,70.19128747136051,100.73339679005458,0.0673734375,0.0035109375,0.1732796875,Riverside (OK),OK
56604,False,22.367013875011448,96.49851248451348,0.0026734375,0.0916203125,0.362278125,Hardin County Peaking Facility,TX
2964,False,170.59387193197594,188.30484126690817,0.0608921875,0.0332109375,0.1137890625,Southwestern,OK
10751,True,3.470749523569754,,,,,Camden Plant Holding LLC,NJ
55733,False,48.11755679597791,48.11755679597791,0.09315625,0.7326671875,0.000409375,Bennett Mountain,ID
2047,False,3.2528720755042517,5.950799518535446,0.00190625,0.1249296875,0.0131515625,Chevron Oil,MS
55102,False,52.10502683832502,151.84216422869252,0.119509375,0.0003546875,0.54004375,Livingston Generating Station,MI
56603,False,48.09079991639092,123.1309899560226,0.0038453125,0.1377609375,0.4519328125,San Jacinto County Peaking Facility,TX
7314,False,3.545112799305029,22.36110651198575,0.0252265625,0.0643765625,0.1227171875,Richard M Flynn,NY
7991,False,64.52299890223058,73.14253654061142,0.06138125,0.0490578125,0.0643296875,West Campus Cogeneration Facility,WI
6120,False,31.58180521121717,47.36280429645914,0.0289859375,0.056,0.0864921875,Whitehorn,WA
2038,False,97.69284229153283,131.26403887463994,0.016496875,0.002078125,0.16071875,Cambridge CT Hybrid,MN
7336,True,150.30763980978145,,,,,Anderson,IN
55936,True,101.21467313067775,,,,,NRG Rockford II Energy Center,IL
7456,False,49.57424301972685,86.12657297915605,0.33445,0.0852390625,0.4372859375,Rathdrum,ID
56298,False,128.55151677001584,128.55777162498424,0.0144046875,0.0056421875,0.000203125,Roseville Energy Park,CA
55447,False,90.41392856804308,145.2731765441148,0.1248484375,0.026946875,0.355815625,Columbia Energy Center,MO
7268,False,83.995752386592,106.6939260829853,0.033528125,0.0230734375,0.129459375,491 E 48th Street,MI
55802,False,193.91544617355189,193.91544617355189,0.0243125,0.0054875,0.0,Valencia Energy Facility,NM
2831,True,74.93246753739834,,,,,Dick's Creek,OH
8029,False,58.58088668226234,66.30667504404911,0.0478265625,0.0052765625,0.0552953125,Sycamore (IA),IA
54365,False,90.4514576978534,95.87233200378934,0.0171484375,0.079590625,0.0273140625,Orange Cogeneration Facility,FL
52132,False,23.109604156536133,27.17699734570153,0.0009734375,0.0593625,0.01865,Power Station 4,TX
52109,False,1.7572667541742335,2.5346062299677397,0.2326171875,0.050575,0.0706328125,Richmond Cogen,CA
7825,False,78.79901038368995,142.16729356036763,0.0321328125,0.1126515625,0.32371875,Fulton (AR),AR
55504,False,185.47243444205665,185.47243444205665,0.011,0.115775,3.125e-06,Limon Generating Station,CO
55505,False,155.53218116809853,155.6009845727508,0.00778125,0.0424625,0.000315625,Frank Knutson,CO
56026,False,5.085892073184513,5.202649365927749,0.110571875,0.090359375,0.0145328125,Donald Von Raesfeld Power Plant,CA
56233,False,199.99794513836613,200.87362483394043,0.005921875,0.0,0.003990625,EG178 Facility,TX
57027,False,4.679326500239317,4.738400130496312,0.2911671875,0.0299171875,0.003996875,Canyon Power Plant,CA
55039,False,111.6891227591282,111.68981774301358,0.034234375,0.0217390625,3.125e-06,Rio Bravo,NM
55541,False,65.91539911658221,65.91644159241027,0.448325,0.455615625,0.021346875,Indigo Energy Facility,CA
59093,False,87.58082675930618,107.06574246166167,0.019890625,0.011796875,0.1004734375,Holland Energy Park,MI
7266,False,136.9879261546,136.9879261546,0.008003125,0.0097609375,0.0,Woodland,CA
50458,False,8.96946202466785,64.26828730824013,0.3806171875,0.2160640625,0.6856796875,Indeck Corinth Energy Center,NY
3176,True,18.018499704211298,,,,,Hunlock Power Station,PA
55810,False,74.81536275271242,76.27031151674791,0.52304375,0.049853125,0.2364515625,Gilroy Peaking Energy Center,CA
56312,False,54.90824433999074,54.90824433999074,0.050440625,0.731246875,0.0,Shute Creek Facility,WY
1305,False,192.73466855229736,196.6766171501523,0.0021796875,0.020290625,0.0180890625,McPherson 2,KS
2241,False,158.82258237341313,158.91293027851205,0.001590625,0.0084015625,0.000415625,C W Burdick,NE
1336,False,191.69323520006083,191.83570689656298,0.0049921875,0.0254515625,0.000640625,Garden City,KS
55207,False,77.66027928750071,79.23163785233676,0.2716625,0.053221875,0.153240625,Valmont Combustion Turbine Project,CO
1728,False,0.49969341358563335,1.3340215679800045,0.0055140625,0.00429375,0.004021875,Delray,MI
664,False,17.637996026967716,69.35661182502346,0.0039359375,0.333328125,0.3687390625,John R Kelly,FL
60698,False,6.10265349749019,6.124892981822235,0.026871875,0.018709375,0.0002046875,Stanton Energy Reliability Center Hybrid,CA
7989,False,40.91300634822343,125.73509457452798,0.210353125,0.0373203125,0.5627671875,Sylvarena,MS
10154,False,94.88510739461216,98.9570179790325,0.0002828125,0.1538,0.018590625,Power Island,TX
56177,False,81.53967933567179,81.85311706797656,0.345815625,0.236603125,0.106075,Nebo Power Station,UT
57703,False,158.17728983584112,158.20960658651114,0.040621875,0.071278125,0.0001546875,Cheyenne Prairie Generating Station,WY
56639,False,169.85996894901845,169.85996894901845,0.1837421875,0.154965625,0.000528125,Midway Peaking LLC,CA
54268,False,48.01296172122876,63.928787680233754,0.1220046875,0.139875,0.1635703125,HF Sinclair Puget Sound Refining,WA
50118,False,23.235396239789264,38.591412679123565,0.1845109375,0.06736875,0.19139375,Hal C Weaver Power Plant,TX
7425,False,112.7729501283727,129.36117299647935,0.02691875,0.0253046875,0.0951140625,Interstate,IL
54915,False,49.585362761892874,77.8844115905346,0.0488734375,0.048740625,0.1551328125,Michigan Power LP,MI
3559,False,39.66551027397279,43.231125097896424,0.00210625,0.0343515625,0.0258953125,Silas Ray,TX
54785,True,2.929009584918848,,,,,Grays Ferry Cogeneration,PA
7546,False,170.70854427306304,177.57741750418072,0.0270984375,0.000590625,0.0400078125,Ponca City,OK
10294,False,89.60844224489182,89.73458182008764,0.5480265625,0.00535,0.04988125,King City Power Plant,CA
2444,False,42.160849914416765,42.16397734190096,0.2509,0.0798734375,0.0018828125,Rio Grande,NM
638,False,117.12702417025585,176.0675650132005,0.0082109375,0.11333125,0.3345796875,Suwannee River,FL
50558,False,69.60784849958702,80.18341828335974,0.01266875,0.0306171875,0.059375,Frontier,OK
10034,False,74.4004573731427,75.84741382249636,0.5245359375,0.049853125,0.237690625,Gilroy Power Plant,CA
56041,False,1.2026696136438644,1.210661928325693,0.0906453125,0.00035625,0.00131875,Malburg,CA
1084,False,60.94348440059942,71.58334019376944,0.067246875,0.0032375,0.073909375,River Hills,IA
54426,False,76.80822904402925,83.20138580560678,0.02154375,0.0723,0.031990625,Mulberry Cogeneration Facility,FL
54271,False,13.333960824831657,13.376007349896929,0.2951640625,0.394671875,0.0003125,Saguaro Power,NV
2854,True,66.76710186811098,,,,,Yankee Street,OH
54476,False,54.8474332500203,66.95717996076142,0.2804109375,0.0878046875,0.2127859375,Sumas Power Plant,WA
7527,False,95.74341249305202,95.74341249305202,0.0060734375,0.08313125,0.0,Carson Ice-Gen Project,CA
7697,False,14.228405085311087,68.56259273598091,0.029228125,0.056221875,0.2798296875,Washington County Cogeneration Facility,AL
54466,False,7.268141473266417,12.215731753261025,0.00373125,0.0232,0.02470625,Orlando Cogen LP,FL
58325,False,190.52566227262847,192.29022635759915,0.0085875,0.0016171875,0.0094546875,Charles D. Lamb Energy Center,OK
1730,False,5.584195518999394,22.238441856216813,0.0256625,0.0060078125,0.083071875,Hancock,MI
60468,False,18.213790176002068,21.938208817734207,0.007859375,0.0020984375,0.0170609375,Friendswood Energy,TX
54114,False,2.0470750343761934,3.616001155613422,0.0066078125,0.13045,0.014725,Kennedy International Airport Cogen,NY
7749,False,170.90835214010875,187.89931816979106,0.056478125,0.00881875,0.1264609375,Essex,MO
2951,False,112.35873973268836,182.21330751158402,0.032196875,0.0,0.3344875,Horseshoe Lake,OK
55304,False,106.83083790840445,185.11243278943167,0.003515625,0.0058953125,0.35861875,Baconton Power Plant,GA
56239,False,130.21148578023738,130.21148578023738,0.0042796875,0.0001140625,0.0,Malaga Power LLC,CA
60460,False,50.89992478108234,70.92102055100574,0.0046140625,0.0337734375,0.097375,Chamon Power LLC,TX
56569,False,162.99248568567154,162.99422314538498,0.0022703125,0.158746875,7.8125e-06,Niland Gas Turbine Plant,CA
56135,False,146.54673451406703,146.54673451406703,0.0018484375,0.067371875,0.0,Ripon Generation Station,CA
60459,False,84.08783775140438,87.86646513619587,0.00178125,0.00380625,0.01705,Port Comfort Power LLC,TX
56482,False,83.37652174472163,83.37652174472163,0.1733546875,0.5688953125,8.75e-05,Black Mountain Generating Station,AZ
56032,False,1.4862230388774367,2.366072637763962,0.0025875,0.0491078125,0.00779375,Equus Freeport Power,NY
56556,False,78.04147794862968,118.96977394233139,0.030865625,0.055059375,0.21781875,PPS Power Plant No 1,KY
1682,False,13.661298234843942,85.07123994921199,0.0256484375,0.106796875,0.383878125,Cleary Flood Hybrid,MA
10030,True,81.70369553262063,,,,,Energy Center Dover,DE
56914,False,29.321717615973107,30.1230340358121,0.7429265625,0.11651875,0.023784375,Orange Grove Peaking Facility,CA
7903,False,86.03309764657293,129.8132600139167,0.1473859375,0.0014953125,0.3100859375,McCartney,MO
55043,False,46.76928805834769,114.73349966901952,0.3143609375,0.0,0.5509,Cherokee County Cogen,SC
50463,True,32.69899180695973,,,,,Procter & Gamble Mehoopany Mill,PA
55544,False,91.4115779355009,107.35311829826482,0.30933125,0.07141875,0.2184265625,Klamath Expansion Project,OR
50150,False,132.41562717270864,135.27479087714715,0.0016453125,0.0717671875,0.0147203125,Union Carbide Seadrift Cogen,TX
1660,False,1.8291975863106913,19.951249889443073,0.076759375,0.112965625,0.155496875,Potter Station 2,MA
7515,False,193.69791621742905,199.12539287027607,0.0041671875,0.0083453125,0.025046875,McPherson 3,KS
10342,False,10.53804065396239,10.960243364328555,0.3299453125,0.06138125,0.0666765625,Marathon Bay Area Cogen,CA
7288,True,52.918852968100786,,,,,Sherman Avenue,NJ
1001,False,135.12745429344736,174.98999249892438,0.1089859375,0.0123609375,0.2805265625,Cayuga,IN
675,False,30.436819260059544,35.915377228481724,0.0041046875,0.10579375,0.0341859375,Larsen Memorial,FL
6195,False,97.5079765780227,117.42551974902501,0.067303125,0.0149203125,0.127653125,John Twitty Energy Center,MO
56606,False,176.97625644333013,177.12845791422757,0.1138,0.056640625,0.00225625,Culbertson Generation Station,MT
58063,False,135.17749313319447,145.23842734984595,0.01570625,0.1141015625,0.0692359375,SABIC Innovative Plastics Mt. Vernon,IN
10617,False,73.99771421156707,147.32094656237635,0.1004890625,0.069946875,0.4479109375,CH Resources Beaver Falls,NY
6088,False,118.16915250637777,118.16949999832046,0.158465625,0.107909375,9.375e-06,North Loop,AZ
50541,False,1.9198929833523117,1.956727129277261,0.06181875,0.009953125,0.00283125,Harbor Cogen,CA
2966,False,91.64648248875812,181.1006383110964,0.122815625,0.0,0.515146875,Weleetka,OK
7869,False,1.5821308150593802,18.79479670417674,0.0734734375,0.0267234375,0.107403125,Glenwood Landing,NY
56232,False,16.00339392856242,16.029455824264033,0.3765140625,0.046271875,0.0015578125,Miramar Energy Facility,CA
2517,False,2.4995095437562314,14.182188656933556,0.04645625,0.0264296875,0.0830671875,Port Jefferson,NY
6064,False,39.51122385141923,57.409143851517726,0.24770625,0.00049375,0.1992390625,Nearman Creek,KS
55138,False,19.54815923592476,81.15431077123058,0.22543125,0.0189453125,0.440346875,Walton Discover Power Facility,AL
10621,False,41.57046110378951,70.65345175513582,0.1462578125,0.0350359375,0.21044375,CH Resources Syracuse,NY
10790,False,156.85960038916747,164.73307282659673,0.003525,0.0015296875,0.03611875,Victoria Texas Plant,TX
54592,False,23.900843310037168,65.11026028537364,0.0254328125,0.0819875,0.2358,Massena Energy Facility,NY
7928,False,155.4244586658652,184.12555567219718,0.0627296875,0.004753125,0.1667234375,Osawatomie,KS
50137,False,138.5193231460269,158.43165393788888,0.00410625,0.0871546875,0.1165171875,Newgulf Cogen,TX
56108,False,99.9553623303757,101.79845959439392,0.00164375,0.038759375,0.00853125,T J Labbe Electric Generating,LA
56283,False,84.334557030713,86.47024251047468,0.001365625,0.0604,0.009871875,Hargis-Hebert Electric Generating,LA
8067,False,178.3968035050395,178.53128288685983,0.004890625,0.00586875,0.000609375,Fort Lupton,CO
62548,False,50.3856367059038,70.30804476410376,0.0047546875,0.0339171875,0.097028125,SJRR Power LLC,TX
61966,False,155.93005944247653,163.94079119726763,0.0033421875,0.0002859375,0.0366390625,Victoria Port Power II LLC,TX
61242,False,156.09199068776923,164.02175681991397,0.003321875,5.78125e-05,0.0362640625,"Tres Port Power, LLC",TX
55786,False,1.5008177004703411,10.636728365685839,0.0545515625,0.0445046875,0.0767859375,Edgewood Energy LLC,NY
61241,False,144.36135768650095,158.60366244951956,0.0044984375,0.0003125,0.0650859375,Tres City Power LLC,TX
3325,False,74.91370297249317,80.69666388271021,0.4147140625,0.1899890625,0.3095578125,Ben French,SD
55542,False,11.55445458632538,11.556887029924196,0.5250359375,0.1747734375,0.0006890625,Larkspur Energy Facility,CA
58413,False,178.7297007861348,178.7297007861348,0.0244484375,0.018390625,0.0,Copper Crossing Energy and Research Cent,AZ
7768,False,106.83083790840445,185.11243278943167,0.003515625,0.0058953125,0.35861875,Sowega Power,GA
1383,False,135.7220130073869,177.88877028482935,0.0916171875,0.00038125,0.260178125,Robert A Reid,KY
56018,False,40.07207584691799,102.20120275596955,0.39113125,0.064709375,0.6385375,AMEA Peaking,AL
2446,False,210.3452127157927,210.3452127157927,0.0001078125,0.000425,0.0,Maddox,NM
6243,False,144.80267245371496,172.58743320717815,0.009034375,0.0,0.1283234375,Dansby,TX
57504,False,9.396182130288961,13.313458800213054,0.012340625,0.0028453125,0.0186203125,TECO CHP-1,TX
58427,False,55.16121847426775,73.20334763058185,0.0111484375,0.0183328125,0.0888765625,Lansing BWL REO Town Plant,MI
55807,False,197.28750798539818,197.28820296928356,0.00010625,0.012640625,3.125e-06,Henrietta Peaker,CA
52026,False,13.533768691877373,66.30598006016373,0.0203375,0.1688953125,0.3449265625,Dartmouth Power Associates LP,MA
7698,False,107.81007020289981,148.19176137075297,0.038940625,0.041875,0.2161578125,General Electric Plastic,AL
54349,False,21.774192620785378,21.778710016040325,0.4199484375,0.849746875,2.1875e-05,Nevada Cogen Associates 2 Black Mountain,NV
7962,True,87.50403103997208,,,,,Warren F Sam Beasley Generation Station,DE
56629,False,5.496627549441967,51.25123913514011,0.40904375,0.1224359375,0.5205703125,Waterbury Generation,CT
54350,False,29.084033127174376,29.084033127174376,0.393078125,0.7904390625,0.0,Nevada Cogen Assoc#1 GarnetVly,NV
50752,False,125.12698367482362,125.12698367482362,0.16468125,0.2229,0.0,South Belridge Cogeneration Facility,CA
7913,False,0.7613548464298489,3.5809044694019136,0.058134375,0.0226140625,0.021259375,Hell Gate,NY
7910,False,1.821900255514239,3.5923717035106244,0.0330484375,0.0801609375,0.0213453125,Joseph J Seymour Power Project,NY
7914,False,0.7971465165267336,3.54685025901847,0.057590625,0.0228484375,0.020615625,Harlem River Yard,NY
7909,False,0.6928989337202732,1.7715139238244497,0.0409453125,0.041984375,0.0086625,Vernon Boulevard,NY
6060,False,101.85753322465092,101.86239811184855,0.2017,0.1989359375,2.34375e-05,Coachella,CA
55698,False,189.37164153096094,189.37164153096094,0.0002703125,0.0,0.0,Hanford Energy Park Peaker,CA
4072,False,47.573731905670876,56.78887073381929,0.024840625,0.020271875,0.0505578125,Pulliam,WI
6253,False,75.52667875939515,91.64161760156048,0.0476015625,0.004071875,0.0892578125,Germantown,WI
54076,False,18.796186671947492,46.50449919801928,0.69471875,0.026296875,0.757340625,Indeck Olean Energy Center,NY
6358,False,163.20758319819552,169.5937901209193,0.0079578125,0.0532984375,0.03214375,Hutchinson Plant #2,MN
55655,False,161.92255799413456,184.1307680513375,0.0810109375,0.0358546875,0.1401375,WFEC GenCo LLC,OK
2092,False,144.84749891432173,176.2527782186533,0.0289875,0.0225578125,0.168625,Ralph Green,MO
54034,False,29.525347894388393,72.34816995962618,0.2126328125,0.019746875,0.3355125,Rensselaer Cogen,NY
55738,True,2.3897020898667596,,,,,Buchanan Generation LLC,VA
7967,False,131.9221886140914,131.9221886140914,0.0628390625,0.3808359375,0.0,Lordsburg Generating,NM
55377,True,23.5199921408509,,,,,Gans,PA
55196,True,7.151036688580493,,,,,Springdale 1 & 2,PA
55654,True,131.63550776137365,,,,,Chambersburg,PA
59145,False,9.215833812033784,14.066473840018386,0.0024390625,0.1865171875,0.02228125,Freeport LP Pretreatment Facility,TX
9,False,46.92114203730243,46.92114203730243,0.0807265625,0.0295125,9.53125e-05,Copper,TX
10416,False,27.693022880593507,77.34788403102402,0.0139078125,0.1116265625,0.2324953125,Pensacola Florida Plant,FL
10690,False,39.55605031202601,45.44013137756532,0.003903125,0.0025453125,0.026953125,ExxonMobil Baton Rouge Turbine Generator,LA
124,False,39.966090804398085,39.966090804398085,0.2028046875,0.154053125,0.0028234375,Demoss Petrie,AZ
8037,False,198.04504042045846,207.9687153197481,0.0091234375,0.002246875,0.04671875,Clifton,KS
2098,False,93.36830506477816,107.16026027007287,0.270328125,0.0266515625,0.1772734375,Lake Road (MO),MO
6058,False,118.50934711826952,133.5032769533227,0.1489265625,0.0074015625,0.1464,Cascade Creek,MN
6635,False,10.546727952529595,60.23599080528624,0.2788359375,0.056859375,0.4303546875,A L Pierce,CT
56787,False,73.10952480605603,79.30078874893171,0.0025953125,0.0,0.0278421875,Geismar Cogen,LA
2176,False,110.75853933660919,111.82082220540703,0.371215625,0.1180609375,0.0423484375,Glendive GT,MT
55122,False,10.836536232731556,11.63159779760216,0.000403125,0.0660125,0.0036375,NAFTA Region Olefins Complex Cogen Fac,TX
7799,False,35.25097263406188,54.42523053965414,0.0027828125,0.0681453125,0.0923515625,West Marinette 34,WI
7335,True,143.77687623889938,,,,,Richmond,IN
3576,False,107.02056850911221,131.70048875465633,0.00444375,0.00104375,0.1127171875,Ray Olinger,TX
3338,False,160.84185805237425,162.1633699104175,0.0008375,0.1241703125,0.0062859375,Aberdeen CT,SD
58378,False,106.08477270745288,116.74652049301227,0.0147984375,0.0356078125,0.0535328125,Petra Nova Carbon Capture Cogen,TX
63628,False,59.81656803046158,99.58285096781395,0.0309625,0.0610125,0.2148484375,Tinker,OK
56188,False,1.5532889838162593,10.355259892108396,0.036690625,0.0542078125,0.0643234375,Pinelawn Power LLC,NY
1217,False,197.21731461297517,198.36647046744505,0.0026953125,0.01415625,0.0065671875,Earl F Wisdom,IA
55311,False,28.209048415485487,40.44215476588092,0.003196875,0.1333984375,0.0592046875,BASF Freeport Works,TX
2122,False,157.52157253998848,176.0289934075621,0.0486984375,0.0208609375,0.114471875,Chillicothe,MO
56248,False,79.59963181964356,85.12892361169823,0.002728125,0.0,0.0248671875,Shell Chemical,LA
56253,False,30.801338307939467,30.865971809279472,0.370475,0.6073875,0.008178125,Millcreek Power Generation,UT
54912,False,12.161523010201666,12.893688533445706,0.4014859375,0.031621875,0.107075,Martinez Refining,CA
1104,False,114.95450454456922,135.43672212243987,0.074309375,0.017609375,0.1482203125,Burlington (IA),IA
55101,False,68.43714814467047,102.13934919017105,0.071125,0.0136953125,0.202553125,Kalamazoo River Generating Station,MI
535,False,49.640613980780294,49.647216327691375,0.010359375,0.0013328125,4.21875e-05,McClellan (CA),CA
10319,False,77.8816316549931,83.73791336511735,0.0025578125,0.0,0.0263328125,Geismar,LA
7138,True,5.214811583921835,,,,,Forked River,NJ
8219,False,138.3077005529298,139.37137338949836,0.11458125,0.12986875,0.033609375,Ray D Nixon,CO
58478,False,7.790074371184095,8.388455496493178,0.0002265625,0.0,0.002690625,LEPA Unit No. 1,LA
50978,False,33.489188484632706,66.04327615149145,0.13038125,0.0753375,0.2214109375,Carr Street Generating Station,NY
54637,False,17.642513422222663,19.389355418116253,0.0004484375,0.0583375,0.0079203125,JCO Oxides Olefins Plant,TX
65405,False,152.79915703885584,165.53438924643572,0.1266171875,0.0113328125,0.1377109375,"Flint Hills Resources Pine Bend, LLC",MN
58235,True,39.67801998390957,,,,,Clayville,NJ
1079,False,129.2454581795642,141.41879591581724,0.1230703125,0.0089734375,0.111103125,Coralville GT,IA
899,False,58.80050159004128,71.87453844174216,0.1199484375,0.029809375,0.12119375,Moline,IL
10190,False,40.73648044133783,95.15893104545046,0.2425921875,0.03975,0.4297015625,Castleton Energy Center,NY
1734,False,0.29780059488378846,0.8089612425781324,0.003725,9.6875e-05,0.0023828125,Northeast (MI),MI
151,False,141.18667129810154,141.18667129810154,0.0101375,0.0,0.0,McClure,CA
10567,False,34.841279633632496,76.94062347419344,0.1090609375,0.0730171875,0.285734375,Algonquin Windsor Locks,CT
7863,False,112.30244603797287,141.2905713889653,0.1366125,0.00360625,0.213990625,Elk Mound,WI
10156,False,196.09456814614958,196.09456814614958,0.0008578125,0.0420390625,0.0,Fresno Cogen Partners,CA
52149,True,37.81303072750199,,,,,West Point (PA),PA
55309,False,15.628797614344538,15.650342114791206,0.0003546875,0.1488109375,9.6875e-05,Air Products Port Arthur,TX
7932,False,50.13370504745485,153.44271211671438,0.106396875,8.4375e-05,0.544096875,Gaylord - Wolverine,MI
10350,False,174.29570359743335,174.29570359743335,0.0040625,0.0557859375,6.25e-06,Greenleaf 1,CA
50410,True,23.73821708085909,,,,,Chester Operations,PA
50464,False,63.785273507903526,63.86033176752418,0.102965625,0.02634375,0.0021765625,Oxnard,CA
2434,True,55.68627879966962,,,,,Howard Down,NJ
7784,False,72.71164653167804,141.0400296982871,0.2472640625,0.056071875,0.5282296875,Allegany Cogen,NY
55977,False,102.75197748513035,102.75475742067185,0.2136765625,0.2405109375,9.0625e-05,Bluffview,NM
55558,False,110.34502392481023,115.80585980415532,0.0256359375,0.003003125,0.033325,Combined Locks Energy Center,WI
54593,False,131.01558213561788,159.22324058333263,0.0354203125,0.00260625,0.1435234375,Batavia Power Plant,NY
56489,False,50.88984751474438,78.86781378834222,0.5967421875,0.0,0.63368125,Elkins Generating Center,AR
54131,False,48.866054440528295,61.43553299144591,0.0051890625,0.01541875,0.057265625,World Generation X,NY
66600,False,8.206717210467248,71.32897609172169,0.0013421875,0.108134375,0.3422734375,Bushy Park Combustion Turbine Facility,SC
63559,False,3.8189364501433314,25.623013377999893,0.1338890625,0.1081171875,0.1961671875,MMWEC Simple Cycle Gas Turbine,MA
1678,False,3.804341788550427,25.441275091973964,0.1337578125,0.1076953125,0.1950203125,Waters River,MA
7231,False,5.5560486716416495,5.668636061072626,0.1108109375,0.1306515625,0.0177609375,Gianera,CA
50744,False,96.98222126873546,144.00934834855778,0.1433921875,0.0110515625,0.294040625,Sterling Power Plant,NY
10620,False,72.03160479983723,145.3583120700734,0.0704359375,0.04216875,0.404046875,Carthage Energy LLC,NY
54694,False,140.1330757278709,140.18207209178993,0.0498703125,0.0960484375,0.000221875,Yuma Cogeneration Associates,AZ
1206,False,175.92717826835445,179.85209976101768,0.0949796875,0.032384375,0.0414453125,Summit Lake,IA
54091,False,83.94432357907415,135.5712015042602,0.011640625,0.06340625,0.2409109375,Mansfield Mill,LA
64854,False,127.96182294327397,150.47200349867296,0.04285625,0.003171875,0.1323171875,Primient,IN
6210,False,48.535589603031816,57.8396863685084,0.294840625,0.057646875,0.1694296875,Northeast (WA),WA
57564,False,177.26814967518823,177.26814967518823,0.0226171875,5e-05,0.0,Algonquin Power Sanger LLC,CA
63632,False,50.29911121217444,69.73989543780854,0.47081875,0.0376109375,0.3484125,Primient Loudon Plant,TN
55699,False,2.257655151645243,3.046114369604772,0.004328125,0.12729375,0.0109171875,Bayswater Peaking Facility LLC,NY
55951,False,18.646765136591565,18.6575373868149,0.209553125,0.02249375,0.0001359375,Agua Mansa Power Plant,CA
55836,False,126.29559907808404,132.75165188128813,0.025540625,0.0058796875,0.0377921875,Island Street Peaking Plant,WI
50279,True,21.522260962336432,,,,,Archbald Power Station,PA
7987,False,2.469625236685046,2.6478886032840934,0.44451875,0.09928125,0.0126328125,Lake One,CA
2679,False,1.486918022762813,2.3719800007896614,0.0025890625,0.0491625,0.007825,Plant No 2 Freeport,NY
7984,False,57.858450933413565,152.79915703885584,0.0771890625,0.00691875,0.4879328125,Kalkaska CT #1,MI
55510,False,11.454029414888488,11.455419382659242,0.5247265625,0.1669640625,0.0006734375,Border Hybrid Energy Center,CA
55508,False,168.33760674810145,168.33760674810145,0.1904140625,0.161503125,0.0005765625,CalPeak Power Panoche Peaker Plant,CA
57001,False,13.266547387950146,13.292261791709073,0.5661765625,0.1131984375,0.0007296875,El Cajon Energy Center,CA
55499,False,143.29316745467742,143.33312902808655,0.1784546875,0.004853125,0.001896875,CalPeak Power Vaca Dixon Peaker Plant,CA
58122,False,190.09164483621092,190.09164483621092,0.0002796875,0.046275,0.0,Delano Energy Center,CA
56480,False,133.7451313454337,161.84541478285777,0.00454375,0.0390875,0.1340203125,Marshfield Utilities Gas Plant,WI
50127,False,162.34684565615686,165.96041436817146,0.0056078125,0.0006734375,0.0167515625,Signal Hill Generating LLC,TX
3110,True,120.1324819825661,,,,,Hunterstown,PA
1268,False,165.51909960095745,196.6797445776365,0.011821875,0.0088296875,0.148084375,Chanute 2,KS
50451,False,7.581926697513863,12.7171626265601,0.0049734375,0.01325,0.0234296875,Indeck Yerkes Energy Center,NY
1404,False,48.14327119973684,107.61095731973947,0.0211796875,0.0867578125,0.2975125,Sterlington,LA
477,False,76.90761173963807,78.50364223240499,0.2758640625,0.0536109375,0.1563171875,Valmont,CO
55513,False,13.942419216478697,14.137362196326778,0.5848359375,0.06231875,0.0060203125,CalPeak Power Enterprise Peaker Plant,CA
8076,False,8.752279560487723,9.634909094915756,0.3829578125,0.1817765625,0.131115625,Ellwood,CA
3991,False,79.07839390561126,92.81614036784661,0.093840625,0.0384265625,0.1092390625,Fitchburg,WI
50450,False,19.57283116385562,71.37901493146879,0.0427609375,0.0040140625,0.26356875,Indeck Oswego Energy Center,NY
377,False,2.015453267591567,2.2079638038408307,0.4247015625,0.078465625,0.0118890625,Grayson,CA
56051,False,1.8698541436052107,1.895916039306826,0.0444,0.0114421875,0.00155625,THUMS,CA
55874,False,170.31587837782538,170.31587837782538,0.1816625,0.152365625,0.0004875,Wellhead Power Panoche,CA
50449,False,102.4708565034956,145.9111717508903,0.155978125,0.1063171875,0.339203125,Indeck Silver Springs Energy Center,NY
10169,False,1.6293897192649756,1.6537141552531496,0.035028125,0.0013578125,0.0017109375,Carson Cogeneration,CA
2059,False,176.5554437007347,176.65656385605698,0.0031296875,0.0260015625,0.000521875,L L Wilkins,MS
7450,False,1.692633252834228,2.236805635083951,0.2029109375,0.01370625,0.067521875,Alameda,CA
7345,False,20.4158466168172,76.35336209105039,0.00635,0.29828125,0.3690890625,University of Florida,FL
126,False,85.90487311972097,85.91738282965775,0.032925,0.01845625,5.9375e-05,H Wilson Sundt Generating Station,AZ
6515,False,42.00795345963396,42.18586933429032,0.584196875,0.17514375,0.002940625,Valencia,AZ
55538,False,14.190875955500761,14.39763366140024,0.588190625,0.06225,0.0063828125,Escondido Energy Center,CA
464,False,145.32391036774726,145.33016522271564,0.000440625,0.15270625,2.96875e-05,Alamosa,CO
3132,True,10.224602921657633,,,,,Warren,PA
54749,False,16.146560608949958,16.347758443766427,0.5946375,0.069271875,0.0059125,Goal Line LP,CA
1877,False,71.94507930610787,137.19190392495798,0.1152,0.0745359375,0.415275,George Johnson,MI
62449,False,4.441989503383276,21.20152589923522,0.0118578125,0.235025,0.090221875,Kimberly Clark Mobile - CHP Plant,AL
7449,False,153.72070567086496,153.72070567086496,0.0013125,0.0497875,0.0,Combustion Turbine Project No 2,CA
7947,False,67.0141686393623,146.93453552210707,0.03141875,0.0533,0.4076375,Solway CT,MN
55851,False,11.818895954711099,12.128511275646288,0.359134375,0.0791640625,0.055021875,Valero Refinery Cogeneration Unit 1,CA
52186,False,166.07473921731588,166.08551146753922,0.0431640625,0.0275046875,0.000940625,Yuba City Cogen Partners,CA
50493,False,101.30328357606324,101.30328357606324,0.312553125,0.018096875,3.125e-06,Double C Generation Limited Partnership,CA
50494,False,105.39951859647175,105.39951859647175,0.342571875,0.013384375,0.0,Kern Front Limited,CA
50495,False,97.7522634137325,97.7522634137325,0.3619875,0.0180671875,3.125e-06,High Sierra Limited,CA
56471,False,33.17540326038526,33.21571232573709,0.0881015625,0.029384375,0.001834375,McGrath Peaker,CA
56472,False,19.24862118132753,19.255918512123984,0.1910328125,0.0873734375,0.0037265625,Grapeland Hybrid,CA
56473,False,25.016292446066295,25.0367944706849,0.0921046875,0.0209875,0.0001390625,Mira Loma Peaker,CA
56474,False,6.1096033363439535,6.13358028038944,0.027303125,0.0178921875,0.000225,Barre Peaker,CA
56475,False,4.03368647072464,4.092412609038946,0.0736984375,0.0005625,0.0052125,Center Hybrid,CA
4256,False,176.19856947559393,176.19856947559393,0.0009875,0.0064859375,0.0,Walnut,CA
55264,True,184.83999910636413,,,,,Napoleon Peaking Station,OH
50299,False,146.77051932515823,146.77051932515823,0.00184375,0.0664546875,0.0,AltaGas Ripon Energy Inc.,CA
55262,True,180.99465326857649,,,,,Bowling Green Generating Station,OH
10349,False,166.2331955431817,166.24188284174892,0.04258125,0.0273046875,0.000853125,Greenleaf 2 Power Plant,CA
55263,True,150.71142544718512,,,,,Galion Generating Station,OH
7844,False,62.9172386350684,77.68668867514502,0.1159484375,0.093196875,0.1303390625,Minnesota River,MN
56356,False,22.74334764894277,22.798598867830194,0.474465625,0.21495625,0.0097625,Clearwater Power Plant,CA
52107,False,65.63844803825971,65.63844803825971,0.344240625,0.0217875,3.125e-06,Kern River Eastridge Cogen,CA
55512,False,13.317628703525312,13.34334310728424,0.566746875,0.112784375,0.0007296875,Cuyamaca Peak Energy Plant,CA
10776,False,63.79639325006955,63.8714515096902,0.1033015625,0.0261671875,0.002159375,E F Oxnard Energy Facility,CA
50115,False,179.73812240381596,179.73812240381596,0.0645375,0.1041,0.0,US Borax,CA
55627,False,154.1609779622509,154.16202043807897,0.077875,0.0651296875,4.6875e-05,Goose Haven Energy Center,CA
55855,False,44.28194073258555,44.92445333461603,0.36649375,0.10884375,0.0497265625,Wolfskill Energy Center,CA
55625,False,157.30230512415224,157.30543255163644,0.065109375,0.054846875,0.00023125,Creed Energy Center,CA
50431,False,64.23562306562744,97.42805343120442,0.033075,0.0329390625,0.174275,University of Michigan,MI
55813,False,166.5483707351999,166.5601854612513,0.0437234375,0.0255421875,0.0013625,Yuba City Energy Center,CA
2682,False,53.40325673620814,129.6311742359481,0.161534375,0.0149765625,0.4589171875,S A Carlson,NY
55811,False,89.77801831292366,89.90311541229141,0.54725625,0.004696875,0.0485984375,King City Peaking,CA
50026,False,115.03651264304364,118.20251173287583,0.0026828125,0.0333828125,0.0152984375,Corpus Refinery,TX
54149,False,2.0595847443129687,12.380095442152545,0.056890625,0.0353203125,0.0720078125,Stony Brook Cogen Plant,NY
7915,False,0.6717019252162929,1.6276522595515346,0.03080625,0.0628203125,0.00959375,North 1st,NY
7912,False,1.5018601762984056,10.75070572288757,0.055328125,0.0440046875,0.0771515625,Brentwood,NY
55847,False,175.83752534714088,175.83752534714088,0.0104296875,0.01023125,6.25e-06,Feather River Energy Center,CA
8053,False,2.170782165973193,4.447201882523599,0.0304578125,0.0393296875,0.0228140625,Pouch,NY
55626,False,140.82215225022162,140.82319472604968,0.0827109375,0.104965625,4.6875e-05,Lambie Energy Center,CA
55963,False,60.40348192166196,60.49000741539132,0.2471828125,0.106,0.0370125,Riverview Energy Center,CA
50971,False,10.906382113211883,12.203222043324251,0.001690625,0.0154046875,0.0058484375,Tropicana Products Bradenton,FL
2628,False,1.4344467394168947,18.31942772657928,0.4489359375,0.4298828125,0.5311671875,Hillburn,NY
54768,False,89.59871247049655,89.59871247049655,0.3133296875,0.018096875,3.125e-06,Live Oak Limited,CA
10649,False,71.30569413156158,71.30569413156158,0.355146875,0.0356875,3.125e-06,Bear Mountain Limited,CA
50003,False,87.73789311740124,87.74032556100005,0.3881015625,0.3947203125,1.09375e-05,Chalk Cliff Limited,CA
10650,False,89.59871247049655,89.59871247049655,0.3133296875,0.018096875,3.125e-06,Badger Creek Limited,CA
50612,False,51.69568132983832,51.69568132983832,0.40370625,0.4301390625,4.84375e-05,McKittrick Limited,CA
57908,True,4.469093874912956,,,,,Central Utility Plant Cincinnati,OH
7318,True,82.29443183519057,,,,,Van Sant Station,DE
58151,False,94.52892815335676,128.88476154305383,0.0099109375,0.0226359375,0.1574484375,Central Utility Plant - Texas A&M,TX
55935,False,22.180758193730572,22.1946578714381,0.20496875,0.01905,0.0001421875,Drews Generating Facility,CA
55934,False,22.11542970850519,22.130024370098095,0.20501875,0.018990625,0.0001453125,Century Generating Facility,CA
10243,False,188.58769970825637,195.81309967257215,0.000225,0.000946875,0.0326875,Ticona Polymers Inc,TX
56397,True,17.8211242807644,,,,,Hunlock Unit 4,PA
1130,False,153.07854056077716,156.07635355034827,0.0078765625,0.01028125,0.01485625,Gas Turbine (IA),IA
54907,False,1.307264688393013,6.5057441510085035,0.1174265625,0.0551,0.0611828125,Mass Inst Tech Cntrl Utilities/Cogen Plt,MA
2135,False,60.87885089925941,78.39800468182777,0.1691328125,0.012571875,0.1674859375,Station H,MO
52096,False,14.62176596443413,14.76493264482167,0.6481453125,0.2017265625,0.0084171875,Berry Placerita Cogen,CA
58284,False,186.77691919490815,186.78560649347537,0.0327546875,0.0266078125,4.0625e-05,La Luz Energy Center,NM
1400,False,76.72656843749752,77.3781158300379,0.0001828125,0.139365625,0.0043203125,Teche,LA
55096,False,21.97608543948722,32.90262208537502,0.023725,0.0627609375,0.075953125,Portside Energy,IN
8010,False,6.261109823356009,6.29585901762483,0.2334328125,0.147434375,0.1169515625,Murray Turbine,UT
2049,False,14.240219811362486,34.95525699083422,0.0033875,0.0988390625,0.1329140625,Jack Watson,MS
2632,False,46.93747415860878,100.35497806446713,0.2269984375,0.038828125,0.40630625,Shoemaker,NY
2048,False,23.047055606852258,76.87876990839494,0.3963453125,0.021234375,0.567209375,Sweatt,MS
52168,False,0.9284984708628736,5.866706468404901,0.1101859375,0.03060625,0.0536984375,Riverbay,NY
58207,True,9.814214937342866,,,,,Central Utility Plant at White Oak,MD
3993,False,80.05588874039317,87.23958967158636,0.0439390625,0.043596875,0.0528203125,Sycamore (WI),WI
1358,False,115.70195971329154,124.14219150924527,0.0406609375,0.0450171875,0.0488,Haefling,KY
50475,False,135.0739405342734,138.17912853413515,0.0029359375,0.033940625,0.0149171875,Corpus Christi,TX
50846,False,45.101326733444324,46.09932359284484,0.000796875,0.25940625,0.004490625,"Atlantic Alumina, Gramercy Operations",LA
57953,False,128.6383897556879,152.36757204603708,0.103065625,0.0330546875,0.1919875,Roquette America,IA
56144,False,42.46838028369582,42.50903684099034,0.2730109375,0.0446078125,0.0004140625,Springs Generating Station,CA
55478,False,80.53890254072978,85.97854141157087,0.391815625,0.183775,0.290675,Lange Generating Station,SD
55477,False,136.0309333444367,136.07992970835573,0.241515625,0.0729859375,0.002525,Neil Simpson Gas Turbine #2,WY
2131,False,182.78701670896223,199.4367456509247,0.0166359375,0.007040625,0.082075,Higginsville,MO
2240,False,172.45781871255545,174.83396861665736,0.0231921875,0.0091890625,0.0215,Lon Wright,NE
7504,False,134.9050594501269,134.9523183543325,0.2430578125,0.07359375,0.0024765625,Neil Simpson II,WY
7281,False,115.86423845052693,135.89089409153334,0.040559375,0.003365625,0.114946875,Gardner Energy Center,KS
50028,False,39.09249606047995,64.93130193488922,0.02884375,0.0466359375,0.128671875,Plant 31 Paper Mill,LA
50865,False,46.44264563222078,46.65183578171908,0.75453125,0.0347625,0.0704828125,Salinas River Cogeneration,CA
10883,False,1.2283840174027914,9.215138828148408,0.1177296875,0.0590109375,0.081384375,Medical Area Total Energy Plant,MA
54518,False,40.30454795657639,47.11434755743707,0.004534375,0.0026125,0.03125625,Formosa Plastics,LA
50170,False,75.75359099797055,75.75359099797055,0.426415625,0.4486609375,9.375e-06,Berry Cogen,CA
10864,False,117.58432356683353,129.1690099521728,0.1145984375,0.002284375,0.1172609375,Archer Daniels Midland Cedar Rapids,IA
10568,False,14.838948428614257,16.92806998805572,0.0003640625,0.0520140625,0.00945625,Port Arthur Texas Refinery,TX
55540,False,11.22016733745933,11.222252289115458,0.241478125,0.042278125,0.000371875,Chula Vista Energy Center,CA
54004,False,64.86180354635158,126.8241343229128,0.0089984375,0.02718125,0.28921875,"WestRock Southeast, LLC.",GA
2903,True,171.2224848562989,,,,,Bryan (OH),OH
58084,False,9.95842409355847,49.17566976146348,0.5587125,0.160778125,0.663146875,"Kimberly Clark-Unit 1,2,3",CT
10405,False,191.26686258638242,191.26755757026777,0.00296875,0.00060625,7.8125e-06,Kingsburg Cogen,CA
1097,False,189.77785961196346,198.18646964113256,0.006234375,0.00543125,0.04331875,Merl Parr,IA
50368,False,59.67652877755824,108.74621349650182,0.2826375,0.0455,0.4449890625,Cornell University Central Heat,NY
62289,False,2.5304363266554812,7.532582841652138,0.0081390625,0.00656875,0.0240484375,Dearborn Energy Center,MI
50969,False,75.22297080148567,118.54270634476758,0.1939578125,0.0475984375,0.350775,MU Combined Heat and Power Plant,MO
63285,False,1.9209354591803764,1.9643719520164016,0.0699578125,0.01074375,0.0030015625,Valero Wilmington Cogeneration Plant,CA
10819,False,43.27490908267514,83.73200600209165,0.13335,0.0039125,0.269096875,Ada Cogeneration LP,MI
10427,False,24.947141549471343,24.967991066032635,0.0748515625,0.020346875,0.0001375,New-Indy Ontario Mill,CA
57584,False,11.124954545162762,11.148236505322872,0.2056390625,0.0407140625,0.001384375,University of California San Diego Hybri,CA
54372,False,46.01835797019849,49.08462687247918,0.4958953125,0.1406546875,0.318559375,University of Colorado,CO
2848,True,77.84410252518278,,,,,O H Hutchings,OH
7782,True,39.44763282590729,,,,,Hamilton Peaking,OH
50748,False,6.529721095053989,6.734741341240028,0.203921875,0.141034375,0.0497671875,Agnews Power Plant,CA
2909,True,2.4046442434023523,,,,,West 41st Street,OH
58191,False,91.0112672175241,91.01196220140947,0.1995328125,0.4178515625,0.0012640625,US Magnesium,UT
7783,True,182.10627999323603,,,,,Bowling Green Peaking,OH
673,False,1.8285026024253148,1.9056458137020955,0.0007421875,0.0173015625,0.000584375,Tom G Smith,FL
50851,False,58.374823960248236,58.54995989936309,0.3444359375,0.0522734375,0.007665625,CSUCI Site Authority,CA
50850,False,24.24069042998623,24.31366373795075,0.2709125,0.003621875,0.002259375,CamChino Leasing LLC,CA
50628,True,27.27707502519573,,,,,Paulsboro Refinery,NJ
56509,False,15.587446073164642,15.758759600909926,0.3434328125,0.172490625,0.18696875,Tesoro SLC Cogeneration Plant,UT
3665,False,25.530580521244833,25.81274397870765,0.4868703125,0.31778125,0.3557,Bountiful City,UT
57505,False,105.09372568690614,166.34091804541504,0.037296875,0.0098671875,0.304790625,Monroe Generating Station,NC
56309,False,24.924902065139296,27.776768438781364,0.059703125,0.022634375,0.02721875,Trigen St. Louis,MO
2067,False,75.0513097817977,119.79784724175737,0.2092,0.0899625,0.3930234375,Yazoo,MS
57585,False,43.76070281855324,43.78050985928647,0.035525,0.0107015625,0.0003875,Oxnard Paper Mill,CA
10805,True,1.8312825379668205,,,,,Kenilworth Energy Facility,NJ
50849,False,3.785577223645264,5.331916368607759,0.439771875,0.023590625,0.19050625,PE Berkeley,CA
52073,False,1.9466498629393032,2.108928600174693,0.3515109375,0.02806875,0.0186484375,UCLA So Campus Cogen Project,CA
56668,True,1.6599690102215372,,,,,NIH Cogeneration Facility,MD
54410,False,73.93169074245631,73.93169074245631,0.23558125,0.0135421875,3.125e-06,Western Power & Steam Inc,CA
57946,False,52.36564579534117,126.8505437105571,0.3379515625,0.087653125,0.6798140625,Fredericktown Energy Center,MO
2250,False,111.82360214094852,117.92486567066797,0.0206078125,0.0284203125,0.0321203125,J Street,NE
55308,False,71.05271999728457,125.0925819724975,0.1407,0.0320203125,0.354678125,Calvert City,KY
471,False,76.19838068461145,76.9566081035571,0.3066140625,0.445178125,0.137421875,Fruita,CO
55990,True,29.9374733384166,,,,,Ashtabula,OH
54780,False,165.52500696398315,166.9170596863921,0.00083125,0.0021453125,0.0075875,University of Illinois Abbott Power Plt,IL
68899,False,75.82830176564852,133.2714998275497,0.0292421875,0.064784375,0.309471875,Mississippi State University,MS
54605,False,9.053555074798394,31.96752126760107,0.1351078125,0.104225,0.2127953125,Pratt & Whitney,CT
58159,False,11.342137009342888,88.5048078349141,0.284075,0.1735515625,0.662690625,UCONN Cogen Facility,CT
10195,False,70.0383910165777,115.01809557008116,0.207409375,0.092009375,0.3948125,CF Industries Yazoo City Complex,MS
54802,False,45.872063862326755,142.2628538446069,0.2218515625,0.0171625,0.6234296875,Mead Coated Board,AL
7824,False,191.90103538178838,191.91111264812633,0.008428125,0.0161875,5.9375e-05,Rockwood,CA
1880,False,132.0132315030757,155.65588829969553,0.036925,0.05245,0.1582328125,Claude Vandyke,MI
7795,False,107.80902772707174,114.65114407860243,0.032025,0.0005015625,0.0378421875,Custer Energy Center,WI
3120,True,28.77441780623919,,,,,Blossburg,PA
50751,False,72.80095196094891,72.80095196094891,0.2683046875,0.0201921875,3.125e-06,Southeast Kern River Cogen,CA
1881,False,119.4847570013953,152.4676497255313,0.010396875,0.0441734375,0.1662171875,Vestaburg,MI
55857,False,6.6527332427656125,9.606762247558011,0.0002328125,0.057290625,0.01341875,Oak Point Cogen,LA
10521,False,1.642594413087127,18.68811667777146,0.1728703125,0.0974046875,0.194734375,Lederle Laboratories,NY
54044,True,1.9925187993741458,,,,,University of Illinois Cogen Facility,IL
52122,False,200.4465572363766,200.4465572363766,0.0002703125,0.0,0.0,Wasson CO2 Removal Plant,TX
2177,False,113.27264354195833,115.04832736909503,0.36228125,0.107578125,0.04514375,Miles City GT,MT
8026,False,191.82562963022502,191.82562963022502,0.059871875,0.0606625,0.0,Hartzog,WY
8030,False,190.28936775160048,190.2949276226835,0.078259375,0.067953125,0.0011234375,Barber Creek,WY
54851,False,1.8698541436052107,4.17268324779992,0.0150046875,0.0029375,0.0131078125,MMSD Jones Island Wastewater,WI
3561,False,106.24600896886021,134.59891904861863,0.008975,0.00570625,0.12961875,Bryan (TX),TX
56038,True,7.237562182309855,,,,,UMCP CHP Plant,MD
60025,False,6.221843233832243,26.53969712281137,0.00108125,0.031253125,0.10270625,Eight Flags Energy,FL
2487,False,41.95478719240266,107.12342612414793,0.2550828125,0.081365625,0.5178640625,Coxsackie,NY
55799,False,109.47803152780317,144.79502763097582,0.0634140625,0.013871875,0.2024953125,Otsego Mill Power Plant,MI
2126,False,105.8689802110435,160.64969500806768,0.1647234375,0.0257609375,0.40849375,Fulton (MO),MO
59197,False,2.1492376655265244,4.898246424132885,0.0539109375,0.007565625,0.01974375,Univ Minnesota CHP Plant,MN
10261,False,71.15140770900801,78.98213863748663,0.00241875,0.0198171875,0.0365578125,Enterprise Products Operating,TX
54321,False,124.6446648583724,127.92811622483322,0.000328125,0.000571875,0.0147640625,Goodyear Beaumont Chemical Plant,TX
7339,False,200.02157459046896,205.33715883777035,0.0015625,0.00076875,0.024159375,Wellington 2,KS
2914,True,42.5013920182512,,,,,Dover (OH),OH
52147,False,2.9710561099841204,2.9804383924367017,0.173446875,0.0102328125,0.0009453125,CP Kelco San Diego Plant,CA
2003,False,180.70032759311957,186.62054782069848,0.01168125,0.0104203125,0.032078125,Owatonna,MN
57122,False,6.864355835862727,6.87339062637262,0.1805296875,0.0672640625,0.000653125,UCI Facilities Management Central Plant,CA
1743,False,36.99816212189816,61.48522433925032,0.0051984375,0.001984375,0.111959375,St Clair,MI
10866,False,54.90233697696504,78.24198079956076,0.20175,0.0194,0.2584921875,Archer Daniels Midland Peoria,IL
4118,False,126.43946074235696,132.90107341664407,0.025525,0.005934375,0.037815625,Kaukauna Gas Turbine,WI
2490,False,2.0422101471785585,6.047749770545454,0.0357125,0.0448390625,0.033184375,Arthur Kill Generating Station,NY
50622,False,75.96521359106767,75.96521359106767,0.4300375,0.44533125,9.375e-06,Berry Cogen Tanne Hills 18,CA
58199,False,30.329791741711578,30.329791741711578,0.054303125,0.0004984375,0.0,Arizona State University CHP,AZ
2503,False,0.9455255760545955,1.7374597134410061,0.0522375,0.03843125,0.0076703125,59th Street,NY
54096,False,56.32218905478903,115.09906119272752,0.20359375,0.047734375,0.43579375,International Paper Riverdale Mill,AL
63423,False,19.261478383206995,19.47414345213217,0.4535265625,0.375346875,0.3120484375,BYU Central Heating Plant,UT
58184,False,8.605637960673302,71.53955620899073,0.2951046875,0.1493109375,0.577815625,Rand Whitney CHP Plant,CT
58914,False,153.1859155710678,153.18661055495318,0.1570203125,0.0931125,3.125e-06,MCAGCC Cogen Plant,CA
2917,True,79.49225680935291,,,,,Hamilton (OH),OH
3470,False,102.62479543410646,113.28932315520736,0.0147515625,0.026859375,0.052265625,W A Parish,TX
57666,False,14.591534165420258,80.76442481153441,0.265028125,0.1594796875,0.5832703125,Foxwoods CoGen,CT
9674,False,70.41715723410785,80.83392320007205,0.0494453125,0.0582453125,0.0749703125,Nine Springs,WI
1225,False,207.81303892942378,208.0159742239537,0.0123734375,0.0,0.0009125,Colby,KS
4251,False,83.90957438480532,83.92069412697134,0.3784015625,0.3083421875,0.1757625,Logan City,UT
58584,True,34.91008303828476,,,,,Princeton University Cogeneration,NJ
2144,False,177.21150848853003,195.01247823661853,0.032975,0.0055078125,0.101409375,Marshall (MO),MO
7930,False,175.5661341399014,176.75768401137924,0.1460015625,0.0,0.008903125,Russell Energy Center,KS
8906,False,0.7283431118744698,2.9210172702370194,0.05316875,0.02370625,0.0164828125,Astoria Generating Station,NY
57322,False,70.42514954878968,78.15719276554483,0.00221875,0.0407171875,0.036278125,Mont Belvieu Cogeneration Unit,TX
8028,False,101.60282163066047,101.6518179945795,0.4810265625,0.1071203125,0.0045328125,Arvada,WY
59860,True,84.54687460769549,,,,,HP Hood CT,VA
10328,False,56.3760503059057,74.71389510544745,0.01078125,0.029725,0.094984375,T B Simon Power Plant,MI
57884,False,49.3959796531278,64.06083461845527,0.0018015625,0.007075,0.0682890625,Lake Charles Polymers,LA
50061,False,13.641491194110715,13.652610936276737,0.3912734375,0.039928125,0.000759375,San Diego State University,CA
7715,False,20.036037923458995,62.77858934993581,0.0109359375,0.0984140625,0.1989171875,Pea Ridge,FL
50906,False,62.48773859390578,62.49051852944729,0.038125,0.054025,0.0004203125,Ford Utilities Center,NM
971,False,131.2386719628237,163.2909812644407,0.139921875,0.0238015625,0.261675,Waterloo,IL
7283,False,126.54475080099148,164.66670186554327,0.049603125,0.0135953125,0.2154484375,Paragould Turbine,AR
52086,False,79.40017144454053,79.40955372699312,0.572484375,0.1206609375,0.0092890625,Coalinga 25D Cogen,CA
65512,False,202.40536931731,207.19241831978266,0.000171875,0.0,0.021528125,"Kansas Ethanol, LLC",KS
52048,False,18.889662004530617,35.192593987690266,0.298725,0.003078125,0.2451234375,Vanderbilt University Power Plant,TN
63063,False,35.60715187531729,79.21704319074385,0.33171875,0.1183375,0.4807046875,Duke Energy CHP at Clemson University,SC
58198,False,0.7061036275424248,1.179735145426443,0.164321875,0.0636171875,0.0232171875,Parnassus Central Utility Plant,CA
56478,False,193.42999992961646,205.471290727648,0.000903125,0.0021921875,0.0552734375,MJMEUC Generating Station #1,MO
65400,False,122.06001978865756,146.58461113582004,0.049553125,0.005321875,0.1482515625,Purdue CHP,IN
58140,True,45.257698107654015,,,,,Summit Street Power Plant,OH
54628,False,43.6088488395985,43.609891315426566,0.1160296875,0.0356109375,0.000240625,Phelps Dodge Refining,TX
2123,False,78.6388165981107,125.5547462562728,0.172425,0.037609375,0.352575,Columbia (MO),MO
52085,False,65.56582222223787,65.56582222223787,0.427590625,0.509778125,1.71875e-05,Taft 26C Cogen,CA
52104,False,69.68846663029069,69.68846663029069,0.33743125,0.36615,4.0625e-05,Cymric 36W Cogen,CA
58328,True,8.124361620050145,,,,,North Chicago Energy Center,IL
10061,True,28.90542226863264,,,,,"Mars Wrigley Confectionery US, LLC",NJ
52076,False,50.502046506704346,50.502046506704346,0.405109375,0.4390875,4.84375e-05,McKittrick Cogen,CA
54550,False,35.73746135382537,61.58877693817141,0.0012421875,0.0539890625,0.1183375,W&T Onshore Treating Facility (OTF),AL
56039,False,1.2026696136438644,1.210661928325693,0.0906453125,0.00035625,0.00131875,H. Gonzales,CA
62176,False,54.9624530830501,54.9624530830501,0.3462796875,0.446603125,3.75e-05,Berry NMW Cogens,CA
62762,False,30.09002230125672,39.35276752555341,0.0012390625,0.00431875,0.0425296875,NASA Johnson Space Center CHP,TX
61676,False,9.28428972474336,39.30933103271739,0.1421734375,0.088775,0.2297953125,NCSU Cates Cogeneration Plant,NC
1332,False,179.92715802063833,192.20231089609905,0.0270328125,0.00056875,0.06250625,West 14th Street,KS
68493,False,29.737317979428195,71.50515450666461,0.299009375,0.2772609375,0.5554,Central Heating Plant,MA
54808,False,0.8093087345208206,3.018315014189716,0.05335625,0.0242890625,0.016559375,New York University Central Plant,NY
58161,False,51.05212625197977,94.02610731228692,0.0726421875,0.016853125,0.2460375,Western Michigan University Power Plant,MI
57788,True,1.1720903226873027,,,,,US GSA Heating and Transmission,DC
50366,True,63.430136742476186,,,,,University of Notre Dame,IN
10275,False,101.40822614275507,105.80017680639125,0.00786875,0.0864359375,0.0322484375,Florida's Natural Growers,FL
10123,True,1.0563755057721318,,,,,Hoffmann LaRoche,NJ
54520,False,11.987429546914877,23.0015341623601,0.02574375,0.01104375,0.05704375,Village Creek Water Reclamation Facility,TX
58181,True,1.7663015446841268,,,,,Loyola University Health Plant,IL
50411,True,1.0987695227800922,,,,,Rutgers Biomedical and Health Cogen,NJ
52061,False,10.226340381371074,35.395876774162865,0.1390125,0.0736046875,0.2135703125,Hartford Hospital Cogeneration,CT
10206,False,23.92204031854115,24.038102627399006,0.3301921875,0.0995609375,0.0016609375,Loma Linda University Cogen,CA
56127,False,143.1781476216476,179.17518545666107,0.06999375,0.017228125,0.2126859375,Macon Energy Center,MO
1124,False,173.47145270937693,175.08381532345018,0.1345390625,0.000790625,0.0144125,Atlantic,IA
753,False,97.39121928527946,148.14276500683394,0.002484375,0.0208515625,0.241396875,Crisp Plant,GA
54236,False,4.136196593817659,34.99278612064455,0.12849375,0.0841640625,0.2625375,Pfizer Groton Plant,CT
58947,True,33.75536731273186,,,,,Bristol Myers Squibb Lawrenceville,NJ
7480,False,75.89119780727508,124.57725142149089,0.001434375,0.0003765625,0.2192140625,Rowesville Rd Plant,SC
54829,True,10.681902318235306,,,,,Bristol Myers Squibb New Brunswick,NJ
58258,False,1.0150239645922359,1.0171089162483649,0.038753125,0.00606875,0.0001484375,Central Utilities Plant LAX 2,CA
61703,False,2.4067291950584817,23.674973547289838,0.1558890625,0.053446875,0.177553125,Sikorsky Aircraft CHP,CT
56229,False,39.8361288178327,39.85593585856593,0.14134375,0.0712640625,0.0006203125,Cogeneration 1,AZ
10008,False,2.7469238069502304,15.550264435297004,0.0038125,0.0160578125,0.0620140625,Baptist Medical Center,FL
10431,False,10.660357817788636,48.198522418624265,0.0046984375,0.069646875,0.195953125,Anheuser-Busch Jacksonville,FL
57348,False,15.316402357867846,15.362271294302687,0.0137671875,0.0397,0.0002609375,CityCenter Central Plant Cogen Units,NV
10188,False,40.97207997848043,44.97727210990464,0.0031265625,0.0986921875,0.0257265625,Cutrale Citrus Juices USA II,FL
58330,False,131.4544644592331,158.61200225614408,0.0153921875,0.0066484375,0.132228125,The Andersons Albion Ethanol LLC,MI
56090,False,6.162769603575248,6.287171719057625,0.4057125,0.008984375,0.0120140625,Blacksand Generating Facility,CA
61282,True,14.730878434438226,,,,,APG Combined Heat and Power Plant,MD
59452,False,53.61696428096138,83.66771999269433,0.026271875,0.02759375,0.154175,East. Michigan Univ. Heating Plant,MI
61238,False,0.6755243365858632,1.7551818025181043,0.0442875,0.0392640625,0.0093328125,New York Presbyterian Hospital- 68th Street,NY
50389,False,47.254734302283104,51.55598956887766,0.0028125,0.003078125,0.0197109375,Port Allen (LA),LA
61488,False,0.8312007269101773,1.7673440205121913,0.038084375,0.0424875,0.00783125,NYU LANGONE HEALTH,NY
62492,True,1.845877199559725,,,,,"DTE Atlantic, LLC",NJ
63347,True,1.3475737537448442,,,,,"AOC, Capitol Power Plant",DC
61857,False,7.092658042208875,45.82341499035041,0.050753125,0.0881296875,0.2492640625,Toray Plastic America's CHP Plant,RI
54240,False,30.460101220219656,143.78625852135195,0.08029375,0.0273625,0.5855625,Louisiana Tech University Power Plant,LA
50087,False,5.888598460794258,44.20653498102221,0.2533359375,0.1504296875,0.3847515625,Univ of Massachusetts Medical Center,MA
58138,False,205.08070978406647,205.57519081851177,0.0005078125,0.00223125,0.002265625,Otter Creek Ethanol Poet - Ashton,IA
58597,False,6.082498964814274,6.411226342597312,0.520628125,0.2552109375,0.3273296875,HTW Plant 303 COGEN,UT
58254,False,92.75915168924574,137.36252246881787,0.11605625,0.015615625,0.2940890625,Chatham,MI
550,False,18.283636056482397,28.1468473577443,0.7022046875,0.493559375,0.531134375,Kettle Falls Generating Station,WA
54225,False,1.1901599037070891,4.967049828785148,0.098903125,0.0566125,0.0507546875,Gillette SBMC,MA
61927,False,50.41864844045918,141.59844925018706,0.1336734375,0.0289484375,0.522284375,Georgia-Pacific Taylorsville Plywood,MS
52077,False,196.79406942678094,196.79406942678094,0.004003125,0.0586609375,0.0,Lost Hills Cogeneration Plant,CA
58195,True,47.49763117022216,,,,,East Campus Steam Plant,PA
54800,False,85.74050943082946,85.74155190665752,0.038325,0.0071890625,6.25e-06,Saint Agnes Medical Center,CA
50621,False,6.391419301864085,33.5541694779154,0.0721953125,0.06360625,0.1836859375,Central Power Plant,RI
52081,False,74.26667297520774,74.26667297520774,0.2986421875,0.3634734375,4.0625e-05,Cymric 31X Cogen,CA
50750,False,96.95824432468997,96.95998178440341,0.4651140625,0.1000296875,0.003409375,Coalinga Cogeneration Facility,CA
52082,False,67.93119987611645,67.93119987611645,0.32116875,0.3797359375,4.0625e-05,Cymric 6Z Cogen,CA
54630,False,10.72151639970176,11.495380956068384,0.8100859375,0.797125,0.375003125,American Gypsum Cogeneration,CO
63501,True,1.1783451776556904,,,,,Montclair State University Cogen,NJ
56163,False,53.37406741302233,53.42758117219631,0.3177359375,0.079928125,0.0663921875,Kennecott Power Plant,UT
60742,True,11.454376906831177,,,,,Argonne National Laboratory CHP,IL
50200,False,8.307837365789515,8.331466817892313,0.1800515625,0.047796875,0.00041875,B Braun Medical,CA
58194,True,45.95754688022805,,,,,West Campus Steam Plant,PA
54449,False,43.74402320530421,43.74402320530421,0.470115625,0.517040625,5.46875e-05,Dome Project,CA
10548,False,5.300294601823134,5.720759852475856,0.2401765625,0.014025,0.0672625,San Jose Cogeneration,CA
50537,False,5.8079803300905954,6.824394262453584,0.2703359375,0.2329046875,0.1375078125,SRI International Cogen Project,CA
54333,True,84.42803236329613,,,,,Bucknell University,PA
50203,False,110.90657090419437,131.74288277166428,0.011821875,0.09433125,0.107925,US Gypsum Oakfield,NY
54228,False,10.69858193148434,51.12996444714193,0.458675,0.4200515625,0.7554,Erving Paper Mills,MA
61675,False,10.519971072942603,43.046606876328994,0.1397625,0.0909328125,0.242565625,NCSU CCUP Cogeneration Plant,NC
60536,False,77.57722871319824,104.73094409873966,0.289525,0.000228125,0.33685625,UA Central Utility Plant,AR
63485,True,0.6491149489415599,,,,,ECP Uptown Campus,PA
59496,False,141.99354758902354,141.99632752456503,0.02903125,0.2398359375,0.00020625,BYUI Central Energy Facility,ID
63483,True,1.4855280549920602,,,,,ACM - Midtown Thermal,NJ
57653,False,91.86158000128212,98.04380915364791,0.322190625,0.14185,0.25553125,Oregon State University Energy Center,OR
58400,False,32.79976447033931,73.67072429349747,0.3418328125,0.117003125,0.4705578125,Central Energy Facility,SC
59233,False,36.69897155924362,36.72260101134642,0.1541859375,0.0803359375,0.001909375,Cogeneration 2,AZ
58166,False,26.259618617004676,67.31544415367297,0.290503125,0.20091875,0.490828125,Smith College Central Heating Plant,MA
50963,False,3.842218410303441,3.852990660526775,0.215715625,0.005828125,0.000978125,Naval Hospital Medical Center,CA
58507,False,0.8850619780268485,5.224541358317105,0.1132515625,0.04334375,0.0508796875,Montefieor Medical Center Moses Division,NY
10108,False,9.764176097595765,43.262399372738365,0.0435328125,0.1069609375,0.2140671875,Hampton Facility,NH
55278,False,57.05609203774651,57.05609203774651,0.130871875,0.71410625,4.6875e-05,Beaver Creek Gas Plant,WY
55036,False,16.784903307668184,30.724195096662687,0.4378296875,0.0411140625,0.2894796875,University of Tennessee Steam Plant,TN
59381,False,8.762356826825682,12.47739318610524,0.01235,0.00235625,0.0175328125,"The Methodist Hospital, Gas Turbine",TX
10122,True,33.57606147030476,,,,,CIP II/AR Bridgewater Holdings - NJCOE,NJ
58179,False,76.87425251314001,127.24181963802401,0.0509265625,0.0190296875,0.2771671875,MTSU Power Co-Gen Plant,TN
54447,False,68.46946489534048,68.46946489534048,0.3330921875,0.37483125,4.0625e-05,Welport Lease Project,CA
58139,False,68.54104823553425,68.56815260706392,0.460634375,0.40520625,0.2524390625,Central Energy Plant USU,UT
58136,True,178.31514289850776,,,,,Adkins Energy LLC,IL
54918,False,44.322944781822756,61.36707707873634,0.15953125,0.049328125,0.205625,Ergon Refining Vicksburg,MS
10175,False,14.621418472491444,14.646785384307682,0.3140078125,0.0064265625,0.0013359375,Childrens Hospital,CA
54975,False,186.84850253510191,186.84954501093,0.1017875,0.0653125,0.0013703125,New Mexico State University,NM
54262,False,123.34330753300509,136.80896780411558,0.1608953125,0.0068578125,0.1433265625,Saint Marys Hospital Power Plant,MN
54933,True,91.03385419379883,,,,,Mondelez Global LLC,IL
59373,True,94.14946695194124,,,,,Broshco Fabricated Products,OH
61822,True,34.881936190927014,,,,,"Princeton Energy Center, LLC",NJ
58664,False,17.196681259753703,97.86936819841843,0.2322453125,0.1407046875,0.619334375,Frito Lay Incorporated,CT
58169,False,4.518090238831992,4.6105230955870535,0.277253125,0.0106515625,0.0084234375,CSUF Trigeneration,CA
59458,False,15.699338478710242,15.740342527947451,0.3278390625,0.044546875,0.0016828125,W Plant,CA
56374,False,32.69482190364748,47.58068174452464,0.1583828125,0.0697140625,0.175228125,Robert Mueller Energy Center,TX
66018,False,6.365704898105158,45.831407305032236,0.2618078125,0.2018765625,0.42694375,Norton Powerhouse 2,MA
57798,False,1.0032092385408369,1.6985406158599277,0.044734375,0.035790625,0.0060546875,OBP Cogen,NY
63478,True,1.0633253446258957,,,,,Ross Hall Central Utility Plant,DC
58100,False,146.2207870718255,146.2207870718255,0.0355671875,0.0040734375,0.0,Kern Oil & Refining Co,CA
56928,False,1.7423246006386408,22.361454003928436,0.1102609375,0.045515625,0.163659375,Fairfield University CHP Plant,CT
55037,False,17.57787992088266,38.350948254783326,0.209109375,0.007446875,0.2059109375,Opryland USA,TN
10115,False,12.54133170355987,12.550366494069763,0.479921875,0.0954234375,0.000409375,Grossmont Hospital,CA
50064,False,8.241466404736068,13.903152626954931,0.484296875,0.0918671875,0.335428125,University of California Santa Cruz,CA
58152,False,5.419136846222498,46.704654557007686,0.4549328125,0.13195,0.55319375,Danbury Hospital Cogen Plant,CT
54790,True,165.7029228386395,,,,,CSL Behring LLC,IL
60276,False,14.44801999309003,79.62013384426217,0.198425,0.1933875,0.530440625,West Groton CHP,MA
56518,False,18.97445003854654,73.90145894344244,0.0054265625,0.3062109375,0.366846875,South Energy Center,FL
59453,False,23.258330708006685,62.05372115748822,0.1922515625,0.02533125,0.304984375,Albany Medical Ctr Cogen Plant,NY
10020,False,48.935552829065934,60.914642569356296,0.0049984375,0.0682734375,0.059284375,Cutrale Citrus Juices USA I,FL
50326,True,17.520196258396417,,,,,Nalco,IL
57179,False,10.114795467768161,35.28989173164296,0.137140625,0.07296875,0.2123390625,HSCo CHP,CT
50054,False,6.964781007299617,10.390704070262593,0.011671875,0.002375,0.0162515625,Rice University,TX
58153,False,18.967847691635463,115.63663122806616,0.1033734375,0.0363984375,0.5301546875,Eastern Maine Medical Center,ME
56190,False,135.38737826657814,154.65059410949857,0.0058109375,0.002303125,0.0894140625,Central Michigan University,MI
54330,False,17.197723735581768,25.601816369495914,0.003925,0.0005765625,0.0378671875,Westhollow Technology Center,TX
63492,True,29.894036845580576,,,,,DCO Burlington,NJ
59794,True,2.18676679533685,,,,,Chicago West Side Energy Center,IL
59448,False,98.50110855022558,109.10274022969992,0.0096484375,0.0041796875,0.0498125,Waxdale,WI
61956,False,9.569580609690373,34.79610568108303,0.000571875,0.04255,0.12553125,MCRD Parris Island PV Hybrid,SC
10042,False,163.58426446406955,163.58426446406955,0.007821875,0.003078125,0.0,Kaweah Delta District Hospital,CA
57573,False,10.290278898825703,10.948776130219844,0.3912734375,0.0364265625,0.0959125,CCCSD Wastewater Treatment Plnt,CA
55184,False,46.22615815192603,46.43500080948164,0.7576890625,0.026078125,0.067578125,Aera San Ardo Cogen Facility,CA
54604,False,60.24189816831194,94.36734440000674,0.03194375,0.0316921875,0.177003125,Warner Lambert,MI
58265,False,171.8344181673728,177.83247659011386,0.026765625,0.00933125,0.0439125,NCAH Central Utility Plant,IA
58585,False,125.4487612137529,125.83968964927712,0.23171875,0.0565203125,0.0290875,Sierra Nevada Brewing Co Hybrid,CA
59727,False,74.59435787716272,128.78086145219007,0.004028125,0.0011140625,0.2447328125,Bull Street Plant,SC
59728,False,76.4207755279319,125.0599177298848,0.0014390625,0.0003765625,0.2190125,Substation 20 Plant,SC
62757,False,20.15244772425954,76.15494419177543,0.0206234375,0.119884375,0.3038453125,Bridgewater Complex Co-Generation Plant,MA
10302,True,17.586219727507174,,,,,Juniata Locomotive Shop,PA
50610,False,1.647459300284762,1.856301957840371,0.336965625,0.0296953125,0.0236234375,Saint Johns Health Center,CA
58185,False,28.562795213142074,69.33888973594635,0.277103125,0.3057671875,0.542334375,Amherst College Co Gen,MA
64241,True,11.654532265819581,,,,,Maryland Bioenergy Center (Jessup),MD
62901,True,47.345777191267416,,,,,Phoenix Contact - CCHP Plant,PA
63535,False,5.495932565556591,36.080088409315934,0.2034765625,0.03520625,0.22513125,Solar BESS Hybrid,GA
58168,False,25.44231756780203,25.610851160005808,0.465828125,0.233203125,0.0202203125,Energy Center,CA
62736,False,54.68411203695685,90.39342654342447,0.039771875,0.0083046875,0.1862765625,Harbec Energy,NY
