plant_code,name,state,lat,lon,ba,nameplate_MW_total,nameplate_MW_peaker,nameplate_MW_ccgt,n_units,net_gen_MWh_2024,gas_cf,cf_ac,cf_dc,developable_area_mi2_10km_excl_forest,developable_MW_10km_excl_forest,developable_area_mi2_10km_incl_forest,developable_MW_10km_incl_forest,developable_area_mi2_5km_excl_forest,developable_MW_5km_excl_forest,developable_area_mi2_5km_incl_forest,developable_MW_5km_incl_forest
56407,West County Energy Center,FL,26.6986,-80.3747,FPL,4263.0,0.0,4263.0,12,19808418.7,0.530432796484993,0.1726156803070536,0.1726156803070536,47.80724649115735,4370.9482506201,47.81662877360993,4371.806059301479,12.671641182067946,1158.5500509319263,12.672336165953322,1158.6135923157321
710,Jack McDonough,GA,33.8239,-84.4758,SOCO,2764.8,0.0,2764.8,9,17985506.178999998,0.7425998172640659,0.1622165589846839,0.1622165589846839,1.2547934050470946,114.72396846144864,14.172111390595598,1295.7358985687401,0.4152528715124005,37.96597682399089,3.5266957263425542,322.44075212274777
612,Fort Myers,FL,26.6967,-81.7831,FPL,2556.9,835.4,1721.5,12,9733853.77,0.4345772309005037,0.1805406736646125,0.1805406736646125,19.840747451668225,1814.0111955810946,23.675321039232525,2164.6007807298306,3.8762726206868847,354.40206817708656,4.944462852510415,452.06517508666644
6043,Martin,FL,27.0536,-80.5628,FPL,2448.5,0.0,2448.5,11,7498886.4,0.3496170146105667,0.1774124148157279,0.1774124148157279,53.04638251106736,4849.954972440443,55.35303402663164,5060.848825292035,10.033482353179123,917.3469580049482,10.98039789700447,1003.9220934404086
55380,Union Power Station,AR,33.296146,-92.589364,MISO,2428.0,0.0,2428.0,12,9989430.0,0.4696646995102796,0.1511345312842689,0.1511345312842689,13.942419216478697,1274.7354712209094,59.767919158485235,5464.49546591865,4.579596312687804,418.7059485885992,18.969932643291592,1734.393841672374
620,Sanford,FL,28.8419,-81.3256,FPL,2377.8,0.0,2377.8,10,9039120.0,0.4339570248543318,0.1729317250870513,0.1729317250870513,3.516270968061908,321.4876313656601,10.301051149049037,941.8103907701976,1.1171865957425668,102.14277446789181,2.1613998835206116,197.6137036361702
7873,H L Culbreath Bayside Power Station,FL,27.9072,-82.4231,TEC,2293.7,279.6,2014.1,13,5076787.0,0.252666824334991,0.1799369619688871,0.1799369619688871,2.4373084860150436,222.83963300708967,3.6184335992122394,330.828214785119,0.8166060653172729,74.66112597186493,1.5345244189110965,140.29937544330022
7277,Lincoln Combustion,NC,35.4317,-81.0347,DUK,2290.0,2290.0,0.0,17,2891.577,0.0001441435365197,0.1669059720366996,0.1669059720366996,18.747190308028454,1714.0288281626013,55.222029564238184,5048.871274444633,5.830567306365328,533.0804394391156,16.19625195675437,1480.8001789032564
7302,Hines Energy Complex,FL,27.788215,-81.869983,FPC,2266.3,0.0,2266.3,12,12354258.0,0.6222933524500438,0.1767946819605681,0.1767946819605681,42.95764893900081,3927.556474422931,46.646275910636064,4264.80236897244,8.594170726564592,785.7527521430483,9.395834638346273,859.0477383630877
7805,Sherwood H Smith Jr Energy Complex,NC,34.8392,-79.7406,CPLE,2244.8,997.0,1247.8,11,9407624.3,0.4784077488470563,0.1603653922210645,0.1603653922210645,33.91486611442575,3100.787759033211,74.05505038211062,6770.747463507256,8.671661429784061,792.8376164373998,19.93109535676716,1822.2715754758542
62949,Guernsey Power Station,OH,39.9364,-81.5354,PJM,2055.0,0.0,2055.0,3,11615196.0,0.6452241442522414,0.1375861337655262,0.1375861337655262,21.280059078282754,1945.6054014429944,40.44215476588092,3697.5684357376836,6.3038513323066585,576.3521218108945,10.816729191998327,988.9580975541327
7710,H Allen Franklin Combined Cycle,AL,32.6078,-85.0975,SOCO,1995.7,0.0,1995.7,9,11738168.0,0.6714303332072632,0.1633043471662784,0.1633043471662784,14.870222703456195,1359.563218601709,66.34003427054718,6065.374561878599,2.9745310294110023,271.95712268900587,15.532542346219905,1420.118157368677
628,Crystal River,FL,28.9656,-82.6977,FPC,1970.6,0.0,1970.6,6,12208599.0,0.7072341849850334,0.1814974787106897,0.1814974787106897,6.394894221290967,584.6760430894598,19.31638211015173,1766.0692214995863,2.3292384918390128,212.95894782528114,5.306896948734209,485.2020067414133
55480,Forney Energy Center,TX,32.7563,-96.4916,ERCO,1894.2,0.0,1894.2,8,9680206.0,0.5833841975672915,0.172194822485599,0.172194822485599,51.91738118927339,4746.731994447852,61.13807988850481,5589.767304091868,11.606925869671297,1061.2046509413756,14.222150230342699,1300.310878202761
1378,Paradise,KY,37.2608,-86.9783,TVA,1853.6,693.5999999999999,1160.0,7,7675938.0,0.4727280050372174,0.1544850435745859,0.1544850435745859,26.22834434216274,2398.020054140593,51.860045018729835,4741.48983028387,5.665508633588432,517.9893607852281,10.095335918977622,923.0021411636682
3,Barry,AL,31.0069,-88.0103,SOCO,1844.8,0.0,1844.8,8,13173069.0,0.815142562879445,0.158048099832813,0.158048099832813,10.722558875529826,980.3482400484411,42.006563491863204,3840.6000906846352,2.3584278150248217,215.62768594512653,8.456216425317377,773.1397874575887
59913,Greensville County Power Station,VA,36.718236,-77.649559,PJM,1773.3,0.0,1773.3,4,11532140.0,0.7423754231655915,0.1554183050852469,0.1554183050852469,36.25105444511853,3314.3821206965504,101.25532968797226,9257.63014290032,9.863211301261904,901.7793189725169,25.289073621076533,2312.143873926997
2406,PSEG Linden Generating Station,NJ,40.6217,-74.2072,PJM,1740.0,384.4,1355.6,10,4768697.274,0.3128573763974177,0.1498588640853793,0.1498588640853793,1.6161850254428238,147.76548804048673,4.276583338663692,391.0019052492518,0.5518172049888636,50.45185874183895,0.8982666718490001,82.12723856905143
55091,Midlothian Energy Facility,TX,32.4302,-97.0537,ERCO,1734.0,0.0,1734.0,6,6338657.0,0.4172958372175085,0.1732971654798195,0.1732971654798195,86.21518342454154,7882.531055958082,95.1961126833181,8703.644588189083,20.648666218418292,1887.8780542553864,22.29126063150542,2038.0581148804952
55199,Elwood Energy LLC,IL,41.4388,-88.1236,PJM,1728.0,1728.0,0.0,9,216541.0,0.0143051459707424,0.152223744562911,0.152223744562911,37.53468968140874,3431.7430565859418,40.525205340183405,3705.1616311024823,10.297923721564842,941.5244545430712,11.487041149443868,1050.2437622348677
60345,Okeechobee Clean Energy Center,FL,27.634167,-80.791111,FPL,1723.1,0.0,1723.1,4,11062229.0,0.7328718760840145,0.1759378496486895,0.1759378496486895,28.259782239117964,2583.751519005071,36.211787855594764,3310.792032511521,9.928887278429974,907.7839797421689,12.037468386661978,1100.5685382090949
7845,Lagoon Creek,TN,35.6578,-89.3964,TVA,1625.2,1020.8,604.4000000000001,15,3495607.097,0.245534030304103,0.1615246898325728,0.1615246898325728,101.9346764359277,9319.741845570532,106.10701219178493,9701.212543248907,25.954520691324436,2372.984748921091,26.306530029267584,2405.1684598187503
58001,Temple Power Station,TX,31.055833,-97.317222,ERCO,1606.4,0.0,1606.4,6,7360248.0,0.523039690552857,0.1724759364471227,0.1724759364471227,84.44992435568548,7721.135941091243,86.66344803060932,7923.515248512851,21.255387150351893,1943.349682317887,21.520870994565676,1967.6224909317186
7242,Polk,FL,27.7286,-81.9897,TEC,1591.6,0.0,1591.6,7,5763349.8,0.4133680848426843,0.1763081971593811,0.1763081971593811,50.5357532251451,4620.411723441837,53.78827780870667,4917.78539965318,11.550632174955808,1056.0577988531024,12.016271378157999,1098.630526003017
60357,Lackawanna Energy Center,PA,41.471389,-75.544167,PJM,1498.5,0.0,1498.5,3,9607813.0,0.7319201240814635,0.1354907550845271,0.1354907550845271,7.522158083371492,687.7401676225363,33.75884223215875,3086.5227183687994,0.854830179012975,78.15590208118627,5.674195932155638,518.7836280828011
55939,Warren County,VA,38.971667,-78.177222,PJM,1472.2,0.0,1472.2,4,9420053.0,0.7304364325375188,0.1504612389200731,0.1504612389200731,25.785292115235283,2357.5124219643685,43.58556687943839,3984.966114691509,6.875823069971437,628.6466806831028,11.661482104673345,1066.1926495701343
58260,Brunswick County Power Station,VA,36.765,-77.713889,PJM,1472.2,0.0,1472.2,4,9343385.0,0.7244915508675551,0.1554183050852469,0.1554183050852469,35.825376815325484,3275.4630231154724,103.32672915833663,9447.015237333633,8.26440087295349,755.6023655271761,25.99309229696283,2376.5112957223155
10745,Midland Cogeneration Venture,MI,43.5861,-84.2242,MISO,1468.6,0.0,1468.6,14,10766051.4,0.8368523092536178,0.1439884416609878,0.1439884416609878,44.78545655754075,4094.6703138322964,56.7972105404438,5192.887820840575,6.276746960776979,573.8740078424665,8.399227746716512,767.9293939855096
55322,Chuck Lenzie Generating Station,NV,36.383719,-114.921779,NEVP,1465.6,0.0,1465.6,6,5508876.0,0.4290851004965005,0.2059226673483782,0.2059226673483782,7.692081643346023,703.2760359630648,7.692081643346023,703.2760359630648,5.145660687326884,470.46040569845786,5.145660687326884,470.46040569845786
55524,York Energy Center,PA,39.7375,-76.306666,PJM,1449.4,0.0,1449.4,7,9155096.1,0.7210585721819704,0.1539311040021332,0.1539311040021332,36.038736868136034,3294.9702279438657,49.67675314281987,4541.874573057816,8.889538877849564,812.7578402605315,12.191059825330163,1114.6111840301862
65978,Dania Beach 7,FL,26.0686,-80.1984,FPL,1447.7,0.0,1447.7,3,7051595.1,0.556038274220516,0.177125460400196,0.177125460400196,0.5976861414237061,54.64559007302455,0.7008912484021018,64.08148556819216,0.2001553589884039,18.29991853608264,0.24671927930862286,22.557191251074087
55358,Cottonwood Energy Company LP,TX,30.2588,-93.7353,MISO,1433.6,0.0,1433.6,8,5975182.0,0.4757940860954827,0.1593004454844685,0.1593004454844685,8.66992397007062,792.6787629778852,39.56091519922364,3616.9979610718756,1.6040228074487368,146.65351382388448,4.439209567841771,405.870589059819
55463,Redbud Power Plant,OK,35.6856,-97.2264,SWPP,1433.6,0.0,1433.6,8,5123359.0,0.4079647972470238,0.174645462592314,0.174645462592314,57.0651268282564,5217.383024297727,103.51576477515901,9464.298493728822,15.027984045436638,1373.9871127256351,25.968072877089277,2374.223805905305
55736,Hanging Rock Energy Facility,OH,38.5731,-82.7833,PJM,1429.8000000000002,0.0,1429.8000000000002,6,8326927.0,0.6648219631573467,0.1427374761805116,0.1427374761805116,13.457667956428656,1230.415356016334,22.601223444383294,2066.397572057901,4.160173537863145,380.3587234617732,6.6506482911094835,608.0592723300099
3406,Johnsonville,TN,36.0278,-87.9861,TVA,1426.0,1426.0,0.0,20,777787.14,0.0622640156391093,0.1498293886301956,0.1498293886301956,13.388517059833704,1224.0929883276528,33.48362861354969,3061.360330381686,2.533911246082363,231.67188535610174,6.683660025664862,611.0774880607873
2398,Bergen Generating Station,NJ,40.8375,-74.0244,PJM,1400.8,0.0,1400.8,8,2159204.0,0.1759597907523163,0.1509720791750741,0.1509720791750741,0.37633377393132195,34.407659330863716,0.8287682833113599,75.77310018846718,0.07054086436570485,6.449450456293014,0.11884224439936482,10.865576630799067
260,Dynegy Moss Landing Power Plant Hybrid,CA,36.804837,-121.782241,CISO,1398.0,0.0,1398.0,6,4026041.0,0.3287508737204486,0.1764526568052767,0.1764526568052767,33.61567555177121,3073.433193304796,34.06984752086469,3114.9574876219144,9.530661512109296,871.3747668214212,9.552553504498652,873.3763204113052
55173,Acadia Energy Center,LA,30.428611,-92.413056,MISO,1389.1999999999998,0.0,1389.1999999999998,6,5787348.0,0.4755659115919678,0.1643862695000926,0.1643862695000926,84.770311926844,7750.428519025736,88.88218408467348,8126.371116313003,20.84256672243831,1905.6061003372167,21.921529204485175,2004.2540986957872
56150,McIntosh Combined Cycle Facility,GA,32.3478,-81.1817,SOCO,1376.6,0.0,1376.6,6,8034741.0,0.6662849605639465,0.1644808512694447,0.1644808512694447,10.419198409563025,952.6124260171907,42.545523494972606,3889.876433826066,2.3546054036552513,215.27820833419437,8.936450290112472,817.0468836674258
2322,Clark (NVE),NV,36.0875,-115.0507,NEVP,1375.6,796.8,578.8,19,984492.0,0.081698845236151,0.2060100819643321,0.2060100819643321,5.350680933512923,489.2051139211814,5.373962893673032,491.33375027867714,1.5480766046759364,141.53843242751418,1.5501615563320656,141.7290565789317
55501,Kiamichi Energy Facility,OK,34.6831,-95.9349,ERCO,1370.0,0.0,1370.0,6,5313755.0,0.4427686398026864,0.1690037173180389,0.1690037173180389,50.00304807700409,4571.707252754659,92.44884138442518,8452.465498004587,11.219819845516641,1025.8121001615214,22.338172043768328,2042.3471582873897
634,P L Bartow,FL,27.859535,-82.601759,FPC,1364.8,110.8,1254.0,7,6298582.976,0.526829074927599,0.1815569050161621,0.1815569050161621,0.9569928101633062,87.49648550064512,1.4156821745117318,129.43379881250118,0.09312784064043793,8.514545429982896,0.09903520366613734,9.054647192332556
617,Port Everglades,FL,26.0856,-80.1253,FPL,1352.0,0.0,1352.0,4,5788927.0,0.4887843310096998,0.177125460400196,0.177125460400196,0.3780712336447629,34.56651279037832,0.4305425169906813,39.36388726771943,0.09521279229656714,8.705169581400423,0.1111974216602244,10.1666214089348
55298,Fairless Energy Center,PA,40.1475,-74.7411,PJM,1338.0,0.0,1338.0,6,7691098.0,0.6561877606459583,0.1513118587708176,0.1513118587708176,20.983995943112408,1918.5367719417056,28.956851076150496,2647.483526962331,2.749356250549048,251.3697143359129,4.09936244789271,374.798852378762
8068,Santan,AZ,33.3325,-111.7503,SRP,1326.0,0.0,1326.0,9,6017825.0,0.5180741509810809,0.2037973363182136,0.2037973363182136,16.5458288510987,1512.7614949575952,16.5458288510987,1512.7614949575952,1.7916684565003655,163.80968745146197,1.7916684565003655,163.80968745146197
52019,Doswell Energy Center,VA,37.820805,-77.446246,PJM,1313.0,561.0,752.0,9,5647208.640000001,0.4909813560913521,0.1541602695116457,0.1541602695116457,28.43040078297787,2599.350928729405,73.76524210190867,6744.2507064602205,7.485323937446543,684.3724742808266,18.160276416828083,1660.3681295385672
57185,Cricket Valley Energy,NY,41.676111,-73.581111,NYIS,1312.5,0.0,1312.5,6,4161152.0,0.3619179821700369,0.1453944980748941,0.1453944980748941,10.295143786023338,941.270289007848,34.52923186909849,3156.958342317576,2.4098566225426756,220.3297483467589,8.626139985291907,788.6756557981171
645,Big Bend,FL,27.7944,-82.4036,TEC,1311.0,69.9,1241.1,4,6505134.0,0.5664341765670877,0.1815569050161621,0.1815569050161621,10.044254603402456,918.3318494539386,11.325804888036542,1035.5021611919124,3.2167329134646785,294.101294945342,3.5475452429038463,324.34699363692306
7897,E B Harris Electric Generating Plant,AL,32.381352,-86.574366,SOCO,1304.0,0.0,1304.0,6,4979804.0,0.4359438468218617,0.1662908561164368,0.1662908561164368,46.62994378932972,4263.3091464530025,66.25906864790083,6057.971990665218,14.166899011455275,1295.2593381901963,17.360002472817158,1587.20022608614
63931,CPV Three Rivers Energy Center,IL,41.372222,-88.284444,PJM,1300.0,0.0,1300.0,2,6367342.0,0.5591273270108886,0.1511935261510762,0.1511935261510762,45.05302535341067,4119.133746597547,57.338950479094706,5242.41832951723,8.425637134360816,770.3439665701317,10.027574990153422,916.8068562425984
619,Riviera,FL,26.7653,-80.0525,FPL,1295.0,0.0,1295.0,4,7217016.6,0.6361855926376474,0.1741555753875709,0.1741555753875709,1.0904297161555754,99.69643119136688,1.131086273450095,103.41360214400868,0.26444136838572113,24.177496538123073,0.26444136838572113,24.177496538123073
609,Cape Canaveral,FL,28.4698,-80.7644,FPL,1295.0,0.0,1295.0,4,6522005.6,0.5749198356869589,0.175776462843759,0.175776462843759,2.9370018996006766,268.5258879634904,8.996913888140218,822.5749840585341,0.5271452770580013,48.19613961673154,1.6627489457630429,152.02276075547817
62926,"Jackson Generation, LLC",IL,41.438536,-88.110626,PJM,1288.6,0.0,1288.6,2,7249584.0,0.6422303912709769,0.152223744562911,0.152223744562911,39.09805593156296,3574.6793994571844,41.77096395472061,3819.059561574455,13.21755102403111,1208.4618079114157,14.323965369550342,1309.619690930317
55230,Jack County,TX,33.101,-97.9574,ERCO,1280.0,0.0,1280.0,6,6761183.0,0.6029879245148402,0.1777069597530096,0.1777069597530096,85.53548918464342,7820.387582595969,108.08806375705036,9882.33725778746,22.154696298028956,2025.5722329626471,27.753138986678568,2537.4298502106117
400,Haynes,CA,33.764741,-118.09913,LDWP,1279.1,649.2,629.9000000000001,9,2400637.0,0.2142485494759621,0.1927712294798983,0.1927712294798983,5.348248489914105,488.98271907786096,5.351028425455611,489.2368846130843,3.619476075040304,330.92352686082774,3.6215610266964333,331.1141510122453
55372,Harquahala Generating Project,AZ,33.47596,-113.113434,HGMA,1277.1,0.0,1277.1,6,3343384.0,0.2988527446422742,0.2067157150636406,0.2067157150636406,81.12963884329972,7417.56697995883,81.12963884329972,7417.56697995883,26.75792206281956,2446.4385886006453,26.75792206281956,2446.4385886006453
62192,Blue Water Energy Center,MI,42.773716,-82.479331,MISO,1267.4,0.0,1267.4,3,7440041.0,0.6701276225804383,0.1440925607031877,0.1440925607031877,22.40315303705102,2048.288277673236,34.75927153515808,3177.9905403573093,4.180328070539061,382.2014235921427,6.924471941947786,633.0945775495118
55131,Kendall County Generation Facility,IL,41.4797,-88.2581,PJM,1256.0,0.0,1256.0,8,4629766.0,0.4207898888985836,0.153430911304239,0.153430911304239,61.22182544669267,5597.424040840472,64.97786585520943,5940.833449619147,18.39483347814262,1681.8133465730393,19.29866002107463,1764.4489162125376
56237,Lake Side Power Plant,UT,40.331667,-111.754167,PACE,1246.5,0.0,1246.5,6,6106345.0,0.5592229017504721,0.1722943307528541,0.1722943307528541,7.106905211859091,649.7741907985454,7.116287494311673,650.6319994799243,2.4571155267482707,224.65056244555615,2.4585054945190237,224.77764521316786
55965,Wansley Combined Cycle,GA,33.406385,-85.036988,SOCO,1239.0,0.0,1239.0,6,7831043.0,0.7215130592133147,0.1555429130059263,0.1555429130059263,23.526594487761976,2151.0029245953806,68.49274685550058,6262.193998217195,4.481256092907043,409.71484278007244,14.754507886541024,1348.9835781980362
55502,"Lawrenceburg Power, LLC",IN,39.0911,-84.8669,PJM,1232.0,0.0,1232.0,6,8524583.0,0.7898749295795529,0.1468019943388821,0.1468019943388821,22.69852118833599,2075.293365790719,39.30689858911857,3593.77358529084,4.485425996219301,410.0960910829075,7.634050488917093,697.970330415277
59812,Wolf Hollow II,TX,32.337679,-97.734612,ERCO,1231.2,0.0,1231.2,3,6461028.0,0.5990580522844402,0.1773704487957958,0.1773704487957958,61.82020657200175,5652.133172297302,77.99873643967902,7131.31304591351,19.07105279861386,1743.6391130161242,22.813888513308473,2085.841235502489
60122,Colorado Bend II,TX,29.289415,-96.065399,ERCO,1230.3,0.0,1230.3,3,6978581.0,0.6475182204882278,0.1662990995408123,0.1662990995408123,92.09335712705516,8419.9640801879,103.82121019278195,9492.22493191149,21.040289637827897,1923.6836240299788,23.879298809590498,2183.250176876845
4040,Port Washington Generating Station,WI,43.3842,-87.8689,MISO,1229.6,0.0,1229.6,6,7547276.0,0.7006841145206668,0.1432759565937732,0.1432759565937732,35.82815675086699,3275.717188650696,39.5150462627888,3612.80422974069,7.048874057430162,644.4684852507576,7.687216756148388,702.8312462764239
6042,Manatee,FL,27.6058,-82.3456,FPL,1224.6,0.0,1224.6,5,6559696.0,0.6114843575798117,0.1796736003028547,0.1796736003028547,56.27562513446881,5145.200012294291,59.146951056901415,5407.721239488129,11.9307883602567,1090.8149357948982,13.413188987764567,1226.3487074527602
621,Turkey Point,FL,25.4356,-80.3308,FPL,1224.0,0.0,1224.0,5,6919751.8,0.6453643828155311,0.1812489651926313,0.1812489651926313,5.330873892779695,487.39418448271493,5.350680933512923,489.2051139211814,0.15081150312667932,13.788480285867822,0.15220147089743213,13.915563053479508
55405,Athens Generating Plant,NY,42.2728,-73.8492,NYIS,1221.6,0.0,1221.6,6,3970125.0,0.3709975576607368,0.1410468197506411,0.1410468197506411,18.12830715810077,1657.4452258834988,50.12119533751808,4582.509288001653,4.036466406266145,369.04835714433324,11.989861990513695,1096.215953418395
613,Lauderdale,FL,26.0686,-80.1984,FPL,1215.9,1215.9,0.0,7,244265.35,0.0229329487412034,0.177125460400196,0.177125460400196,0.5976861414237061,54.64559007302455,0.7008912484021018,64.08148556819216,0.2001553589884039,18.29991853608264,0.24671927930862286,22.557191251074087
55225,Oneta Energy Center,OK,36.0119,-95.6967,SWPP,1214.0,0.0,1214.0,6,5647008.0,0.5310013314978222,0.166522988972559,0.166522988972559,51.76274727477714,4732.594036551052,80.57712665442547,7367.051579833184,12.301214771162323,1124.6824933634123,18.86638004437051,1724.9261754853035
60356,South Field Energy,OH,40.63534,-80.678245,PJM,1210.4,0.0,1210.4,4,8597458.0,0.8108435039399783,0.1381088520930233,0.1381088520930233,12.654614076876223,1156.9932870286832,30.272803063110715,2767.7991371986936,4.458321624689622,407.61797711447963,9.669310797241888,884.0512728906867
117,West Phoenix,AZ,33.4417,-112.1583,AZPS,1207.4,106.2,1101.2,10,3309267.0,0.312879083550979,0.204880664861031,0.204880664861031,18.11475497233593,1656.2061688992849,18.11475497233593,1656.2061688992849,4.2105598695529345,384.9654737876968,4.2105598695529345,384.9654737876968
60589,CPV Fairview Energy Center,PA,40.412,-78.855,PJM,1197.0,0.0,1197.0,3,7610155.0,0.7257637053058826,0.1335918584236066,0.1335918584236066,8.403745141971457,768.3424129802474,34.39197255173665,3144.408919015922,2.298311708939763,210.13135624592115,9.011161057790433,823.8775824265538
60368,Hummel Station LLC,PA,40.839014,-76.825517,PJM,1194.4,0.0,1194.4,4,7573388.0,0.7238295454893001,0.1426795021701048,0.1426795021701048,30.954929746607654,2830.165005404128,40.80389387821934,3730.641726008625,5.234271132712375,478.5619321337028,7.62675315812064,697.3031458853155
6071,Trimble County,KY,38.5847,-85.4117,LGEE,1194.0,1194.0,0.0,6,1538690.0,0.147110170334167,0.1533647710571037,0.1533647710571037,34.36556316409235,3141.9943464313,53.859513656957745,4924.298391493279,6.814316996115626,623.0232682162857,11.66808445158442,1066.7962927162896
7826,Rowan,NC,35.7314,-80.6019,DUK,1192.0,598.2,593.8,6,4137517.82,0.3962410955073396,0.1678403423646063,0.1678403423646063,45.43144407899812,4153.732030079827,85.77213119761409,7842.023423781859,11.653489789991516,1065.4619236563672,22.68913890588341,2074.43555710934
55382,Thomas A Smith Energy Facility,GA,34.7094,-84.9175,SOCO,1192.0,0.0,1192.0,6,8524594.0,0.8163818531457816,0.1568205453967611,0.1568205453967611,22.07303569149723,2018.1061203654606,58.94193081071538,5388.976531265405,5.972691510924802,546.0746524274105,15.857447312633374,1449.8237542979082
3469,T H Wharton,TX,29.9417,-95.5306,ERCO,1189.9,526.3,663.6,17,671810.0,0.0644513314307138,0.1601961260542267,0.1601961260542267,4.693921161832222,429.15850622466024,8.316872156299407,760.3997400045172,1.4688484417430265,134.29471467364812,2.024140566158772,185.06428033451627
136,Seminole (FL),FL,29.733056,-81.632778,SEC,1183.2,0.0,1183.2,3,8279282.0,0.7987859330474435,0.1708291452513589,0.1708291452513589,24.241732905814292,2216.387008531592,59.58409592080317,5447.6887699020035,5.200216922328932,475.44840432721656,15.396325504686132,1407.6640461427319
55297,New Covert Generating Facility,MI,42.32238,-86.29368,PJM,1176.0,0.0,1176.0,6,7172013.0,0.6961929806169043,0.1454320265821401,0.1454320265821401,21.747088249255697,1988.3052113605206,41.07841251294302,3755.7405726119327,4.047586148432168,370.0650192852267,10.6791223826938,976.3769035605759
55464,Deer Park Energy Center,TX,29.713414,-95.134508,ERCO,1176.0,0.0,1176.0,6,8003840.0,0.7769390861367378,0.1649630496812481,0.1649630496812481,7.975635068579594,729.2009205558485,10.043907111459768,918.3000787620358,1.2777278732645159,116.82083412704144,1.7729038915952027,162.09407008870423
55460,Indeck Niles Energy Center,MI,41.862114,-86.221394,PJM,1174.4,0.0,1174.4,3,6228822.0,0.6054604391400097,0.1466522360804935,0.1466522360804935,57.052964610262315,5216.271050081125,77.19081767292896,7057.4461872392185,13.461142875855538,1230.7330629353633,17.362434916415975,1587.4226209294602
3393,Allen,TN,35.074087,-90.14868,TVA,1170.9,0.0,1170.9,3,6401391.0,0.6240946257240362,0.1608250458829845,0.1608250458829845,33.431157330203774,3056.5629559043446,40.02064703940013,3659.03058645944,5.818752580313929,532.0002359144163,7.611811004585047,695.93700613349
47,Colbert,AL,34.7439,-87.8486,TVA,1169.6,1169.6,0.0,11,320618.0,0.0312929448619205,0.1594835268454135,0.1594835268454135,49.898105510312256,4562.112503799977,67.15142795672413,6139.55912747192,12.249438471701781,1119.9486602698769,18.37572142129477,1680.0659585183787
54547,Sithe Independence Station,NY,43.495,-76.4511,NYIS,1157.8,0.0,1157.8,6,6158049.9,0.6071633553953294,0.1377111910555712,0.1377111910555712,10.284371535800004,940.2853975588573,38.169557460700084,3489.788110692579,3.2612118821287686,298.1679435089159,11.69692628282754,1069.4332601442322
55151,La Paloma Generating Plant,CA,35.2956,-119.5919,CISO,1156.0,0.0,1156.0,4,2096605.0,0.2070401992384383,0.1947774193917452,0.1947774193917452,25.095868100941892,2294.4793692289727,25.095868100941892,2294.4793692289727,7.061036275424248,645.5804594673598,7.061036275424248,645.5804594673598
7834,John S Rainey,SC,34.347734,-82.774478,SC,1154.3,609.7,544.6,8,4253491.0,0.4206517658609836,0.1607620891281958,0.1607620891281958,38.129248395348256,3486.10271043184,68.85587593560976,6295.394371255748,8.56359143560803,782.9569312555913,16.096521769202855,1471.681990327118
55690,Bethlehem Power Plant,PA,40.6175,-75.3147,PJM,1153.0,0.0,1153.0,8,5933716.699999999,0.5874804163844962,0.1473290860079968,0.1473290860079968,19.841442435553603,1814.0747369649007,31.689180221507822,2897.2964773950007,3.09094083021155,282.60030447648455,6.0074407051936225,549.2517216177025
55215,Odessa-Ector Power Plant,TX,31.8403,-102.3264,ERCO,1152.8,0.0,1152.8,6,7501523.0,0.7428333119440774,0.201689299208725,0.201689299208725,71.00719855279242,6492.086724826734,71.0106734722193,6492.404431745763,14.166204027569899,1295.1957968063905,14.16967894699678,1295.5135037254197
55198,Riverside Generating LLC,KY,38.191661,-82.604586,PJM,1150.0,1150.0,0.0,5,535150.0,0.053121897955132,0.1415165865204614,0.1415165865204614,4.541372198992102,415.2111724792778,11.979784724175737,1095.29460335321,1.1130166924303084,101.76152616505675,3.07738864444671,281.3612474922706
6112,Fort St Vrain,CO,40.2461,-104.8742,PSCO,1148.5,280.6,867.9,6,3850274.0,0.3826982981574139,0.1819376467466706,0.1819376467466706,97.99133787030199,8959.208033856181,98.08446571094242,8967.722579286163,24.699032302391966,2258.1972390758365,24.711542012328742,2259.3409839843416
60464,Tenaska Westmoreland Generating Station,PA,40.175249,-79.696665,PJM,1134.0,0.0,1134.0,3,7068519.0,0.7115595781691673,0.1367158385047616,0.1367158385047616,23.20134202940582,2121.265556974246,37.53121476198186,3431.425349666912,6.00987314879244,549.4741164610231,9.881975866167066,903.4949363352745
6073,Victor J Daniel Jr,MS,30.5322,-88.5553,SOCO,1132.4,0.0,1132.4,6,8029278.0,0.8094173848245695,0.1678908411640264,0.1678908411640264,9.617881989724033,879.3492104890544,29.11252746647481,2661.7167969348393,2.2566126758171787,206.3188732175706,6.411226342597312,586.169265608897
55455,Red Hawk,AZ,33.334562,-112.840641,SRP,1127.0,0.0,1127.0,6,4173915.0,0.4227811136366399,0.2053262336365061,0.2053262336365061,79.875540422138,7302.906552881188,79.875540422138,7302.906552881188,25.83394098721163,2361.9603188307774,25.83394098721163,2361.9603188307774
55841,Silverhawk,NV,36.4078,-114.9606,NEVP,1120.3,455.6,664.7,5,2852939.0,0.2907060323453804,0.2059226673483782,0.2059226673483782,7.39706098400374,676.3027185374847,7.39706098400374,676.3027185374847,5.385430127781743,492.3821831114736,5.385430127781743,492.3821831114736
59220,Wildcat Point Generation Facility,MD,39.719364,-76.161625,PJM,1113.6,0.0,1113.6,3,2968185.0,0.304268951247835,0.1539311040021332,0.1539311040021332,42.59764728637583,3894.6420376115043,59.9131707905289,5477.77561513407,11.103062552773405,1015.1371476821398,16.33559622577234,1493.5402263563278
55097,Lamar Power Project,TX,33.6308,-95.59,ERCO,1112.6,0.0,1112.6,6,5938348.0,0.6092878009221069,0.1642711959169675,0.1642711959169675,81.24570115215758,7428.178391054406,97.16534952253214,8883.689099202937,19.129431444985478,1748.9765892558148,23.968604238861367,2191.415244695896
59906,Moxie Freedom Generation Plant,PA,41.113056,-76.158056,PJM,1105.0,0.0,1105.0,2,7915249.0,0.817707907188165,0.1390041387669687,0.1390041387669687,19.680206174146274,1799.3331359219449,42.9903131816135,3930.5429194618055,3.628510865550197,331.7495648503037,9.860778857663085,901.5569241291962
55061,Tenaska Georgia Generation Facility,GA,33.3516,-84.9996,SOCO,1099.1999999999998,1099.1999999999998,0.0,6,28554.551,0.0029654766563312,0.1564958223398114,0.1564958223398114,17.484057096356846,1598.5423630954829,71.4172390451645,6529.576141272181,4.1587835700923925,380.23164069416157,19.2524435926971,1760.2234141894492
7153,Hay Road,DE,39.7436,-75.5072,PJM,1098.2,0.0,1098.2,8,1785899.85,0.1856399980790484,0.1538125548197334,0.1538125548197334,10.448735224691523,955.3129348289391,14.913311704349532,1363.5027843976713,1.3878828190966757,126.89214346026748,1.9525572259650026,178.51951780251449
55153,Guadalupe Generating Station,TX,29.6244,-98.1419,ERCO,1088.2,0.0,1088.2,6,6450394.0,0.6766645350413191,0.1703426288513634,0.1703426288513634,78.03869801308817,7134.966675482346,83.99818483019082,7679.834041617446,24.878685636761766,2274.6226867896467,25.84818815686185,2363.2629171987974
55279,Aurora,IL,41.8151,-88.2265,PJM,1086.2,1086.2,0.0,10,354861.0,0.0372944637961171,0.1506511762805725,0.1506511762805725,12.975349139977434,1186.3176356550796,17.84822865229408,1631.838048209744,5.551531276386703,507.5685738410699,7.565942068150205,691.7432748023044
55419,Plaquemine Cogeneration Plant,LA,30.3217,-91.2347,MISO,1084.8,0.0,1084.8,7,4792779.49,0.5043519048184292,0.1680702172617427,0.1680702172617427,40.11690230752477,3667.83106811655,40.712156005349655,3722.2542633462535,9.88301834199513,903.5902484109832,10.063366660250308,920.0792375085995
7757,Chouteau,OK,36.222058,-95.277064,AECI,1069.6,0.0,1069.6,6,6759803.0,0.7214538230482611,0.1688136901748395,0.1688136901748395,61.00464298251254,5577.567358401146,93.48610483334946,8547.301013334807,8.387065528722424,766.8174197689073,22.414272779217043,2049.3049398141293
55927,Jasper,SC,32.3594,-81.1242,SCEG,1068.2,0.0,1068.2,4,4612786.5,0.4929543169536257,0.1622807589219962,0.1622807589219962,6.8052822056057325,622.1972302268098,43.00039044795146,3931.46426952699,1.2763379054937631,116.69375135942975,9.46220559939972,865.1159405165457
58215,Lee Combined Cycle Plant,NC,35.373611,-78.089444,DUK,1068.0,0.0,1068.0,4,6549344.9,0.7000394305918971,0.1677727238511441,0.1677727238511441,46.992030393610825,4296.414207415846,57.0710341912821,5217.923126060077,11.427967519186874,1044.8427446113712,14.26836665872023,1304.5363802258496
59764,Oregon Clean Energy Center,OH,41.667928,-83.443664,PJM,1060.0,0.0,1060.0,3,6321090.0,0.6807411475833549,0.1479231772374306,0.1479231772374306,34.48440540849171,3152.859923062099,36.34244482604552,3322.7378126670187,9.148072883209585,836.3952350363047,9.687380378261674,885.7033488696386
54,J K Smith,KY,37.8833,-84.1017,PJM,1055.0,1055.0,0.0,9,626774.89,0.0678195686987383,0.1506198070384518,0.1506198070384518,26.00177959553003,2377.3055630198883,36.17182628218562,3307.138402942685,6.290646638484507,575.1448355185834,9.04869018760076,827.3088171520694
358,Mountainview Generating Station,CA,34.0818,-117.2418,CISO,1036.8,0.0,1036.8,6,2493397.6100000003,0.2745316650899854,0.1990582354878506,0.1990582354878506,11.96935996589509,1094.3414825961224,11.99472687771133,1096.6607431050356,4.025694156042811,368.0634656953427,4.029864059355069,368.4447139981777
55226,Freestone Energy Center,TX,31.8907,-96.1131,ERCO,1036.0,0.0,1036.0,6,6855216.0,0.7553657375575183,0.1675231277122981,0.1675231277122981,46.0239178412815,4207.901059774308,62.957547700420236,5756.118646895564,13.390949503432521,1224.3153831709733,19.86715683931253,1816.4257681657166
61028,Hickory Run Energy Station,PA,40.994444,-80.43,PJM,1033.7,0.0,1033.7,3,5495460.0,0.6068836378430456,0.130796689145068,0.130796689145068,33.74529004639391,3085.2836613845857,65.20165066630064,5961.293775204629,7.707371288824303,704.6739464067933,15.92764068505639,1456.2414340622984
2706,Asheville,NC,35.4731,-82.5417,CPLE,1011.5,423.5,588.0,6,3825799.08,0.4317697032076328,0.1609713103469643,0.1609713103469643,12.820715225481184,1172.1796777582795,23.901538293922545,2185.2835011586326,1.6551041230239023,151.3238055336139,4.926393271490629,450.41309910771463
55439,Tenaska Virginia Generating Station,VA,37.8667,-78.3813,PJM,1011.4,0.0,1011.4,4,5120934.0,0.5779923935627003,0.1545698299959273,0.1545698299959273,23.888333600100392,2184.076214866321,69.50811831203552,6355.027959957532,6.231920500170201,569.7755885869897,20.516619280196778,1875.8051913322765
55451,Magnolia Power Plant,MS,34.835,-89.2026,TVA,1003.5,0.0,1003.5,6,6704562.0,0.7626915385192921,0.1579878124104532,0.1579878124104532,26.00977191021186,2378.0362889336557,62.85364760955646,5746.61921001659,8.926720515717202,816.1573042941441,19.06375546781741,1742.9719284861628
60926,St. Charles Power Station (LA),LA,30.01,-90.460833,MISO,1000.0,0.0,1000.0,3,5206712.0,0.5943735159817352,0.1710419056257761,0.1710419056257761,15.842157667155094,1448.42584385418,16.831814719931092,1538.9087743936996,5.5056623399518605,503.37484250988433,6.0533096416284655,553.4454529488881
60925,Montgomery County,TX,30.44083,-95.5275,MISO,1000.0,0.0,1000.0,3,5929308.0,0.6768616438356164,0.1592377142829941,0.1592377142829941,29.798824053284008,2724.463913443109,55.36658621239648,5062.087882276249,11.025224357611249,1008.0205126958855,17.510813975943837,1600.9887063720078
60927,Lake Charles Power,LA,30.27099,-93.28861,MISO,1000.0,0.0,1000.0,3,5962677.0,0.6806708904109589,0.1599841071722568,0.1599841071722568,12.538899259961052,1146.4136466250104,30.658519119494617,2803.064605210936,1.7746413513086436,162.25292354821883,6.125935457650299,560.0855275565987
3405,John Sevier,TN,36.3767,-82.9639,TVA,996.9,0.0,996.9,4,4092926.0,0.4686819093527836,0.1526618354163026,0.1526618354163026,22.460489207594573,2053.530441837218,29.77693206089465,2722.462359853225,6.440415665783122,588.8380037287425,8.256061066328973,754.8398689215061
55286,Oleander Power Project LP,FL,28.3661,-80.7947,FPL,994.4,994.4,0.0,5,488123.87,0.0560357029043006,0.1828918354347795,0.1828918354347795,3.7567353924021436,343.47295016248165,6.891807699335095,630.1081325106371,1.5741385003775514,143.92123432023325,2.914762415268632,266.4925636817035
55144,Hays Energy Project,TX,29.7806,-97.9894,ERCO,989.0,0.0,989.0,4,5417165.0,0.6252758655715149,0.1709281225010298,0.1709281225010298,81.53481444847415,7454.611606717635,96.19723697020281,8795.175951561398,24.025245425519543,2196.5938674760723,25.2164478050547,2305.5037993192864
55166,Broad River Energy Center,SC,35.0786,-81.575,DUK,985.0,985.0,0.0,5,522245.59,0.0605249507451962,0.1661677772753601,0.1661677772753601,19.452598951685506,1778.5233327255316,55.751607284895,5097.289808904685,4.191447812705083,383.2180857330361,13.941029248707945,1274.6083884532977
1355,E W Brown,KY,37.78831,-84.71257,LGEE,980.6,980.6,0.0,7,184679.75,0.021499248666132,0.1545913999624193,0.1545913999624193,53.113795947948866,4856.11848666961,60.32772867815593,5515.678050574255,9.608152215328763,878.4596311157725,11.466191632882575,1048.3375207206925
7538,Wayne County Energy Complex,NC,35.375789,-78.098052,CPLE,979.7,979.7,0.0,5,50260.879,0.0058564287688477,0.1693110700145337,0.1693110700145337,48.126244094545115,4400.113745786981,58.48949630133534,5347.611090407802,11.07700065707179,1012.7543457894208,14.035199565176447,1283.2182459589892
55401,Rolling Hills Generating,OH,39.0839,-82.3328,PJM,977.5,977.5,0.0,5,2201875.0,0.257141272232538,0.1410050299855795,0.1410050299855795,14.215547883431624,1299.7072350566054,33.05725599987127,3022.3776914168016,4.688013798806523,428.6184044623106,9.81351995345749,897.236110030399
50006,Linden Cogen Plant,NJ,40.6322,-74.2156,NYIS,974.1,0.0,974.1,9,5591597.5,0.6552820212452286,0.1504261941375277,0.1504261941375277,1.5967254766522847,145.98632929392315,4.071215600534965,372.22542633462535,0.41699033122584145,38.124830283505496,0.7203507971926412,65.86064431475576
641,Gulf Clean Energy Center,FL,30.5661,-87.2244,FPL,972.4,972.4,0.0,4,751495.0,0.0882220284416094,0.1664106615417484,0.1664106615417484,7.211152794665551,659.3053983694217,23.507482430914123,2149.2555365407197,0.8138261297757673,74.40696043664157,4.5107929080355404,412.4153515918208
55087,Zeeland Generating Station,MI,42.8206,-85.9975,MISO,968.2,377.4,590.8,5,5680972.0,0.669812833493212,0.1422416677687414,0.1422416677687414,69.27078131517948,6333.328577387837,74.0498380029703,6770.270903128712,14.181841164990868,1296.625477942022,14.930338809541254,1365.0595483009145
60376,"Clean Energy Future-Lordstown, LLC",OH,41.14889,-80.85162,PJM,962.0,0.0,962.0,3,6453066.0,0.7657498647224674,0.1309378143896336,0.1309378143896336,32.30806337143551,2953.8800796741034,73.64605236556662,6733.353359137518,9.095601599863667,831.5978605589637,21.306468465927058,1948.0199740276164
55518,High Desert Power Plant,CA,34.5953,-117.3647,CISO,960.0,0.0,960.0,4,4596087.0,0.5465286101598174,0.2137621146088366,0.2137621146088366,69.37572388187131,6342.9233263425185,69.37676635769937,6343.018638418227,17.126140395387996,1565.8185504354738,17.126140395387996,1565.8185504354738
3264,W S Lee,SC,34.6022,-82.435,DUK,954.7,108.0,846.7,5,5645938.93,0.6750953980140549,0.1651880698388989,0.1651880698388989,37.438434413284114,3422.942574928833,85.93510491873485,7856.923878284329,7.886677131251415,721.0676234287007,20.63789396819496,1886.893162806396
55333,Delta Energy Center,CA,38.0169,-121.8439,CISO,943.5,0.0,943.5,4,3099000.0,0.3749519059752742,0.1904145819150599,0.1904145819150599,16.29876207984739,1490.1725330146182,16.313704233382982,1491.5386727664438,0.5712767537794028,52.231017488402536,0.5723192296074674,52.3263295641113
55137,Rio Nogales Power Project,TX,29.593056,-97.973215,ERCO,940.2,0.0,940.2,4,5029298.0,0.6106368605144733,0.1711165730798814,0.1711165730798814,82.77397071610028,7567.905894043453,88.73206756543217,8112.64617741094,15.667716711925616,1432.4769565189133,16.437411364979983,1502.849039083884
55062,Tenaska Frontier Generation Station,TX,30.5924,-95.9178,ERCO,939.7,0.0,939.7,4,4297007.0,0.5220026745152806,0.1629444241491356,0.1629444241491356,75.41096394247998,6894.716703312454,108.78687005379633,9946.228119204236,20.57395545074033,1881.0473554962584,26.644292197560517,2436.04957234839
55132,Tenaska Gateway Generating Station,TX,32.017826,-94.619743,ERCO,939.6,0.0,939.6,4,1512902.0,0.1838076923824575,0.1594907690906754,0.1594907690906754,43.036529609991035,3934.768421484894,99.17037803184306,9067.005991482793,11.83418560018938,1081.982683445886,23.959221956408786,2190.5574360145174
55271,Tenaska Lindsay Hill Generating Station,AL,32.6514,-86.7386,SOCO,939.4,0.0,939.4,4,1752217.0,0.2129282219390011,0.1608565324734319,0.1608565324734319,30.440294179486425,2783.1126106959014,64.83261422316576,5927.553300403726,7.969727705553895,728.6608187934988,16.164977681912433,1477.9408166319936
10554,Formosa Utility Venture Ltd,TX,28.6917,-96.5417,ERCO,933.4,0.0,933.4,13,4423550.600000001,0.5410022816374174,0.1686174684245704,0.1686174684245704,49.277484900671126,4505.37004806136,53.13186552896865,4857.770562648562,13.579637628312215,1241.5668688742594,15.394240553030002,1407.4734219913144
55327,Baytown Energy Center,TX,29.7731,-94.9019,ERCO,932.9,0.0,932.9,4,5088871.0,0.6227048419251403,0.1613469515151865,0.1613469515151865,25.419730591527294,2324.089654082495,30.384347976713627,2777.9975292995314,8.424594658532751,770.2486544944228,10.049119490600091,918.7766391405796
55440,Central Alabama Generating Station,AL,32.6497,-86.74,SOCO,927.1,0.0,927.1,4,3488057.0,0.4294898315511274,0.1608565324734319,0.1608565324734319,30.345428879132548,2774.439211806404,64.76937068959651,5921.771034477395,7.939148414597334,725.8649979060418,16.08957193034909,1471.0465764890596
55299,Channel Energy Center LLC,TX,29.7189,-95.2319,ERCO,923.8,0.0,923.8,4,4070112.69,0.5029494872281554,0.1649630496812481,0.1649630496812481,3.2938761247414594,301.1543885477905,5.830914798308016,533.1122101310185,0.9507379551949185,86.92461304639254,1.4757982805967906,134.93012851170656
1396,Coughlin Power Station,LA,30.8439,-92.261111,MISO,922.8,0.0,922.8,5,4344901.0,0.5374872830951264,0.1634508700888544,0.1634508700888544,41.14200353845496,3761.554609230167,59.948614968683096,5481.016225708168,9.722477064473182,888.9121887518337,12.489555404099328,1141.9022083747955
55503,"Waterford Power, LLC",OH,39.5333,-81.7178,PJM,921.6,0.0,921.6,4,6699999.0,0.8299045882087139,0.1402111245806601,0.1402111245806601,23.934897520420613,2188.333487581313,36.10997271638712,3301.4832197839646,5.999100898569106,548.4892250120324,8.866604409632142,810.6609745949386
7709,Dahlberg,GA,34.042267,-83.397721,SOCO,919.0,919.0,0.0,10,211890.19,0.0263203241065084,0.1599974727801416,0.1599974727801416,26.428847193093834,2416.351743368579,67.83355464022107,6201.924995677354,6.048097262488143,552.9688925703443,16.9788038116882,1552.3477770686352
55187,Channelview Cogeneration Plant,TX,29.836952,-95.121744,ERCO,918.3,0.0,918.3,5,5799983.0,0.7210045910723458,0.1613469515151865,0.1613469515151865,15.635052469312926,1429.4905114800388,24.34285306113656,2225.632279875342,3.3261928754114622,304.10906289476225,5.235661100483128,478.68901490131447
2336,Tracy,NV,39.5625,-119.525,NEVP,913.1,170.0,743.1,7,4016901.0,0.5021907156562846,0.1956181283676666,0.1956181283676666,13.767630769306532,1258.75481319374,13.778750511472555,1259.7714753346336,5.13662589681699,469.63436770898187,5.146008179269572,470.4921763903608
55146,Green Country Energy LLC,OK,35.9833,-95.9346,SWPP,903.9,0.0,903.9,6,4245662.0,0.5361927335680341,0.1701987197888767,0.1701987197888767,42.714057087176386,3905.2852193989834,57.690264833152476,5274.538499031083,8.90760845886935,814.4099162394832,12.593108003020411,1151.369874561866
55269,TVA Southaven Combined Cycle,MS,34.9939,-90.0378,TVA,903.9,0.0,903.9,6,4619131.0,0.5833588442977437,0.1603669819235667,0.1603669819235667,15.461306497968826,1413.6051655285783,39.06122178563801,3571.311706115475,2.3539104197698753,215.21466695038856,5.646049084797894,516.2102020386645
55467,Ouachita,LA,32.7061,-92.0683,MISO,903.9,0.0,903.9,6,4897983.0,0.6185755940392241,0.1607201165795524,0.1607201165795524,32.94988098958061,3012.5605476187984,57.13740515233555,5223.991328213536,8.543784394874804,781.1460018171248,13.624464088918993,1245.6652881297364
55292,Decatur Energy Center,AL,34.6292,-87.0214,TVA,902.4,0.0,902.4,4,3588837.0,0.4539944470756824,0.1610949575313431,0.1610949575313431,35.09877116316445,3209.0305063464634,43.96259563725509,4019.437315406179,4.489943391474248,410.50911007764546,6.0592170046541645,553.9855547112378
55293,Morgan Energy Center,AL,34.6397,-87.0639,TVA,900.0,0.0,900.0,4,4359154.0,0.5529114662607814,0.1610949575313431,0.1610949575313431,42.07084950126052,3846.4776686866753,51.498653398334106,4708.448310704832,7.644822739140427,698.9552218642675,9.201934134326256,841.3196922812576
55706,Choctaw County,MS,33.2881,-89.4201,TVA,899.0,0.0,899.0,4,6023853.0,0.7649104027305834,0.1609600160986325,0.1609600160986325,17.387454336289526,1589.7101107464707,78.79414549649232,7204.036159679297,4.4128001801974674,403.456016475197,20.78488305995207,1900.3321654813317
55976,Hunterstown Power Plant,PA,39.8725,-77.1672,PJM,898.0,0.0,898.0,4,5465138.0,0.6947374174980423,0.1515078123519203,0.1515078123519203,65.63914302214508,6001.293076310406,84.95622011618218,7767.425839193798,18.537305174644782,1694.839330253237,24.04748490985159,2198.6271917578592
55089,Taft Cogeneration Facility,LA,29.9888,-90.4599,MISO,894.2,0.0,894.2,4,4868523.3,0.6215248266607023,0.1710419056257761,0.1710419056257761,15.123891821618582,1382.7558236908415,15.981501936173062,1461.1658913072513,4.068088173050771,371.93949010749907,4.351641598284344,397.8643747002828
2539,Bethlehem Energy Center,NY,42.594196,-73.763752,NYIS,893.1,0.0,893.1,4,3638501.0,0.4650699758524129,0.1417137493746691,0.1417137493746691,16.713319967474416,1528.0749684548034,40.93072843730053,3742.238028553191,4.446506898638223,406.53777358978033,10.944258734964897,1000.6179414825048
7839,Ladysmith,VA,38.0722,-77.5133,PJM,892.5,892.5,0.0,5,779932.76,0.0997573334356573,0.1528133285032588,0.1528133285032588,26.209579777257577,2396.3044367778352,80.97465743686078,7403.397251370127,8.20080984744155,749.7883289089416,23.056785381247526,2108.0489491426306
55063,Batesville Generation Facility,MS,34.3356,-89.9275,TVA,891.0,0.0,891.0,6,4915248.0,0.6297434005196563,0.1626324804725304,0.1626324804725304,58.32026772524619,5332.138763451079,92.77270387501059,8482.07578285811,13.019480616698836,1190.3525135267505,18.966805215807398,1734.1079054452475
55317,Fore River Generating Station,MA,42.2422,-70.9661,ISNE,872.2,0.0,872.2,3,3212475.5,0.4204551106266733,0.1509560966702412,0.1509560966702412,1.0803524498176176,98.77508112618217,8.348493923084034,763.290872967683,0.2053677381287269,18.77647891462646,1.3180369386163473,120.50623438778031
58420,Hamilton Liberty,PA,41.7675,-76.39,PJM,870.0,0.0,870.0,2,5874244.0,0.770776780559492,0.1361161869545058,0.1361161869545058,26.53517972755642,2426.0735750908725,42.877725792182524,3920.2492152852587,6.865745803633479,627.7253306179181,10.14224733124053,927.2911845705626
58426,Hamilton Patriot Generation Plant,PA,41.180833,-76.839167,PJM,870.0,0.0,870.0,2,6331013.0,0.8307107804545216,0.1370518812056197,0.1370518812056197,41.96521195068331,3836.819378348188,57.82335424720206,5286.706674029902,7.6535100377076315,699.7494891618405,11.773722002161634,1076.454583054778
7380,Midulla Generating Station,FL,27.641667,-81.9625,SEC,853.3,310.0,543.3,8,2884488.0,0.3858894316826374,0.1763081971593811,0.1763081971593811,54.19345341388111,4954.830026411986,57.1506098461577,5225.198614505846,13.155349966289922,1202.7748540607927,14.047014291227846,1284.2984494836887
58697,L V Sutton Combined Cycle,NC,34.283056,-77.985278,CPLE,851.0,121.0,730.0,5,4000510.807,0.5366384440277084,0.1593905696213186,0.1593905696213186,11.877969584968094,1085.985790625654,30.446896526397502,2783.716253842057,2.8317118409661517,258.8993683169053,6.534933474194312,597.479631926337
55694,Quantum Choctaw Power LLC,MS,33.3792,-89.2089,TVA,850.5,0.0,850.5,3,3847542.0,0.5164222496033759,0.1593795523478119,0.1593795523478119,18.832325833987063,1721.812647678817,71.1281257488479,6503.1429256089505,5.626242044064666,514.399272600198,19.23541648750538,1758.6666502862058
56047,CPV Towantic Energy Center,CT,41.481243,-73.123108,ISNE,841.5,0.0,841.5,3,5580210.5,0.7569938574571935,0.1497900855872033,0.1497900855872033,3.089550862440797,282.4732217088728,27.73715435731491,2535.9683983830773,1.082784893416435,98.99747596950262,8.64073464688481,790.0100248580397
55149,Lake Road Generating Plant,CT,41.872043,-71.895799,ISNE,840.0,0.0,840.0,3,5840726.0,0.793749456403566,0.1483002339022323,0.1483002339022323,10.044602095345144,918.3636201458417,49.782738185339774,4551.564634088208,2.521401536145588,230.52814044759657,11.126344512933516,1017.2657840396356
57037,Ratcliffe,MS,32.654722,-88.762222,SOCO,840.0,0.0,840.0,3,4221091.0,0.573642503805175,0.1576276491437983,0.1576276491437983,21.469789678990512,1962.9521992219895,72.1473196167524,6596.326364960219,5.688790593748542,520.1179971427238,17.68594991505869,1617.00113509108
55801,Marcus Hook Energy LP,PA,39.807038,-75.421606,PJM,836.0999999999999,0.0,836.0999999999999,4,6598979.9,0.9009786003618672,0.1538125548197334,0.1538125548197334,11.624995450691083,1062.8567269203274,18.481011479929293,1689.6924781649636,1.7798537304489666,162.72948392676264,2.9109400038990616,266.1430860707713
59773,Carroll County Energy,OH,40.60441,-81.05918,PJM,832.3,0.0,832.3,3,5351481.0,0.7339897363141255,0.1393759692307949,0.1393759692307949,30.88404139029926,2823.683784255932,49.029028161649066,4482.654003350771,7.561772164837946,691.3620264994693,12.270635480205762,1121.8866724759553
60302,Keys Energy Center,MD,38.695519,-76.827785,PJM,830.6,0.0,830.6,3,4916094.0,0.6756536783114369,0.1592023499298182,0.1592023499298182,19.080782573009127,1744.5286923894057,58.76957480714203,5373.218268081556,5.912575404839743,540.5783227282051,18.289890911450783,1672.218597618357
57267,Marsh Landing Generating Station,CA,38.016944,-121.765,CISO,828.0,828.0,0.0,4,139266.0,0.0192004169148302,0.1904145819150599,0.1904145819150599,35.32950581310942,3230.1262457700036,35.33506568419243,3230.6345768404503,6.377519624156557,583.0875084943137,6.377519624156557,583.0875084943137
3456,Newman,TX,31.983587,-106.431777,EPE,824.8,227.8,597.0,7,2966180.0,0.4105298530929319,0.20930435850874,0.20930435850874,56.94767455162779,5206.644530434541,56.94767455162779,5206.644530434541,21.822841492761725,1995.2312221953575,21.822841492761725,1995.2312221953575
55620,Perryville Power Station,LA,32.6908,-92.0183,MISO,824.1,186.2,637.9,4,3812850.0,0.5281602345771975,0.1607201165795524,0.1607201165795524,33.26436119771344,3041.3130237909427,61.74410583655303,5645.175390770562,11.306345339246002,1033.7230024453486,16.637219232025696,1521.1171869280636
55411,Hillabee Energy Center,AL,33.000669,-85.903278,SOCO,822.8,0.0,822.8,3,4415953.0,0.6126692072730825,0.1591751664137121,0.1591751664137121,14.270104118433672,1304.6952336853642,61.12452770273997,5588.528247107653,3.495421451500616,319.58138985148486,15.706288317564008,1436.0035033201377
55320,Wise County Power LLC,TX,33.0583,-97.9103,ERCO,821.7,0.0,821.7,3,3444961.0,0.4785936328682657,0.1777069597530096,0.1777069597530096,89.2647727135732,8161.35064809812,112.39348892695718,10275.976130464654,23.02585859834828,2105.221357563271,28.267427061857106,2584.450474226935
55239,Red Oak Power LLC,NJ,40.448674,-74.348879,PJM,821.0999999999999,0.0,821.0999999999999,4,3249385.0,0.4517529664238139,0.1498588640853793,0.1498588640853793,4.092412609038946,374.16343854070357,12.196619696413174,1115.119515100633,1.5466866369051837,141.4113496599025,4.086157754070558,373.591566086451
55047,Pasadena Cogeneration,TX,29.72475,-95.176479,ERCO,815.0,0.0,815.0,5,4941991.0,0.6922137714653892,0.1649630496812481,0.1649630496812481,4.18623543356476,382.7415253544923,6.9015374737303645,630.997711883919,1.6036753155060486,146.62174313198156,2.4651078414300995,225.38128835932335
55234,Audrain Generating Station,MO,39.3092,-91.5369,MISO,814.4,814.4,0.0,8,146382.0,0.0205185092983825,0.1616226748725759,0.1616226748725759,108.17875915409199,9890.629408374123,112.35630728908954,10272.576666431043,26.528229888702658,2425.438161252814,27.17873480541497,2484.9128964950824
59004,"Potomac Energy Center, LLC",VA,39.058056,-77.545,PJM,812.0,0.0,812.0,3,4833190.0,0.6794753919517736,0.1545577213038858,0.1545577213038858,23.83690479258254,2179.3741524646894,43.56506485481979,3983.091643869237,6.217325838577296,568.441219527067,12.244921076446834,1119.535641275139
6124,McIntosh,GA,32.356287,-81.168347,SOCO,810.4,810.4,0.0,8,25531.379,0.0035964227316574,0.1644808512694447,0.1644808512694447,9.343710846943043,854.2821345776496,42.04235516196009,3843.8724719506363,1.8260701588264974,166.95498594985116,7.299415748108355,667.3751541127638
1363,Cane Run,KY,38.1831,-85.8892,LGEE,807.0,0.0,807.0,3,4270850.0,0.6041387290432461,0.1544329767575972,0.1544329767575972,19.433486894837653,1776.775944670871,37.14515121365527,3396.128110962767,4.925003303719876,450.2860163401029,9.43127881650047,862.2883489371857
55172,Thad Hill Energy Center,TX,31.8594,-97.3586,ERCO,807.0,0.0,807.0,5,4085059.0,0.5778574176865667,0.1723310743685629,0.1723310743685629,74.78791088924004,6837.7518527305165,91.92586601067944,8404.650606690691,15.356711423219677,1404.042187265799,20.242448137415785,1850.7381154208715
116,Ocotillo,AZ,33.4225,-111.9122,AZPS,806.2,806.2,0.0,7,539884.0,0.0764457871586528,0.2022058418275215,0.2022058418275215,15.411267658221725,1409.0301858945575,15.411267658221725,1409.0301858945575,3.0627939828538056,280.02687843234787,3.0627939828538056,280.02687843234787
58005,Rayburn Energy Station LLC,TX,33.582573,-96.617893,ERCO,803.2,0.0,803.2,3,3829603.0,0.5442844773872546,0.1725266312596783,0.1725266312596783,76.98718739451367,7038.828561784106,93.64664611087142,8561.979072993958,17.0847888542081,1562.037838099026,22.904236418407407,2094.101615397248
55197,Caledonia,MS,33.6464,-88.2717,TVA,801.0,0.0,801.0,6,5125481.0,0.7304626351763492,0.1570922290402134,0.1570922290402134,31.752771247019762,2903.110514013235,59.961124678619875,5482.1599706166735,7.963125358642819,728.0571756473433,14.67215229612392,1341.453924217044
55123,Magic Valley Generating Station,TX,26.3403,-98.19,ERCO,801.0,0.0,801.0,3,2193832.0,0.3126559836733763,0.1763063294743471,0.1763063294743471,66.59231342093882,6088.4400842001205,68.42359595890564,6255.871630528514,15.73860506823401,1438.9581776671093,15.892891490787571,1453.0643648720063
57482,"Sentinel Energy Center, LLC",CA,33.934167,-116.571388,CISO,800.0,800.0,0.0,8,419805.0,0.0599036815068493,0.2144245361279881,0.2144245361279881,48.50779024761676,4434.997965496389,48.508832723444826,4435.093277572098,21.18241384238737,1936.6778370182735,21.18241384238737,1936.6778370182735
7981,Mill Creek (SC),SC,35.1597,-81.4306,DUK,799.2,799.2,0.0,8,30696.875,0.0043846464900974,0.1672156323908002,0.1672156323908002,23.940109899560934,2188.8100479598565,59.20150729190347,5412.709238116888,7.115245018483608,650.5366874042155,14.515085938028854,1327.0935714769237
60903,Salem Harbor Power Development LP,MA,42.525486,-70.878239,ISNE,798.2,0.0,798.2,4,1149956.0,0.1644619343294101,0.1518700414697201,0.1518700414697201,1.262090735843547,115.39115299140998,7.7000739580278506,704.006761876832,0.17722089077098263,16.203052870489838,1.032746053669334,94.42249633548195
55348,Troy Energy LLC,OH,41.47724,-83.45983,PJM,795.6,795.6,0.0,4,986169.15,0.1414987267298911,0.1438679298830728,0.1438679298830728,95.7854590181173,8757.527681656436,103.70584286780947,9481.677062199722,23.25728823217862,2126.3806383706165,26.414600023443615,2415.049145000559
55332,Washington County Power LLC,GA,33.092239,-82.979992,SOCO,795.6,795.6,0.0,4,172392.0,0.0247353595459961,0.1628260417684091,0.1628260417684091,24.70181223793347,2258.45140461106,83.04084452808482,7592.305785424896,6.199951241442887,566.852684931921,19.668738940037567,1798.2847030891487
7835,Essential Power Rock Springs LLC,MD,39.71901,-76.15976,PJM,795.6,795.6,0.0,4,178967.0,0.0256787617283185,0.1539311040021332,0.1539311040021332,42.63865133561304,3898.390979256049,60.06467727754096,5491.627636803744,11.099587633346523,1014.8194407631106,16.37938021055105,1497.543333536096
55170,Granite Ridge,NH,42.9042,-71.4261,ISNE,790.0,0.0,790.0,3,3137690.0,0.4533972024738454,0.1474524520331793,0.1474524520331793,5.153305510066024,471.1593609203221,31.072729515178953,2840.935269959218,1.3076121803357013,119.55311363069266,8.30887984161758,759.6690140907501
55139,Wolf Hollow I LP,TX,32.33422,-97.731686,ERCO,788.4000000000001,0.0,788.4000000000001,3,3210123.0,0.464805171563006,0.1773704487957958,0.1773704487957958,62.07630813376296,5675.548172229755,78.43761876329422,7171.439429786899,18.733290630320926,1712.7580004864844,22.43998718297597,2051.6559710149454
7846,Brandy Branch,FL,30.320556,-81.947222,JEA,783.1,185.0,598.1,4,5215058.05,0.760217419761876,0.163660112183918,0.163660112183918,14.5637348100052,1331.5414683433326,55.3276671148154,5058.529564783122,3.6556152370798767,334.22767881873153,13.259597549096382,1212.306061631669
55402,Renaissance Power Plant,MI,43.1864,-84.8429,MISO,782.0,782.0,0.0,4,1070105.0,0.1562124105151292,0.1418793382293623,0.1418793382293623,90.01639778560778,8230.07065468414,97.01766544688965,8870.186555144195,22.95219030649838,2098.4859708798517,24.395671836425166,2230.461425044586
57794,St Joseph Energy Center,IN,41.698992,-86.479699,PJM,780.0,0.0,780.0,3,5626874.0,0.8235092495024002,0.1420532693515647,0.1420532693515647,81.14736093237681,7419.187285245879,94.00386782795488,8594.63934427016,22.569949169541356,2063.538209786638,24.850538789404023,2272.0492607455103
55656,"Pastoria Energy Facility, LLC",CA,34.9556,-118.844,CISO,779.0,0.0,779.0,5,4007072.0,0.5871993716332261,0.1915093262742491,0.1915093262742491,56.68844556238239,5182.943594274961,56.759681410633476,5189.45658611506,16.78386083184012,1534.5244189110965,16.78768324320969,1534.8738965220284
55337,Ironwood LLC,PA,40.3509,-76.3658,PJM,777.5999999999999,0.0,777.5999999999999,3,4407279.0,0.6470087977056205,0.150258066792856,0.150258066792856,69.91051398166844,6391.818421181114,76.43641266535288,6988.472015117976,17.39023427183103,1589.9642762816939,18.490741254324565,1690.5820575382456
56846,CPV St Charles Energy Center,MD,38.5686,-76.8919,PJM,775.3,0.0,775.3,3,3628467.0,0.5342558514688968,0.1556149161160327,0.1556149161160327,17.507339056516955,1600.6709994529785,55.48403848902509,5072.826376139436,3.90997933912764,357.4838252916699,11.975614820863479,1094.913355050375
57839,Woodbridge Energy Center,NJ,40.515,-74.318889,PJM,772.9,0.0,772.9,3,3608119.2,0.5329095011316568,0.1498588640853793,0.1498588640853793,2.212133707153089,202.25222465399668,6.620763984038298,605.3269928263586,0.5368750514532709,49.085718990013326,1.1116267246595557,101.63444339744508
56940,CPV Valley Energy Center,NY,41.4122,-74.4378,NYIS,770.5,0.0,770.5,3,5001908.0,0.7410695183996634,0.1443687880827376,0.1443687880827376,29.054843803988568,2656.4428620789545,58.156946512182735,5317.206538256706,5.235661100483128,478.68901490131447,12.30364721476114,1124.9048882067327
56963,West Deptford Energy Station,NJ,39.8414,-75.2214,PJM,754.6,0.0,754.6,3,1191426.0,0.1802379197542742,0.1600503871275833,0.1600503871275833,14.412575814935833,1317.7212173655616,20.029783068490605,1831.2944519762837,2.1700871820878165,198.4079709337432,3.058276587598859,279.61385943760996
55409,Calhoun Energy Center,AL,33.5883,-85.9731,SOCO,748.0,748.0,0.0,4,313865.87,0.047900317131834,0.1572766464390898,0.1572766464390898,33.838417887034346,3093.7982068145684,65.50396865643937,5988.9342771601705,8.328339390408118,761.4481728373136,17.372164690811243,1588.312200302742
55714,Magnet Cove,AR,34.4297,-92.8317,MISO,746.0,0.0,746.0,3,4259463.0,0.6517963384626685,0.1575976781695548,0.1575976781695548,17.94900131567366,1641.0515488615915,59.54274437962328,5443.908057565556,4.0145744138767885,367.0468035544492,14.85180563049372,1357.8793719308542
55129,Desert Basin,AZ,32.9042,-111.7889,SRP,745.1,99.0,646.1,5,2741391.0,0.4200029232078805,0.2065032990836209,0.2065032990836209,97.06735679469406,8874.729764086313,97.06735679469406,8874.729764086313,21.688709602884078,1982.9677351208297,21.688709602884078,1982.9677351208297
7082,Harry Allen,NV,36.430554,-114.902405,NEVP,745.0,186.5,558.5,5,2959410.0,0.4534660292360026,0.2059226673483782,0.2059226673483782,9.161625068974425,837.6342920205187,9.161625068974425,837.6342920205187,2.3733699685604144,216.99382569695214,2.3733699685604144,216.99382569695214
56104,Mankato Energy Center,MN,44.1988,-94.003,MISO,740.8,0.0,740.8,3,2714587.2,0.4183104529719814,0.1519627119107601,0.1519627119107601,59.54656679099285,5444.257535176488,64.08515905444345,5859.214542120543,8.228609202856605,752.3299842611752,9.240853231907336,844.8780097743849
55701,Fremont Energy Center,OH,41.377116,-83.161388,PJM,739.5,0.0,739.5,3,4150725.0,0.6407397630757546,0.1479518262340468,0.1479518262340468,89.38361495797255,8172.216224728918,96.48183287126444,8821.19614822989,20.038470367057812,1832.088719273857,21.916664317287538,2003.809309009146
57029,Cleveland Cnty Generating Facility,NC,35.170547,-81.416648,DUK,736.0,736.0,0.0,4,709501.06,0.110045206099861,0.1672156323908002,0.1672156323908002,23.862966688284153,2181.756954357408,58.639612820576644,5361.336029309864,7.263276586068782,664.07100215486,14.549487640354984,1330.2388699753126
58079,Newark Energy Center,NJ,40.707222,-74.125833,PJM,735.0,0.0,735.0,3,3122664.0,0.484991147143789,0.1504261941375277,0.1504261941375277,0.7450227251235034,68.11636343986316,1.1755652421141847,107.48025070758258,0.09173787286968513,8.387462662371211,0.1136298652590418,10.38901625225525
56,Lowman Energy Center,AL,31.488019,-87.910747,SOCO,732.7,0.0,732.7,2,4268824.0,0.6650862232824987,0.1612567643156776,0.1612567643156776,14.835821001130062,1356.4179201033198,43.034444658334905,3934.5777973334766,3.973570364639581,363.2978619099045,9.56228327889392,874.2658997845868
3441,Nueces Bay,TX,27.819412,-97.419203,ERCO,730.2,0.0,730.2,3,1682458.0,0.2630257676323119,0.1767526766062639,0.1767526766062639,25.696334177907104,2349.379124837221,26.41147259595942,2414.7632087734323,2.222558465433735,203.2053454110843,2.245145441708468,205.2704403847742
4939,Barney M Davis,TX,27.6064,-97.3117,ERCO,730.2,0.0,730.2,3,1506057.0,0.2354482539968408,0.1760289196180439,0.1760289196180439,31.71246218166793,2899.425113752496,35.689507465734394,3263.04068258143,8.997608872025594,822.63852544234,10.310085939558931,942.6364287596735
56502,Emporia Energy Center,KS,38.445883,-96.065247,SWPP,730.2,730.2,0.0,7,1548140.0,0.2420272671901987,0.1697151733642229,0.1697151733642229,103.43236670891385,9456.673527672121,109.50027101213522,10011.453349680933,26.22834434216274,2398.020054140593,27.7934480520304,2541.1152504713505
55415,Vandolah Power Station,FL,27.523607,-81.923951,FPC,728.0,728.0,0.0,4,722120.45,0.113233298522254,0.1775951040063214,0.1775951040063214,66.6194177924685,6090.918198168548,69.74684527666231,6376.8544252948395,15.761192044508743,1441.0232726407992,16.591697787533544,1516.955226288781
55193,Ontelaunee Energy Center,PA,40.4219,-75.9356,PJM,728.0,0.0,728.0,3,3625703.0,0.568534390837473,0.1460157020200792,0.1460157020200792,29.445424747570108,2692.153119777838,42.49478967134013,3885.23791280824,4.866624657348258,444.9485401004121,8.277605566775641,756.809651819487
55640,University Park North,IL,41.4425,-87.7514,PJM,726.0,726.0,0.0,12,123674.0,0.0194463313080996,0.1479492197798061,0.1479492197798061,61.36116971571064,5610.1640882935435,67.88706839939505,6206.817682230404,14.707248982335429,1344.662764099239,16.318569120580616,1491.9834624530847
56948,Coolidge Generation Station,AZ,32.917399,-111.503327,SRP,726.0,726.0,0.0,12,197336.0,0.0310288438557429,0.2039025807293746,0.2039025807293746,106.24357652526139,9713.698425166755,106.24357652526139,9713.698425166755,28.245882561410436,2582.480691328954,28.245882561410436,2582.480691328954
7916,Talbot County Energy,GA,32.5892,-84.6917,SOCO,726.0,726.0,0.0,6,494231.55,0.0777122957470093,0.1611577593032364,0.1611577593032364,15.471731256249472,1414.5582862856659,72.36693452453135,6616.405442242865,3.422100651593406,312.8777738599685,18.101897770456468,1655.0306532988768
64020,West Riverside Energy Center,WI,42.582051,-89.041214,MISO,723.2,0.0,723.2,3,4955146.0,0.7821569912514649,0.1557758789528199,0.1557758789528199,75.46482519359665,6899.641160557408,82.23118830162132,7518.280073291091,18.102245262399155,1655.0624239907797,20.201791580121267,1847.0209444682298
10,Greene County,AL,32.6017,-87.7811,SOCO,720.0,720.0,0.0,9,164619.94,0.026100320268899,0.159462159831598,0.159462159831598,33.37799106297248,3051.7020400431975,43.84027847342884,4008.2540318563506,4.793651349383736,438.2766948007986,7.124974792878878,651.4262667774973
55516,Fayette Energy Facility,PA,39.8592,-79.9182,PJM,714.9000000000001,0.0,714.9000000000001,3,5418695.0,0.8652573626863544,0.1366509628469349,0.1366509628469349,18.440007430692084,1685.943536520419,33.92980826796134,3102.1538987850367,4.077817947446041,372.82906948078084,7.724745885958713,706.2624810019394
55397,Washington Energy Facility,OH,39.58,-81.6564,PJM,714.9000000000001,0.0,714.9000000000001,3,5169207.3,0.8254191600702846,0.1402111245806601,0.1402111245806601,19.95194487332845,1824.1778169900294,32.25072720089196,2948.6379155101217,6.486632094160652,593.0635057518309,9.250930498245292,845.7993598395694
7999,Grays Harbor Energy Facility,WA,46.9692,-123.48,BPAT,714.9000000000001,0.0,714.9000000000001,3,2779650.0,0.443854586425537,0.1138782693738152,0.1138782693738152,16.781428388241302,1534.302024067776,25.75888272759098,2355.0978493797465,7.149299228867052,653.6502152107017,8.667491526471803,792.4563681345647
55418,Hot Spring Generating Facility,AR,34.29759,-92.868344,MISO,714.8,0.0,714.8,3,2034559.0,0.3249238858524145,0.1542616469901921,0.1542616469901921,27.050162786620337,2473.1577404910017,82.80732994259834,7570.955880466133,7.730305757041724,706.7708120723861,21.775930080498817,1990.942178788463
55282,Arlington Valley Energy Facility,AZ,33.3417,-112.8897,DEAA,713.0,0.0,713.0,3,3563274.0,0.5704999135430076,0.2043419597994433,0.2043419597994433,60.573057989693794,5538.108159057718,60.573057989693794,5538.108159057718,21.830486315500867,1995.9301774172218,21.830486315500867,1995.9301774172218
56532,Colusa Generating Station,CA,39.3661,-122.27,CISO,712.4,0.0,712.4,3,2845444.0,0.4559550455210889,0.1796961569084214,0.1796961569084214,82.07516441935431,7504.0150326266785,82.07516441935431,7504.0150326266785,22.67558672011857,2073.196500125126,22.67558672011857,2073.196500125126
55345,Otay Mesa Generating Project,CA,32.581481,-116.914969,CISO,710.7,0.0,710.7,3,2349626.0,0.3774055805807252,0.1999704082736828,0.1999704082736828,9.635256586858443,880.9377450842004,9.635604078801132,880.9695157761033,4.1643434411754034,380.73997176460824,4.1643434411754034,380.73997176460824
8049,Intercession City,FL,28.262778,-81.548611,FPC,708.6,708.6,0.0,7,327270.02,0.0527231037598093,0.1732725445595116,0.1732725445595116,17.174789267364346,1570.2664473018829,20.793222866576585,1901.0946620870018,2.4588529864617117,224.80941590507075,2.935611931829924,268.39880519587877
55177,South Point Energy Center,AZ,34.8678,-114.5317,WALC,708.0,0.0,708.0,3,2686489.0,0.4331593594407038,0.2055276860219516,0.2055276860219516,32.368874461405944,2959.4399507571147,32.37130690500476,2959.6623456004345,8.494788030955768,776.666334258813,8.494788030955768,776.666334258813
7238,Cane Island,FL,28.2764,-81.533,FMPP,706.0,32.0,674.0,7,4095261.0,0.6621749970895262,0.1732725445595116,0.1732725445595116,12.724459957356553,1163.3791961011705,16.113548874394578,1473.238754230361,2.4633703817166586,225.22243489980875,3.0502842729170303,278.88313352384273
58236,Marshalltown Generating Station,IA,42.043333,-92.872778,MISO,705.9,0.0,705.9,3,3495810.0,0.5653280471641177,0.1548635152193632,0.1548635152193632,82.33126598111552,7527.430032559132,85.82043257764775,7846.439549956364,15.66319931667067,1432.0639375241753,16.409959501507615,1500.339154423553
7838,Remington,VA,38.5442,-77.7714,PJM,705.5,705.5,0.0,4,846262.88,0.1369317527968441,0.1537996574361359,0.1537996574361359,48.06751795623081,4394.744498855388,78.13286832955667,7143.576532988038,11.695536315056788,1069.3061773766206,16.925637544456904,1547.4868612074881
55334,Holland Energy Facility,IL,39.223144,-88.758406,MISO,702.1,0.0,702.1,3,2604957.0,0.4235429718671773,0.1584879813349963,0.1584879813349963,81.85485452769,7483.872413960227,105.26920911796368,9624.613405070964,17.312048584726185,1582.8158706035367,25.969115352917342,2374.3191179810137
55267,Edward L. Addison Generating Plant,GA,32.9111,-84.3064,SOCO,701.2,701.2,0.0,4,237516.74,0.0386676883984923,0.160659599564359,0.160659599564359,27.28471984793487,2494.6029575254734,69.81877610879877,6383.430958518744,7.9513106325914205,726.976972122644,16.443318728005682,1503.3891408462337
62116,AES Huntington Beach Energy Project,CA,33.645618,-117.979372,CISO,699.2,0.0,699.2,3,2415040.0,0.3942927598925843,0.1927712294798983,0.1927712294798983,2.0043335254255448,183.2533508960498,2.018928187018449,184.58771995597246,1.0893872403275109,99.60111911565812,1.0893872403275109,99.60111911565812
2723,Dan River,NC,36.4862,-79.7208,DUK,697.9000000000001,0.0,697.9000000000001,3,4619858.0,0.7556685058436888,0.1604111484068356,0.1604111484068356,23.466825873619605,2145.538365588078,61.51927854963377,5624.619753109372,4.264073628726917,389.8581603407467,12.263338149409309,1121.2194879459937
2720,Buck,NC,35.7133,-80.3767,DUK,697.9000000000001,0.0,697.9000000000001,3,4208617.0,0.6884019638825151,0.1678403423646063,0.1678403423646063,28.334493006795928,2590.582217764199,69.2933682914542,6335.393672361526,6.166939506887507,563.8344692011434,15.654164526160777,1431.2378995346994
7900,Sand Hill,TX,30.2098,-97.6129,ERCO,696.4,308.4,388.0,8,2134378.0,0.3498714196166062,0.1682331969921168,0.1682331969921168,60.32321128290098,5515.265031579517,73.04454381277334,6678.358291453562,15.944320298305424,1457.7664272736386,17.611239147380726,1610.1704363319518
56798,Kleen Energy Systems Project,CT,41.553227,-72.596867,ISNE,693.0,0.0,693.0,3,2897136.0999999996,0.4772341978163895,0.1498999482908245,0.1498999482908245,4.3116800248752005,394.21074513144686,28.864418219395436,2639.032522916154,1.0834798773018115,99.06101735330847,6.722926615188629,614.6675762458175
55111,Vermillion Energy Facility,IN,39.922328,-87.446358,MISO,692.0,692.0,0.0,8,727856.0,0.1200702087787367,0.1527241987416315,0.1527241987416315,67.96872900592678,6214.28379482759,91.83134820226825,8396.008978493095,17.1025109432852,1563.6581433860752,21.734231047376234,1987.1296957601126
55672,AL Sandersville LLC,GA,33.1189,-82.8608,SOCO,692.0,692.0,0.0,8,154316.0,0.0254566210045662,0.1694770507595493,0.1694770507595493,27.99603585461762,2559.6375638507534,87.56275717828639,8005.737799157611,7.100650356890704,649.2023183442928,21.697049409508598,1983.7302317265
55222,Lincoln Generating Facility,IL,41.393315,-87.943612,PJM,692.0,692.0,0.0,8,9469.0,0.0015620463483516,0.152223744562911,0.152223744562911,97.25847736317257,8892.20364463292,98.3270150869388,8989.898522234404,26.610237987177072,2432.9360445419034,27.222866282136373,2488.947774366754
55110,Madison,OH,39.4522,-84.4647,PJM,692.0,692.0,0.0,8,1045263.0,0.1724310119566078,0.1501315281674155,0.1501315281674155,41.84532723045588,3825.85848964168,54.75117798189567,5005.821986916175,12.011406490960363,1098.1857363163758,15.571113951858297,1423.6447041699014
55236,Lee Energy Facility,IL,41.8287,-89.4054,PJM,692.0,692.0,0.0,8,116779.0,0.01926435848708,0.152986861296879,0.152986861296879,86.71279188647104,7928.026686763065,94.78815714260215,8666.345795895053,26.33120195719845,2407.424178943858,27.12244111069948,2479.766044406809
58557,Mesquite Generating Station Block 1,AZ,33.345,-112.864167,SRP,691.6,0.0,691.6,3,3581057.0,0.5910880005598823,0.2053262336365061,0.2053262336365061,75.02038299889846,6859.006445613572,75.02038299889846,6859.006445613572,24.712236996214116,2259.4045253681475,24.712236996214116,2259.4045253681475
55481,Mesquite Generating Station Block 2,AZ,33.345047,-112.864227,SRP,691.6,0.0,691.6,3,3418526.0,0.5642606912433877,0.2053262336365061,0.2053262336365061,74.99988097427985,6857.131974791299,74.99988097427985,6857.131974791299,24.70215972987616,2258.483175302963,24.70215972987616,2258.483175302963
408,Valley (CA),CA,34.244991,-118.391327,LDWP,690.5,60.5,630.0,4,1514255.0,0.2503405645435939,0.1969554842767238,0.1969554842767238,2.251747788619544,205.87408353092968,2.270512353524707,207.58970089368745,0.9027840671039468,82.54025756378941,0.9093864140150226,83.14390070994492
7296,State Line Combined Cycle,MO,37.0659,-94.614,SWPP,690.5,123.0,567.5,4,2306646.07,0.3813407116807025,0.1671707072688177,0.1671707072688177,47.393036095473015,4333.077585871818,78.03626556948934,7134.7442806390245,14.974470286262655,1369.0944261725854,20.41932153624408,1866.9093975994585
55328,Hermiston Power Partnership,OR,45.794046,-119.313323,GRID,689.4,0.0,689.4,3,4283080.0,0.7092197172314487,0.1549111509006174,0.1549111509006174,96.29800963358238,8804.389452213245,96.31503673877411,8805.946216116488,22.162341120768097,2026.2711881845114,22.163036104653475,2026.3347295683175
55687,Higgins Generating Station,NV,35.6139,-115.3561,NEVP,688.4,0.0,688.4,3,2984338.0,0.4948835762366045,0.2096201421514208,0.2096201421514208,1.077572514276112,98.5209155909588,1.077572514276112,98.5209155909588,0.8040963553804976,73.51738106335978,0.8040963553804976,73.51738106335978
55821,Curtis H Stanton Energy Center,FL,28.488246,-81.166944,FPC,688.3,0.0,688.3,3,3458240.1999999997,0.5735526348086776,0.1713761713717418,0.1713761713717418,14.903929421896951,1362.6449757162925,25.64490537038925,2344.677062435588,2.806344929149913,256.580107807992,7.488798856873425,684.6901811998558
55347,Armstrong,PA,40.638021,-79.351725,PJM,688.0,688.0,0.0,4,1051311.8,0.1744371548794733,0.1361391546569832,0.1361391546569832,15.39111312554581,1407.187485764188,30.88404139029926,2823.683784255932,5.8086753139759715,531.0788858492316,10.003945538050624,914.6464491931998
55182,Sunrise Power LLC,CA,35.2097,-119.585,CISO,685.2,0.0,685.2,3,2608782.0,0.4346266263624659,0.1947774193917452,0.1947774193917452,20.401599447166983,1865.2890923124096,20.401599447166983,1865.2890923124096,7.014819847046718,641.3549574442713,7.014819847046718,641.3549574442713
55835,Rocky Mountain Energy Center,CO,40.0908,-104.5953,PSCO,685.0999999999999,0.0,685.0999999999999,3,2933447.0,0.4887875915858033,0.1830812320699583,0.1830812320699583,107.90945289850863,9866.00712214936,107.96539910128143,9871.12220354573,25.58305180459075,2339.0218792768683,25.59486653064215,2340.1020828015676
55496,Goose Creek Energy Center,IL,40.106931,-88.599867,MISO,684.0,684.0,0.0,6,762.999,0.0001273396819674,0.1578319663188423,0.1578319663188423,104.67326043625341,9570.126668457453,108.02690517513724,9876.745616012548,27.29688206592896,2495.714931742076,28.030437556943752,2562.7828623491428
56458,Hobbs Generating Station,NM,32.728333,-103.309444,SWPP,681.5,7.2,674.3,4,2681819.0,0.44922042767599,0.2035362857962172,0.2035362857962172,117.51656263800933,10744.371441189423,117.51656263800933,10744.371441189423,29.458976933334945,2693.392176762052,29.458976933334945,2693.392176762052
55340,Dell Power Station,AR,35.8619,-90.0253,AECI,679.1,0.0,679.1,3,3927715.5,0.6602405379400214,0.1608465288632131,0.1608465288632131,98.88195971941185,9040.636317203369,98.88578213078142,9040.9857948143,28.880055356816403,2640.462204051785,28.880055356816403,2640.462204051785
55217,Los Medanos Energy Center,CA,38.030071,-121.873004,CISO,678.3,0.0,678.3,3,3241422.0,0.5455187121712419,0.1904145819150599,0.1904145819150599,13.033032802463675,1191.5915705109644,13.048669939884643,1193.0212516465958,0.7655247497421073,69.99083426213551,0.7655247497421073,69.99083426213551
55350,Dresden Energy Facility,OH,40.0928,-82.0276,PJM,678.3,0.0,678.3,3,4580055.0,0.7708054382531672,0.1394000496034526,0.1394000496034526,31.88273323358515,2914.9927527849277,44.8605148171614,4101.532783283327,6.708331953595724,613.3332071858947,10.587384509824115,967.9894408982047
62115,AES Alamitos Energy Center,CA,33.767229,-118.100194,CISO,678.0,0.0,678.0,3,2397914.0,0.4037381635484436,0.1927712294798983,0.1927712294798983,5.37813279698529,491.7149985815122,5.380912732526796,491.96916411673556,3.4022936108601782,311.06684442150197,3.404378562516307,311.2574685729195
55357,Jack Fusco Energy Center,TX,29.4731,-95.6244,MISO,675.6,0.0,675.6,3,3398399.0,0.5742230481412092,0.1647779347337493,0.1647779347337493,61.65514789922486,5637.042093643415,69.33819475206099,6339.492091617003,12.51631228368632,1144.3485516513206,15.00817700470341,1372.176183287169
55641,Riverside Energy Center,WI,42.583056,-89.035833,MISO,674.9000000000001,0.0,674.9000000000001,3,3386019.0,0.5727246248556356,0.1557758789528199,0.1557758789528199,75.73830135249227,6924.644695085007,82.24752042292766,7519.773295810528,18.25548920912465,1669.073299119968,20.240015693816968,1850.515720577551
2847,Tait Electric Generating Station,OH,39.727249,-84.211084,PJM,669.8,669.8,0.0,7,1332146.6,0.227040205554442,0.1496591848710229,0.1496591848710229,13.440640851236935,1228.8585921130912,22.11542970850519,2021.9821447776171,1.3416663907191448,122.66664143717894,2.6395487966595765,241.33017569458983
55386,Columbia Energy Center (SC),SC,33.8697,-81.0178,SCEG,668.5,0.0,668.5,3,3257891.2,0.5563281796976124,0.1658228888383695,0.1658228888383695,25.075366076323288,2292.6048984067,50.889152530859,4652.722517107108,5.80137798317952,530.4117013192703,12.495810259067715,1142.474080829048
62565,"Hill Top Energy Center, LLC",PA,39.894212,-79.938201,PJM,664.7,0.0,664.7,1,5091305.0,0.8743782171103385,0.1358210040867776,0.1358210040867776,17.028495159492614,1556.890986010753,32.34489751736046,2957.247773015813,4.7116432509093205,430.77881151170925,8.290115276712417,757.9533967279923
3403,Gallatin (TN),TN,36.3156,-86.4006,TVA,663.2,663.2,0.0,8,55809.75,0.0096064174116364,0.1530977039314607,0.1530977039314607,39.59045201435214,3619.6984698836236,64.32701344655443,5881.326943684976,10.077266337957836,921.3500651847163,15.808450948714338,1445.3440867395964
59002,Carlsbad Energy Center,CA,33.140507,-117.333916,CISO,659.0,659.0,0.0,5,256324.0,0.0444017156200414,0.195243950765825,0.195243950765825,2.001553589884039,182.99918536082637,2.0053760012536093,183.34866297175853,0.5386125111667119,49.24457244952794,0.5386125111667119,49.24457244952794
3295,Urquhart,SC,33.435,-81.9111,SCEG,658.9,111.1,547.8,8,1304333.899,0.2259774834007973,0.1656040076074802,0.1656040076074802,22.247824138669394,2034.08677839263,40.925863550102896,3741.79323886655,6.15859970026299,563.0719725954733,9.970933803495246,911.6282334624224
55178,Dogwood Energy Facility,MO,38.7931,-94.3006,SWPP,655.2,0.0,655.2,3,2074528.0,0.3614442381565669,0.163866493242704,0.163866493242704,75.4252111121302,6896.019301680474,93.74081642733991,8570.588930499647,16.359573169817825,1495.7324040976296,21.910061970376464,2003.2056658629908
55124,Griffith Energy LLC,AZ,35.054029,-114.133272,GRIF,655.0,0.0,655.0,3,3779043.0,0.6586222942591237,0.2068325286760734,0.2068325286760734,56.17693742274536,5136.1771357938605,56.17693742274536,5136.1771357938605,18.081395745837863,1653.1561824766045,18.081395745837863,1653.1561824766045
56467,Russell City Energy Center,CA,37.63466,-122.13381,CISO,655.0,0.0,655.0,3,1359011.0,0.236852277876538,0.180966637984139,0.180966637984139,2.0436001149493115,186.84343908107988,2.117615898741898,193.61059645640208,0.8020114037243684,73.32675691194224,0.8020114037243684,73.32675691194224
56350,Colorado Bend Energy Center,TX,29.2878,-96.0683,ERCO,654.1,74.0,580.1,8,2431330.0,0.4243221017550693,0.1662990995408123,0.1662990995408123,92.26536563868581,8435.690572679845,104.00607590629207,9509.126940003845,20.943686877760577,1914.8513716809668,23.74620939554092,2171.082001878027
533,McWilliams,AL,31.400255,-86.476449,SOCO,654.0,0.0,654.0,7,2898305.68,0.5058972672559452,0.1624291130538523,0.1624291130538523,30.175505319158017,2758.9033434658754,83.45609739959723,7630.271762248888,7.090573090552746,648.2809682791082,20.28970704162138,1855.0589295196687
56259,Empire Generating Co LLC,NY,42.625239,-73.750021,NYIS,653.7,0.0,653.7,3,2890095.5,0.504695697759784,0.1424888566926521,0.1424888566926521,13.092801416606045,1197.0561295182667,34.67100858171528,3169.920784613968,2.158967439921794,197.39130879284974,5.941069744140176,543.1835194642446
55667,Lower Mount Bethel Energy,PA,40.801924,-75.107563,PJM,651.6,0.0,651.6,3,3984510.0,0.6980551561172919,0.1439040546940086,0.1439040546940086,36.937003539985035,3377.097466512917,52.23255638129159,4775.548012003802,11.294183121251915,1032.6110282287464,13.74712874468793,1256.8803423714676
57664,Astoria Energy II,NY,40.781321,-73.896618,NYIS,650.0,0.0,650.0,3,3989724.5,0.7006892342817,0.1509720791750741,0.1509720791750741,0.2755611105517436,25.194158679016553,1.2269940496320384,112.18231310921493,0.07818568710484528,7.148405678157281,0.172703495516036,15.790033875751861
55343,Luna Energy Facility,NM,32.299349,-107.7834,PNM,650.0,0.0,650.0,3,3332318.0,0.5852332279592554,0.2131577073972227,0.2131577073972227,95.64854719269813,8745.010029046685,95.64854719269813,8745.010029046685,24.84289396666488,2271.350305523646,24.84289396666488,2271.350305523646
1403,Nine Mile Point,LA,29.9472,-90.1458,MISO,649.5,0.0,649.5,3,3769838.2,0.6625817189900205,0.1726862499248234,0.1726862499248234,1.8243326991130564,166.79613249033656,2.1568824882656648,197.2006846414322,0.6661420541332818,60.90441637790004,0.8457953885030818,77.32986409171032
55270,Jackson Generating Station,MI,42.2488,-84.3767,MISO,649.0,0.0,649.0,9,1996822.0,0.3512291477580542,0.1455509236077866,0.1455509236077866,20.768203446703033,1898.8071722699913,35.76074331398548,3269.553674421529,2.0953764144098534,191.57727217461516,4.926740763433317,450.4448697996175
55412,Osprey Energy Center Power Plant,FL,28.0525,-81.8083,TEC,644.2,0.0,644.2,3,3131131.0,0.5548510488390258,0.1755224815486891,0.1755224815486891,17.23316791373596,1575.6039235415735,19.066187911416225,1743.1943233294833,3.7105189640246126,339.2474481393931,4.644577305970498,424.64706797444546
56964,Bayonne Energy Center,NJ,40.652834,-74.09155,NYIS,644.0,644.0,0.0,10,589829.89,0.1045530733287954,0.1509720791750741,0.1509720791750741,0.5678018343525207,51.913310569373316,1.868464175834458,170.83101036200756,0.05003883974710097,4.57497963402066,0.1383017931899041,12.64473537736266
1912,High Bridge,MN,44.9314,-93.1117,MISO,644.0,0.0,644.0,3,3042687.6,0.5393459116821238,0.1532922056117494,0.1532922056117494,2.352172960056434,215.05581349087393,4.932648126459016,450.98497156196714,0.18451822156743486,16.870237400451185,0.5035158249552035,46.035732567332886
991,Eagle Valley (IN),IN,39.48517,-86.4183,MISO,644.0,0.0,644.0,3,5352318.0,0.948750319067472,0.1516206927233122,0.1516206927233122,36.64823773561114,3350.6960215415893,69.02440952781353,6310.803156828665,8.744982229691272,799.5412324289163,15.369916117041829,1405.24947355811
50815,"Odyssey Energy Altura Cogen, LLC",TX,29.8161,-95.10773,ERCO,643.6,0.0,643.6,7,3540717.0,0.6280165294533319,0.1613469515151865,0.1613469515151865,16.093394341718664,1471.396054099992,22.64674488887545,2070.559532697184,2.832406824851528,258.9629097007111,4.320367323442405,395.00501242901987
55112,Sutter Energy Center,CA,39.053139,-121.695873,BANC,636.0,0.0,636.0,3,1598502.0,0.2869141466356509,0.1825272629509686,0.1825272629509686,97.9850830153336,8958.636161401928,97.9850830153336,8958.636161401928,26.174483091046067,2393.09559689564,26.174483091046067,2393.09559689564
55393,Metcalf Energy Center,CA,37.2207,-121.7457,CISO,635.0,0.0,635.0,3,2770709.0,0.4980960342285981,0.1910390128310162,0.1910390128310162,12.478783153875995,1140.9173169258052,13.060832157878732,1194.1332258631983,4.267201056211111,390.14409656787296,4.332877033379181,396.14875733752507
55183,Nelson Energy Center,IL,41.774444,-89.607222,PJM,627.5,0.0,627.5,4,3204154.0,0.5829019993087012,0.152986861296879,0.152986861296879,93.27934712744998,8528.397451652569,96.57635067967564,8829.837776427486,22.555354507948454,2062.2038407267155,23.860534244685336,2181.5345595140875
469,Cherokee,CO,39.807275,-104.964548,PSCO,625.6,0.0,625.6,3,3088254.0,0.5635236748064324,0.1830432757225741,0.1830432757225741,3.4474675634096443,315.1970343688817,3.4978538950994333,319.8037846948053,0.1435141723302271,13.121295755906475,0.15567639032431416,14.23326997250872
56565,J Lamar Stall Unit,LA,32.51947,-93.760125,SWPP,624.0,0.0,624.0,3,3348706.0,0.6126159846622176,0.1643209857433533,0.1643209857433533,16.014166178785754,1464.1523363461258,24.013778191410832,2195.5454346432757,1.915375588097365,175.12005376890193,2.5425985446495685,232.4661526536748
55164,Bluegrass Generating Station,KY,38.3902,-85.4133,PJM,624.0,624.0,0.0,3,112126.16,0.0205124839011825,0.1533647710571037,0.1533647710571037,43.357264673092246,3964.0927701112905,76.88919466667559,7029.869226667482,8.478455909649421,775.1731117393755,16.87108130945486,1542.4988625787298
55400,Elk Hills Power LLC,CA,35.280318,-119.470707,CISO,623.0,0.0,623.0,3,2134875.0,0.3911832933881571,0.1947774193917452,0.1947774193917452,36.718778599976844,3357.1454719978824,36.718778599976844,3357.1454719978824,10.636380873743152,972.4691084565166,10.636380873743152,972.4691084565166
54761,Hermiston Generating Plant,OR,45.8042,-119.37,PACW,621.2,0.0,621.2,4,3345664.0,0.6148182777772877,0.1549111509006174,0.1549111509006174,98.75234522478915,9028.785849123578,98.7686773460955,9030.279071643015,24.817527054848643,2269.0310450147326,24.823086925931655,2269.5393760851794
643,Lansing Smith,FL,30.2686,-85.7003,FPL,619.7,0.0,619.7,3,3965115.0,0.7304158441667532,0.1706213697745121,0.1706213697745121,5.332263860550448,487.5212672503266,13.654000904047491,1248.3657969414846,0.49656598610143954,45.40031872927447,2.725031814560874,249.14576590270843
56476,Gateway Generating Station,CA,38.0175,-121.7587,CISO,619.7,0.0,619.7,3,2866951.0,0.5281224970397371,0.1904145819150599,0.1904145819150599,37.777239057405104,3453.9189995341803,37.7803664848893,3454.204935761307,7.058603831825431,645.3580646240393,7.058603831825431,645.3580646240393
55364,Sugar Creek Power,IN,39.3931,-87.5108,MISO,619.4,0.0,619.4,3,4060692.0,0.7483844285897532,0.1545475892460193,0.1545475892460193,58.97181511778656,5391.708810769056,85.63070197693999,7829.092752177369,14.0247748068958,1282.2651252019016,19.98078670457157,1826.814784417972
59338,Gila River Power Block 1,AZ,32.975,-112.694444,SRP,619.0,0.0,619.0,3,2109491.0,0.3890298463422371,0.2056168636700892,0.2056168636700892,51.44166471973325,4703.237917232754,51.44166471973325,4703.237917232754,13.33326584094628,1219.0414483150882,13.33326584094628,1219.0414483150882
55306,Gila River Power Block 4,AZ,32.975,-112.6944,SRP,619.0,0.0,619.0,3,2906973.0,0.5361005377652864,0.2056168636700892,0.2056168636700892,51.432977421166036,4702.44364993518,51.432977421166036,4702.44364993518,13.337435744258539,1219.4226966179233,13.337435744258539,1219.4226966179233
60768,Gila River Power Block 2,AZ,32.975,-112.694444,SRP,619.0,0.0,619.0,3,3241057.0,0.5977119156689609,0.2056168636700892,0.2056168636700892,51.44166471973325,4703.237917232754,51.44166471973325,4703.237917232754,13.33326584094628,1219.0414483150882,13.33326584094628,1219.0414483150882
59784,Gila River Power Block 3,AZ,32.975,-112.6944,TEPC,619.0,0.0,619.0,3,3204308.0,0.5909347083600741,0.2056168636700892,0.2056168636700892,51.432977421166036,4702.44364993518,51.432977421166036,4702.44364993518,13.337435744258539,1219.4226966179233,13.337435744258539,1219.4226966179233
56031,Fox Energy Center,WI,44.3204,-88.208889,MISO,618.8,0.0,618.8,3,4455838.0,0.8220059889076811,0.1500534030490715,0.1500534030490715,83.38173412386195,7623.472834181663,87.49812367694638,7999.828450463668,19.622175019717346,1794.0274303741571,20.871061061738743,1908.2112970732562
55168,Bastrop Energy Center,TX,30.1458,-97.55,ERCO,618.7,0.0,618.7,3,3033754.0,0.5597526261058502,0.1682331969921168,0.1682331969921168,65.17211385117214,5958.593266392881,95.5436046260063,8735.415280092004,17.276951898514678,1579.6070307213417,26.782941482693108,2448.726078417655
55231,Liberty Electric Power Plant,PA,39.8614,-75.3358,PJM,614.0,0.0,614.0,3,3900183.0,0.7251243808843871,0.1600503871275833,0.1600503871275833,7.934631019342387,725.4519789113039,12.891603581789576,1178.6608989064755,0.29606313517034744,27.068629501288903,0.9399657049715843,85.93972159740198
3804,Possum Point,VA,38.5367,-77.2806,PJM,613.0,0.0,613.0,3,2179308.5,0.4058393297429365,0.1527152933590569,0.1527152933590569,3.9638405902443115,362.4082825366227,25.698419129563234,2349.5697489886384,0.9559503343352416,87.40117342493636,3.631638293034391,332.03550107743
55188,Cordova Energy,IL,41.712216,-90.279679,PJM,611.2,0.0,611.2,3,1150277.0,0.2148399211671328,0.1517207990552107,0.1517207990552107,77.05842324276475,7045.341553624205,82.89177048467158,7578.676158598543,20.600712330327323,1883.4936987727835,21.62650854514289,1977.280781270207
55470,Green Power 2,TX,29.378097,-94.932773,ERCO,611.0,0.0,611.0,4,3869265.866,0.7229083742498637,0.1676752495206271,0.1676752495206271,12.085074782810262,1104.9211229997952,13.836086682016107,1265.0136394986155,2.1700871820878165,198.4079709337432,2.31047392693385,211.2433304625234
8073,Beaver,OR,46.172401,-123.17392,PGE,610.7,24.5,586.2,8,1700300.04,0.3178290127430682,0.1166678288126962,0.1166678288126962,5.949409550764693,543.9460160699147,17.180349138447358,1570.7747783723296,1.250276009792148,114.31094946671065,2.4911697371317145,227.76409025204245
2411,PSEG Sewaren Generating Station,NJ,40.5558,-74.2469,PJM,609.5,0.0,609.5,2,2599523.86,0.4868733373039507,0.1498588640853793,0.1498588640853793,1.9240628866645701,175.91432106647497,5.044193040061929,461.1833636628049,0.41386290374164764,37.83889405637921,1.2454111225945133,113.86615978006976
55154,Lost Pines 1 Power Project,TX,30.1478,-97.2714,ERCO,609.0,0.0,609.0,3,2728001.0,0.5113557295064144,0.1707855266004327,0.1707855266004327,36.764300044469,3361.3074326371657,80.58025408190967,7367.337516060312,4.278320798377133,391.1607587087664,17.020502844810785,1556.160260096986
55661,Newington Energy Center,NH,43.1047,-70.8061,ISNE,605.5,0.0,605.5,3,1195255.81,0.225342241402064,0.1506237529745911,0.1506237529745911,7.337639861804057,670.8699302220851,33.89401659786446,3098.8815175190357,1.4942153535592653,136.61397518256138,6.705899509996907,613.1108123425743
55522,Sundance,AZ,32.9285,-111.5899,WALC,605.0,605.0,0.0,10,384034.0,0.072461979697347,0.2039025807293746,0.2039025807293746,107.6981777973542,9846.690541472382,107.6981777973542,9846.690541472382,28.427968339379053,2599.1285338860844,28.427968339379053,2599.1285338860844
2404,PSEG Kearny Generating Station,NJ,40.737283,-74.096464,PJM,605.0,605.0,0.0,10,141061.23,0.026616330804936,0.1509720791750741,0.1509720791750741,0.6741343688151104,61.63514229166722,0.8332856785663065,76.18611918320516,0.38606354832659157,35.29723870414551,0.44965457383853236,41.111275322380095
63688,Topaz Generating,TX,29.426389,-94.976667,ERCO,605.0,605.0,0.0,10,688707.0,0.1299496207404053,0.1676752495206271,0.1676752495206271,23.79798569500146,2175.815834971562,29.449247158939677,2692.50259738877,9.248498054646475,845.5769649962491,10.370202045643989,948.1327584588788
8031,Emery Station,IA,43.094,-93.292222,MISO,602.8,0.0,602.8,3,2357353.0,0.4464237288392373,0.1580449629470254,0.1580449629470254,96.28654239947367,8803.341019380448,96.7188223761778,8842.863760107683,27.40286710844886,2505.404992772467,27.415724310328322,2506.5805083728746
55514,Apex Generating Station,NV,36.415999,-114.960916,NEVP,600.6,0.0,600.6,3,2021687.0,0.3842593859717147,0.2059226673483782,0.2059226673483782,6.333388147435155,579.0526306226427,6.333388147435155,579.0526306226427,5.045235515889994,461.27867573851364,5.045235515889994,461.27867573851364
55218,Hinds Energy Facility,MS,32.378969,-90.219906,MISO,600.4,49.1,551.3,4,3437594.0,0.6535966129125484,0.1623697751744827,0.1623697751744827,16.89992314069798,1545.1358300066722,43.89413972454551,4013.1784891013035,5.3114143439891555,485.61502573615127,13.079944214726583,1195.880613917859
165,GREC,OK,36.190278,-95.2894,SWPP,600.3,0.0,600.3,2,2707611.0,0.5148892448752792,0.1688136901748395,0.1688136901748395,56.804160379297564,5193.523234678633,93.45517805045021,8544.473421755447,6.708331953595724,613.3332071858947,20.905115272122185,1911.3248248797424
55221,Harry L. Oswald,AR,34.5923,-92.2166,MISO,599.5,0.0,599.5,9,1149051.0,0.2187993419173512,0.1584613252113746,0.1584613252113746,32.260109483344536,2949.4957241915,63.055887920200995,5765.10975270409,7.5551698179268705,690.7583833533138,15.607253113897869,1426.948856127805
58835,Elk Station,TX,33.865,-101.843333,SWPP,599.4000000000001,599.4000000000001,0.0,3,1255428.0,0.2390952596432048,0.2027410257744034,0.2027410257744034,113.50407317578868,10377.515261786391,113.50998053881437,10378.055363548741,27.02062597149184,2470.4572316792537,27.021668447319904,2470.5525437549622
7836,Marsh Run Generation Facility,VA,38.5283,-77.7681,PJM,596.7,596.7,0.0,3,382317.2,0.0731414713955675,0.1537996574361359,0.1537996574361359,46.14588751316506,4219.052572632233,78.15754025748753,7145.832252113144,12.528821993623096,1145.4922965598257,18.111627544851736,1655.9202326721584
55392,Zion Energy Center,IL,42.4776,-87.895,PJM,596.7,596.7,0.0,3,362693.43,0.0693872290749808,0.1525858991685719,0.1525858991685719,32.11312039158743,2936.0567215165647,44.191592827486616,4040.3742013702044,10.291321374653768,940.9208113969157,13.256470121612189,1212.0201254045428
7872,Robert P Mone Plant,OH,40.9297,-84.7392,PJM,596.7,596.7,0.0,3,308829.46,0.0590824611466566,0.1462032637097751,0.1462032637097751,110.41452231334787,10095.042040077518,113.28723820355123,10357.690350038967,27.121051142928728,2479.6389616391975,27.81638252024782,2543.212116136943
55406,Bobby C Smith Jr Energy Facility,GA,32.277252,-81.284411,SOCO,596.6,0.0,596.6,3,1650261.0,0.3157659384916352,0.1644808512694447,0.1644808512694447,16.51281711654332,1509.7432792268178,51.157416310614295,4677.249491256163,3.7602103118290255,343.79065708151086,14.011570113073649,1281.0578389095906
55107,Rhode Island State Energy Center,RI,41.8017,-71.5186,ISNE,596.0,0.0,596.0,3,3529707.0,0.6760647467132481,0.1528226022502862,0.1528226022502862,3.916234194096028,358.0556977459225,23.175280133704202,2118.8827550815267,1.7086178821978855,156.2164920866638,8.151465991579824,745.2768906587268
55375,Astoria Energy,NY,40.7825,-73.8964,NYIS,595.0,0.0,595.0,3,4149880.1,0.796185890794674,0.1509720791750741,0.1509720791750741,0.27938352192131377,25.543636289948683,1.2349863643138672,112.91303902298213,0.07818568710484528,7.148405678157281,0.1737459713441006,15.885345951460625
10789,Sabine River Operations,TX,30.0552,-93.7579,MISO,594.9,0.0,594.9,4,2645809.02,0.507703804253967,0.1617638292944588,0.1617638292944588,14.16967894699678,1295.5135037254197,17.037182458059817,1557.6852533083259,4.87982935117041,446.15582639272316,5.5077472916079895,503.56546666130185
7946,Wansley Unit 9,GA,33.4083,-85.0403,SOCO,594.1,0.0,594.1,3,3453713.0,0.6636247683653337,0.1555429130059263,0.1555429130059263,24.29211923750408,2220.993758857516,68.5570328648979,6268.071576219237,4.711295758966632,430.74704081980633,14.860840421003614,1358.70540992033
55206,Corpus Christi Energy Center,TX,27.8139,-97.4283,ERCO,593.3,0.0,593.3,3,2528676.0,0.4865357219545195,0.1767526766062639,0.1767526766062639,26.71135814249934,2442.1813158856535,27.45881331122166,2510.5200741688373,2.8087773727487306,256.80250265131247,2.8483914542151854,260.42436152824547
55662,Chehalis Generating Facility,WA,46.6225,-122.9131,BPAT,593.3,0.0,593.3,3,2651878.0,0.5102406861398247,0.1152045050622959,0.1152045050622959,34.07158498057813,3115.116341081429,55.62616269358456,5085.82058912773,10.050856950313532,918.9354926000942,14.075508630528278,1286.903646219728
55295,Blythe Energy Inc,CA,33.6157,-114.6865,CISO,591.0,0.0,591.0,3,645060.0,0.124597269545465,0.2031052860568187,0.2031052860568187,75.00161843399329,6857.290828250814,75.00266090982134,6857.386140326522,25.32451779923073,2315.384484501095,25.32451779923073,2315.384484501095
913,Venice,IL,38.6642,-90.1764,MISO,586.0,586.0,0.0,4,26835.0,0.0052275702463883,0.1592372878684774,0.1592372878684774,8.97919179906312,820.9546787714851,9.387842323664444,858.3170124493205,1.8139079408324104,165.84301173324891,1.8761089985735984,171.5299655838718
1927,Riverside (MN),MN,45.0203,-93.2753,MISO,585.9,0.0,585.9,3,2769987.0,0.5396971524899055,0.1525436025052686,0.1525436025052686,1.2207391946636508,111.61044065496235,2.326111064354819,212.67301159815483,0.25019419873550486,22.874898170103297,0.3926658952376674,35.90088185030101
55192,Osceola Generating Station (FL),FL,28.1289,-81.0978,FPC,580.0,580.0,0.0,3,544.323,0.0001071333254605,0.1759613656130945,0.1759613656130945,43.53101064443634,3979.978116062751,51.30822781374098,4691.037971542031,13.052839843196903,1193.4024999494309,14.261069327923778,1303.869195695888
688,Arvah B Hopkins,FL,30.4522,-84.4,TAL,579.1,121.0,458.1,4,1440659.304,0.2839903724011988,0.1634559693435391,0.1634559693435391,4.890601601393744,447.1407178417137,22.324619858003487,2041.1081013031758,0.9736724234123398,89.02147871198534,5.573075776833371,509.53835673905104
55126,Milford Power Project,CT,41.224355,-73.099728,ISNE,578.0,0.0,578.0,2,3793320.0,0.749182348201166,0.149466660145887,0.149466660145887,1.0219738034459998,93.4376048864914,9.206104037638514,841.7009405840927,0.38641104026927975,35.32900939604843,2.23506817537051,204.34909031958946
55212,ANP Blackstone Energy Project,MA,42.059876,-71.515811,ISNE,578.0,0.0,578.0,2,1991001.0,0.3932235625918377,0.1485808249563513,0.1485808249563513,5.645354100912517,516.1466606548586,40.04705642704444,3661.4451590440626,1.9282327899768286,176.29556936931002,13.51708907862834,1235.8481443317337
55211,ANP Bellingham Energy Project,MA,42.110577,-71.453468,ISNE,578.0,0.0,578.0,2,2668246.0,0.5269797443554376,0.1485808249563513,0.1485808249563513,5.169290139429681,472.6208127478565,37.8981662534606,3464.9752003163976,0.961857697360941,87.94127518728602,8.275173123176824,756.5872569761667
55259,Whiting Clean Energy,IN,41.6739,-87.4775,MISO,576.8,0.0,576.8,3,3059814.0,0.6055718370603994,0.1490245881532177,0.1490245881532177,2.8953028664780924,264.71340493513986,3.672642342271599,335.7844427219747,0.6119333110739223,55.94818844104432,0.7557949753468377,69.10125488885372
568,Bridgeport Station,CT,41.1706,-73.1844,ISNE,576.3,0.0,576.3,2,3483317.6,0.6899861104178205,0.1497905851981978,0.1497905851981978,0.970544995928146,88.73554248485905,6.12385050599417,559.8949034051811,0.2877233285458306,26.306132895618795,0.5726667215501556,52.358100256014225
7985,Greater Des Moines,IA,41.5563,-93.5283,MISO,576.3,0.0,576.3,3,2178470.0,0.431517941964841,0.1561236089788421,0.1561236089788421,44.46367901861147,4065.250653130191,51.648422425632724,4722.141478914991,11.153101392520506,1019.7121273161605,13.586934959108667,1242.234053404221
7512,Arthur Von Rosenberg,TX,29.257046,-98.384045,ERCO,575.0,0.0,575.0,3,3019748.0,0.5995132023029581,0.1711825004230328,0.1711825004230328,73.24782659924594,6696.944146216771,86.06541439724292,7868.837887747923,17.41699115141802,1592.4106195582187,20.328278647259772,1858.5854763208931
4937,Thomas C Ferguson,TX,30.558,-98.3721,ERCO,574.6,0.0,574.6,3,3612457.0,0.7176834947320908,0.1728231725172471,0.1728231725172471,62.27194609749641,5693.4350717710995,85.94587716895819,7857.908769733319,7.643780263312363,698.8599097885588,11.303912895647185,1033.5006076020281
55015,Sweeny Cogen Facility,TX,29.0728,-95.745,ERCO,572.0,572.0,0.0,4,2147042.8,0.4284898777022064,0.1653362486120594,0.1653362486120594,48.67423888816441,4450.216126917889,71.35469049548061,6523.857416729655,8.792241133896868,803.8620465277135,12.773456321275589,1167.8588636594823
7158,Woodsdale,OH,39.4492,-84.4611,PJM,571.8,571.8,0.0,6,365581.55,0.0729854033804967,0.1501315281674155,0.1501315281674155,40.35319682855274,3689.435138610536,52.83545490185562,4830.670162455371,11.579126514256242,1058.662995589142,15.10095735340116,1380.6589580252487
7813,Sewell Creek Energy,GA,33.9486,-85.2769,SOCO,570.0,570.0,0.0,4,522907.0,0.1047238244011856,0.1534686173495066,0.1534686173495066,28.3883542579126,2595.5066750091514,67.69073545177622,6188.867241305254,10.362904714847536,947.4655739289175,20.625384258258183,1885.7494178978907
55664,Harrison County Power Project,TX,32.3958,-94.4367,SWPP,570.0,0.0,570.0,3,3247919.0,0.6504684370744213,0.1588110514130396,0.1588110514130396,37.4683187203553,3425.674854432484,70.91372322020929,6483.540408704848,6.5543930229848515,599.2587906729007,13.588672418822108,1242.3929068637356
55251,Gleason Generating Facility,TN,36.2454,-88.612,TVA,567.8,567.8,0.0,3,185773.0,0.037349354473969,0.1585271427609227,0.1585271427609227,64.26654984852668,5875.798843293867,93.87703326887369,8583.043041725594,18.180778441446687,1662.2426003608398,21.57229980208353,1972.324553333351
56102,Currant Creek,UT,39.82144,-111.89345,PACE,566.9,0.0,566.9,3,2861379.0,0.5761888134700377,0.182513162422342,0.182513162422342,45.54820137174135,4164.406982559209,45.74592428713094,4182.484506251971,14.36323195907411,1313.209779115347,14.36323195907411,1313.209779115347
7063,McIntosh (AL),AL,31.2546,-88.0299,SOCO,566.0,566.0,0.0,4,257897.47,0.0520147534569275,0.1575973872084148,0.1575973872084148,11.467929092596016,1048.496374180207,50.21953555729884,4591.500393810179,3.2021382518717743,292.7669258854193,13.445158246491882,1229.2716111078291
55247,"Darby Power, LLC",OH,39.7139,-83.1778,PJM,564.0,564.0,0.0,6,507093.95,0.1026373000259075,0.1494884160319518,0.1494884160319518,101.3307354395356,9264.524383043254,108.93837654080839,9960.080140873908,26.700585892276006,2441.196424436663,27.932792321048368,2553.855297924422
55294,Westbrook Energy Center Power Plant,ME,43.6575,-70.375,ISNE,563.9,0.0,563.9,3,3022422.0,0.6118555461354024,0.1477639863002744,0.1477639863002744,12.942684897364742,1183.3311906162048,48.29234524315007,4415.300136516577,3.8158090226591375,348.8739677859782,11.981869675831867,1095.4852275046276
1904,Black Dog,MN,44.8108,-93.2501,MISO,562.8,238.0,324.8,3,2309742.0,0.4684953412974267,0.1499664693466793,0.1499664693466793,2.0404726874651176,186.5575028539536,5.787478305471991,529.1408736431534,0.5643269149256388,51.59560365034411,1.0695801995942833,97.7901896771916
55391,RockGen Energy Center,WI,42.9767,-89.0492,MISO,561.0,561.0,0.0,3,403541.79,0.0821148206480599,0.1510993739318331,0.1510993739318331,80.92010120185873,7398.409252741369,88.13472891595116,8058.032358029819,21.667860086322786,1981.0614936066545,23.35250102447519,2135.085807952017
55985,Palomar Energy,CA,33.1197,-117.117778,CISO,559.0,0.0,559.0,3,925649.0,0.1890298641572932,0.1929887491293062,0.1929887491293062,6.152692337237291,562.5318708331237,6.233310467940954,569.9026713546015,0.9396182130288961,85.90795090549906,0.9507379551949185,86.92461304639254
56807,Bear Garden,VA,37.695556,-78.285278,PJM,559.0,0.0,559.0,3,3420616.4,0.6985354636867858,0.1539868399710958,0.1539868399710958,23.83655730063985,2179.342381772786,71.82762702947926,6567.097328409532,5.914312864553184,540.7371761877197,16.52845425396429,1511.1729603624492
6061,R D Morrow,MS,31.2186,-89.394,MISO,558.0,0.0,558.0,2,2677705.0,0.5478030228637829,0.1593111546471653,0.1593111546471653,22.758289802478362,2080.7579247980216,69.9296260385163,6393.565809235775,4.4100202446559615,403.20185093997355,18.494216173751447,1690.8997644572748
55970,Cosumnes,CA,38.338475,-121.123978,BANC,556.8,0.0,556.8,3,3798128.8,0.7786931519970608,0.1788813930237882,0.1788813930237882,95.80908847022009,8759.688088705836,95.84870255168654,8763.30994758277,24.339378141709677,2225.314572956313,24.35119286776108,2226.3947764810127
55710,Allegheny Energy Units 3 4 & 5,PA,40.545278,-79.768611,PJM,556.0,0.0,556.0,3,4049593.0,0.8314429962879012,0.1371423885946192,0.1371423885946192,2.6218267075824784,239.70987040754085,10.427538216187543,953.3749226228609,0.4774539292535885,43.6529306746138,2.110666059888134,192.97518261834367
55404,Carville Energy LLC,LA,30.2294,-91.065,MISO,555.0,0.0,555.0,3,2967209.0,0.6103107902422971,0.1651658535539639,0.1651658535539639,40.83308320140515,3733.3104641284704,42.96077636648501,3927.8424106500574,8.323127011267795,760.9716124587698,8.60042558153298,786.3246245973008
55283,Front Range Power Plant,CO,38.6281,-104.7069,WACM,554.3,0.0,554.3,3,1813785.0,0.3735397477751774,0.1912325447192419,0.1912325447192419,92.11663908721526,8422.092716545394,92.15521069285366,8425.61926334662,23.596092876299615,2157.3570629759647,23.59922030378381,2157.6429992030908
55457,McClain Energy Facility,OK,35.29774,-97.58985,SWPP,551.3,0.0,551.3,3,2053279.0,0.425163395444723,0.1761567698749268,0.1761567698749268,69.06263364150924,6314.297932937987,81.14006360158037,7418.5201007159185,19.7354573930337,1804.3846759345092,22.95531773398257,2098.771907106978
55545,Hidalgo Energy Center,TX,26.34172,-98.175759,ERCO,551.3,0.0,551.3,3,2056206.0,0.4257694763808582,0.1763063294743471,0.1763063294743471,66.55860670249807,6085.358327085537,68.36278486893521,6250.311759445504,14.749990491286077,1348.5705592032982,14.935551188681577,1365.5361086794583
55220,Attala,MS,33.0147,-89.6753,MISO,551.3,0.0,551.3,3,2956937.0,0.6122798582346252,0.1600574546094356,0.1600574546094356,26.68077885154278,2439.3854949981965,77.02853893569356,7042.609274120553,8.358571189421992,764.2122230328678,19.215609446772152,1756.8557208477393
56349,Quail Run Energy Center,TX,31.8414,-102.315,ERCO,550.4,0.0,550.4,6,3069777.0,0.636684528313157,0.201689299208725,0.201689299208725,72.18276379490659,6599.566975534316,72.18623871433348,6599.884682453347,16.63304932871344,1520.7359386252285,16.636176756197635,1521.021874852355
55068,Maine Independence Station,ME,44.8242,-68.7094,ISNE,550.2,0.0,550.2,3,2546844.0,0.5284180596843987,0.1448003908735754,0.1448003908735754,9.685295426605544,885.5127247182211,59.42007972385434,5432.693003323825,3.682372116666868,336.6740220952565,15.627060154631097,1428.7597855662716
404,Scattergood,CA,33.918151,-118.427648,LDWP,549.6,213.8,335.8,4,918657.0,0.1908106269067416,0.1872196643929611,0.1872196643929611,0.6028985205640292,55.12215045156837,0.6035935044494055,55.185691835374215,0.21857243195087855,19.983765206937466,0.21857243195087855,19.983765206937466
399,Harbor,CA,33.7706,-118.2656,LDWP,548.1,302.5,245.6,8,250977.0,0.0522721081294534,0.1925233203591783,0.1925233203591783,1.288152631545162,117.77395488412907,1.3284616968969933,121.45935514486794,0.46946161457175983,42.922204760846604,0.47363151788401825,43.303453063681665
7837,Louisa Generation Facility,VA,38.1181,-78.2139,PJM,545.7,545.7,0.0,5,516182.49,0.1079804687205825,0.1510222783723244,0.1510222783723244,22.44033467491866,2051.6877417068486,57.8250917069155,5286.865527489416,6.99327534660005,639.3851745462902,17.31865093163726,1583.4195137496922
59326,Middletown Energy Center,OH,39.465,-84.347778,PJM,543.9,0.0,543.9,2,3612505.0,0.7582026393180992,0.1489845920799412,0.1489845920799412,42.896142865145,3921.9330619561138,57.737176245415384,5278.827542437977,8.621970081979649,788.2944074952821,11.0443364144591,1009.7679007505461
59325,Kings Mountain Energy Center,NC,35.2025,-81.363056,DUK,543.9,0.0,543.9,2,3322502.0,0.6973359996843362,0.1663750219252172,0.1663750219252172,23.95400957726846,2190.0808756359734,58.16459133492187,5317.905493478571,5.153653002008713,471.1911316122251,12.014533918444558,1098.4716725435023
55414,Shady Hills Generating Station,FL,28.3665,-82.558611,FPC,541.2,541.2,0.0,3,387673.4,0.0817719038024751,0.1774920003670462,0.1774920003670462,14.727056023068656,1346.4736935377055,33.25011402806322,3040.0104254229227,3.8707127496038733,353.8937371066398,10.661400293616701,974.7565982735268
676,C D McIntosh Jr,FL,28.0801,-81.9229,FMPP,540.6,156.6,384.0,4,2343225.211,0.4948047769939371,0.1762540663199998,0.1762540663199998,14.100528050401829,1289.1911360367385,16.3102293139561,1491.2209658474146,1.7864560773600424,163.33312707291813,2.158967439921794,197.39130879284974
55438,MRP Elgin LLC,IL,42.000061,-88.244572,PJM,540.0,540.0,0.0,4,62188.999,0.0131466681464569,0.1486472193751661,0.1486472193751661,13.567475410318128,1240.4548946576572,22.28917567984929,2037.8674907290776,4.080597882987547,373.08323501600427,5.97894636589319,546.646524881663
7917,Chattahoochee Energy Facility,GA,33.4072,-85.0386,SOCO,539.7,0.0,539.7,3,2923072.0,0.6182768542983883,0.1555429130059263,0.1555429130059263,23.91231054414588,2186.268392607623,68.58900212362522,6270.994479874305,4.574383933547481,418.2293882100554,14.823311291193288,1355.2741751948147
57901,El Segundo Energy Center LLC,CA,33.910556,-118.425,CISO,537.4,0.0,537.4,4,169632.0,0.036033464014968,0.1872196643929611,0.1872196643929611,0.5486897775046697,50.165922514712655,0.5493847613900461,50.229463898518496,0.20397777035797413,18.649396147014773,0.20397777035797413,18.649396147014773
55077,Desert Star Energy Center,NV,35.788889,-114.994167,CISO,537.3,0.0,537.3,3,1023123.0,0.2173736516167851,0.2003245265102149,0.2003245265102149,78.16518508022666,7146.531207335009,78.16518508022666,7146.531207335009,24.728221625577774,2260.865977195682,24.728221625577774,2260.865977195682
7925,Lakefield Junction,MN,43.798439,-94.841451,MISO,535.8,535.8,0.0,6,63940.0,0.0136227823030811,0.1558616072342501,0.1558616072342501,108.60964916302535,9930.025066333745,109.60556107076974,10021.079869327517,28.120437970099996,2571.0114715519994,28.331365579311733,2590.2962815370724
56806,Cedar Bayou 4,TX,29.751645,-94.92312,ERCO,535.5,0.0,535.5,3,2266071.0,0.4830698489441438,0.1613469515151865,0.1613469515151865,23.084237244719894,2110.5588338029615,28.11939549427193,2570.9161594762904,5.777053547191345,528.1877528860658,7.476636638879337,683.5782069832536
55098,Frontera Energy Center,TX,26.208,-98.3992,ERCO,529.0,0.0,529.0,3,2266170.0,0.4890268534583215,0.1821164256385189,0.1821164256385189,32.60412650660586,2980.948709175392,34.505254925053,3154.766164576274,9.125138414992165,834.2983693707121,9.743674072977162,890.8502009579119
56196,Zeltmann,NY,40.7889,-73.9069,NYIS,528.0,0.0,528.0,3,3681252.0,0.7958981942714819,0.1509720791750741,0.1509720791750741,0.2870283446604542,26.24259151181295,1.0278811664716991,93.97770664884105,0.08513552595860929,7.783819516215706,0.20988513338367354,19.189497909364434
50625,ExxonMobil Beaumont Refinery,TX,30.0636,-94.0753,MISO,527.6,527.6,0.0,4,3564299.0,0.7711968299632003,0.1643375556495981,0.1643375556495981,16.689690515371616,1525.9145614054048,18.770472268188566,1716.1574645200972,1.2130943719245104,110.91148543309808,1.2405462353968784,113.42137009342886
58562,Montana Power Station,TX,31.823889,-106.211944,EPE,527.2,527.2,0.0,4,1156834.1,0.2504906813630726,0.213859139668081,0.213859139668081,93.89927275320574,8585.07636600738,93.89927275320574,8585.07636600738,21.48751176806761,1964.5725045090383,21.48751176806761,1964.5725045090383
2963,Northeastern,OK,36.4317,-95.7008,SWPP,527.0,0.0,527.0,3,1638077.0,0.354829395302089,0.1673627991385636,0.1673627991385636,72.12577511630573,6594.356582062237,90.94072635315838,8314.580695145909,17.835371450414616,1630.662532609336,21.388824056344163,1955.5496280086088
61035,Birdsboro Power,PA,40.268522,-75.799669,PJM,525.0,0.0,525.0,1,3710748.0,0.8068597521200261,0.1455386166581493,0.1455386166581493,22.53658994304329,2060.488223363958,40.96374017185591,3745.2562442839685,4.9184009568088,449.6823731939474,11.300090484277616,1033.1511299910962
61322,Long Ridge Energy Generation,OH,39.70257,-80.84552,PJM,521.9,0.0,521.9,1,3752294.0,0.8207397277772382,0.1367940005447732,0.1367940005447732,2.085994131957272,190.71946349323628,6.313233614759239,577.2099304922732,0.37841872558745115,34.598283482281246,1.1091942810607383,101.41204855412462
55065,Mustang Station,TX,32.9728,-102.7417,SWPP,521.0,0.0,521.0,3,2313081.0,0.5068144769016381,0.2048739959956333,0.2048739959956333,107.35485575797826,9815.301097872296,107.35485575797826,9815.301097872296,27.58634285418823,2522.1799180972093,27.58634285418823,2522.1799180972093
55042,Bridgeport Energy Project,CT,41.1692,-73.1844,ISNE,520.0,0.0,520.0,3,2649661.0,0.5816783017211099,0.1497905851981978,0.1497905851981978,0.9590777618194354,87.68710965206265,5.913617880667808,540.6736348039138,0.2873758366031424,26.274362203715874,0.5459098419631642,49.91175697948929
55276,Ceredo Generating Station,WV,38.3681,-82.5339,PJM,519.0,519.0,0.0,6,492386.0,0.1083014402477542,0.1415165865204614,0.1415165865204614,3.6959243024317083,337.91307907947044,9.509811995548002,869.4685253072458,0.8861044538549131,81.0152643524492,2.4890847854755855,227.57346610062493
55313,Ingleside Cogeneration,TX,27.882778,-97.242778,ERCO,517.0,0.0,517.0,3,2629134.58,0.5805213119242557,0.1746626348180522,0.1746626348180522,39.90562720637034,3648.5144874395737,46.14206510179549,4218.703095021301,13.444810754549193,1229.239840415926,14.265934215121414,1304.3139853825292
3236,Manchester Street,RI,41.8167,-71.4042,ISNE,515.0,0.0,515.0,6,1339541.62,0.2969237088265283,0.1528226022502862,0.1528226022502862,2.8348392684503456,259.18530454403157,11.818200970825723,1080.5212316183517,0.26826377975529136,24.526974149055206,0.580311544289296,53.057055477878485
2393,Gilbert,NJ,40.565833,-75.163889,PJM,512.0,161.0,351.0,6,54750.0,0.01220703125,0.1473290860079968,0.1473290860079968,26.18768778486822,2394.3028831879515,51.59386619063068,4717.1534802862325,4.640754894600927,424.2975903635133,11.365766461445686,1039.1557907607482
55088,Dearborn Industrial Generation,MI,42.3026,-83.154,MISO,509.9,195.3,314.6,3,3978129.0,0.8906144637546444,0.1449118304599,0.1449118304599,0.15115899506936753,13.820250977770744,0.9385757372008315,85.8126388297903,0.04169903312258415,3.81248302835055,0.08061813070366268,7.3708005214777295
6761,Rawhide,CO,40.860905,-105.021207,PSCO,506.7999999999999,506.7999999999999,0.0,5,124683.0,0.0280844893016617,0.1765991572573894,0.1765991572573894,98.03199442759652,8962.925204808824,98.03685931479414,8963.369994495462,26.76104949030375,2446.7245248277713,26.76104949030375,2446.7245248277713
7604,St Francis Energy Facility,MO,36.5852,-90.1779,AECI,506.6,0.0,506.6,2,1745358.0,0.3932921058466597,0.162126132816878,0.162126132816878,104.46546025452587,9551.127794699507,105.52148826835531,9647.678927392484,25.661932475580972,2346.2338263388315,25.844365745492276,2362.913439587865
55103,Klamath Cogeneration Plant,OR,42.173889,-121.810556,AVRN,501.5,0.0,501.5,3,3664854.0,0.8342219915595679,0.1743752061856725,0.1743752061856725,55.251218887423995,5051.540012564479,60.52197667411863,5533.437867347989,13.418748858847579,1226.857038523207,13.9747359671487,1277.690145567881
55224,Wheatland Generating Facility,IN,38.6716,-87.2931,MISO,500.4,500.4,0.0,4,131096.0,0.0299066682726877,0.1555023660971106,0.1555023660971106,93.11915334187073,8513.751162685323,101.86170312796318,9313.070000270918,22.877827030763104,2091.6870428126263,24.528761250474748,2242.6296000434054
57515,Walnut Creek Energy Park,CA,34.008709,-117.944864,CISO,500.0,500.0,0.0,5,278182.0,0.0635118721461187,0.1951881172192323,0.1951881172192323,3.0436819260059544,278.27949037768724,3.1260375164230583,285.8091443586796,0.3596541606822883,32.8826661195235,0.3836311047277741,35.074843860825055
58503,Carty Generating Station,OR,45.698611,-119.813056,PGE,500.0,0.0,500.0,2,3316571.0,0.75720799086758,0.1597535370244063,0.1597535370244063,111.24607053220073,10171.06930580121,111.26101268573633,10172.435445553036,26.521975033734268,2424.8662887985615,26.531009824244162,2425.6923267880375
54676,Oyster Creek Unit VIII,TX,28.9802,-95.342,ERCO,497.9,0.0,497.9,4,2315339.76,0.5308459364949225,0.170614059988209,0.170614059988209,6.639528548943461,607.0426101891163,10.932791500856187,999.5695086497084,1.528617055885397,139.75927368095057,1.9421324676843565,177.56639704542687
55141,Hawk Road Facility,GA,33.358472,-84.991391,SOCO,495.0,495.0,0.0,3,682490.0,0.157393570407269,0.1564958223398114,0.1564958223398114,17.96950334029226,1642.9260196838636,71.30256670407738,6519.091812944216,4.364151308221119,399.008119608788,19.239586390817635,1759.0478985890406
55128,Walton County Energy Facility,GA,33.8148,-83.6954,SOCO,494.1,494.1,0.0,3,313842.0,0.072509031226001,0.1601005550187446,0.1601005550187446,33.20216013997225,3035.6260699403197,81.68875337908503,7468.68602323063,6.774702914649171,619.4014093393527,18.15749648128658,1660.113964003344
55117,RS Cogen,LA,30.221,-93.2826,MISO,493.0,0.0,493.0,3,2042543.55,0.4729555211314568,0.1599841071722568,0.1599841071722568,9.812129985686738,897.1090272627873,17.696722165282022,1617.9860265400703,1.4132497309129144,129.21140396918074,2.2545277241610493,206.12824906615305
64383,Braes Bayou Plant,TX,29.480277,-95.620277,ERCO,484.0,484.0,0.0,8,386891.0,0.0912513208045586,0.1647779347337493,0.1647779347337493,58.50930334206857,5349.422019846269,66.01721425578984,6035.859589100784,13.188014208902613,1205.7612990996674,15.721577963042288,1437.401413763866
66604,Remy Jade Power Station,TX,29.848372,-95.016398,ERCO,484.0,484.0,0.0,8,376567.0,0.0888163232574814,0.1613469515151865,0.1613469515151865,43.742980729476145,3999.358238123533,49.67710063476256,4541.906343749719,17.27069704354629,1579.035158267089,18.242632007245188,1667.8977835195599
63335,HO Clarke Generating,TX,29.64536,-95.45169,ERCO,484.0,484.0,0.0,8,474250.0,0.1118556360617381,0.1623211525489946,0.1623211525489946,12.085074782810262,1104.9211229997952,14.635318150198971,1338.0862308753344,2.0665345831667326,188.94030474667267,3.1663465817748895,289.49454461941843
65372,Mark One Power Station,TX,29.227109,-95.430756,ERCO,484.0,484.0,0.0,8,329288.0,0.0776651949130155,0.1657028172520114,0.1657028172520114,78.02028094012569,7133.282828811491,86.78750265414901,7934.857385522194,21.80233946814312,1993.356751373085,23.828217494015334,2178.579885167116
65373,Brotman Power Station,TX,29.364128,-95.435068,ERCO,484.0,484.0,0.0,8,453761.0,0.1070231423827314,0.1657028172520114,0.1657028172520114,93.74776626619368,8571.224344337706,98.7773646446627,9031.073338940589,24.167717122021706,2209.6198511562698,25.415908180157725,2323.7401764715632
56227,Port Westward,OR,46.17894,-123.172039,PGE,483.0,0.0,483.0,2,2753357.0,0.6507456724996927,0.1166678288126962,0.1166678288126962,5.640489213714882,515.7018709682177,16.678570773205593,1524.8978992645111,1.2673031149838698,115.86771336995379,2.614529376786026,239.0426858775795
55237,Shelby Energy County,IL,39.2794,-88.4772,MISO,483.0,483.0,0.0,8,200545.0,0.0473980638513098,0.1573802888015169,0.1573802888015169,91.38308359620046,8355.024785938327,106.83083790840445,9767.39089448269,25.68729938739721,2348.5530868477445,27.419546721697895,2506.929985983807
2079,Hawthorn,MO,39.1306,-94.4778,SWPP,477.2000000000001,164.4,312.8,4,553605.0,0.1324327699250192,0.1622429311659187,0.1622429311659187,16.52671679425085,1511.0141069029346,22.439292199090595,2051.59242963114,5.617554745497461,513.6050053026249,6.48315717473377,592.7457988328017
56326,Mustang Station Unit 4,TX,32.974554,-102.743607,SWPP,472.1,472.1,0.0,3,1691776.0,0.4090767086533597,0.2048739959956333,0.2048739959956333,107.02230596882565,9784.896545721202,107.02230596882565,9784.896545721202,27.332673736025843,2498.987313008077,27.332673736025843,2498.987313008077
50949,Hardee Power Station,FL,27.6364,-81.9636,TEC,470.1,182.4,287.70000000000005,5,946191.205,0.2297653576573137,0.1763081971593811,0.1763081971593811,54.38318401458887,4972.176824190982,57.31879594641879,5240.57562938686,13.589714894650173,1242.4882189394443,14.449757452803471,1321.1206813991744
55086,Gregory Power Plant,TX,27.88929,-97.258417,ERCO,469.8,0.0,469.8,3,841063.0,0.2043673009597011,0.1746626348180522,0.1746626348180522,48.01643664065564,4390.074207145658,53.9081625289341,4928.746288359688,14.638793069625853,1338.4039377943636,14.676322199436179,1341.835172519879
7843,Pleasant Valley (MN),MN,43.799446,-92.682874,MISO,467.8,467.8,0.0,3,85278.752,0.0208102123805005,0.1533601896179808,0.1533601896179808,111.90283030388144,10231.115913497732,114.04755057415302,10427.20462392256,27.61170976600447,2524.4991786061228,28.638200964705415,2618.349802487352
55176,Eastman Cogeneration Facility,TX,32.4481,-94.6903,SWPP,467.7,0.0,467.7,3,2726432.31,0.665461973633725,0.1668820968691731,0.1668820968691731,26.443441854686736,2417.686112428501,53.36260017891362,4878.8663020721015,5.304117013192704,484.94784120619,10.911247000409519,997.5997257517273
147,Kyrene,AZ,33.3556,-111.9353,SRP,465.7,173.7,292.0,5,1060452.678,0.2599446892437662,0.2051961952473551,0.2051961952473551,11.712910912191198,1070.8947119717666,11.712910912191198,1070.8947119717666,0.3179551275597041,29.070183091172943,0.3179551275597041,29.070183091172943
2953,Mustang,OK,35.46988,-97.67498,SWPP,462.0,462.0,0.0,7,579444.0,0.1431744055031726,0.1775815645643111,0.1775815645643111,38.566740751192704,3526.102011537618,42.69807245781273,3903.823767571449,6.9515763134774655,635.5726915179396,7.70598132105355,704.5468636391817
55081,Brownsville Peaking Power,TN,35.5438,-89.198,TVA,460.0,460.0,0.0,4,67455.0,0.0167398749255509,0.1600958822280054,0.1600958822280054,66.83173536945098,6110.330090921232,77.4073051532237,7077.239328294738,18.648502596305008,1705.0059516621718,22.633887686995987,2069.3840170967756
55417,Raccoon Creek Energy Center,IL,38.6996,-88.5392,MISO,456.0,456.0,0.0,4,-941.0,-0.0002355703757109,0.1579211336175218,0.1579211336175218,89.66612590737806,8198.045797245994,107.53867899566032,9832.107793888943,21.958363350410124,2007.6217920374968,27.27533756548229,2493.7451488440947
1571,Chalk Point Power,MD,38.5444,-76.6861,PJM,456.0,456.0,0.0,4,30628.125,0.0076674589942321,0.1584390925862533,0.1584390925862533,16.761968839450763,1532.5228653212123,44.90534127776818,4105.631202538804,4.7595971390002925,435.1631669943124,9.416684154907564,860.9539798772629
59926,Alpine Power Plant,MI,45.063748,-84.825348,MISO,453.8,453.8,0.0,2,498543.0,0.1254105362932195,0.1392804894580756,0.1392804894580756,33.784904127860365,3088.9055202615186,90.63771337913428,8286.876651806562,11.385226010236225,1040.934949507312,23.59852531989843,2157.579457819285
2070,Moselle,MS,31.528,-89.3004,MISO,451.5,166.5,285.0,6,1983771.0,0.5015678332498976,0.1595000485013848,0.1595000485013848,33.20876248688332,3036.229713086475,79.87484543825262,7302.843011497382,6.787212624585946,620.5451542478578,16.429071558355467,1502.086542478214
3006,Anadarko Plant,OK,35.0847,-98.23,SWPP,450.2999999999999,135.0,315.29999999999995,6,1435833.0,0.3639970613198507,0.181301191116843,0.181301191116843,88.2810230238229,8071.40781932095,101.90166470137233,9316.723629839755,21.38117923360502,1954.8506727867446,24.77895544921025,2265.504498213508
52088,Texas City Power Plant,TX,29.378697,-94.943829,ERCO,450.0,0.0,450.0,4,2131564.0,0.5407316083206494,0.1676752495206271,0.1676752495206271,14.289216175281522,1306.4426217400248,17.06220187793337,1559.9727431253364,2.545725972133762,232.75208888080107,2.7997425822388373,255.97646466183653
3494,Permian Basin,TX,31.5839,-102.9633,ERCO,447.0,447.0,0.0,5,460458.57,0.1175923125248996,0.2015132955088712,0.2015132955088712,102.59491112703527,9380.10616018608,102.59491112703527,9380.10616018608,25.648032797873444,2344.9629986627147,25.648032797873444,2344.9629986627147
3797,Chesterfield,VA,37.3822,-77.3833,PJM,446.6,0.0,446.6,4,2030281.6,0.5189594848546195,0.154468734248509,0.154468734248509,16.07810469624038,1469.9981436562632,44.64055241743977,4081.4219353087788,4.366236259877248,399.1987437602055,10.46854226542475,957.1238642674056
56998,Pueblo Airport Generating Station,CO,38.320833,-104.52639,PSCO,440.0,240.0,200.0,9,1588749.0,0.41219100249066,0.1930569230830287,0.1930569230830287,76.77174239004698,7019.130732804295,76.77347984976042,7019.289586263809,24.971465985459517,2283.105461527727,24.971465985459517,2283.105461527727
2880,Richland (OH),OH,41.305203,-84.334622,PJM,435.0,435.0,0.0,5,327320.0,0.0858972340313861,0.1473454163423768,0.1473454163423768,83.20486072503365,7607.301552003076,94.8190839255014,8669.173387474413,16.511774640715256,1509.647967151109,19.255571020181293,1760.5093504165752
10725,Selkirk Cogen,NY,42.5744,-73.8592,NYIS,434.0,0.0,434.0,4,92361.0,0.0242937630200113,0.1417137493746691,0.1417137493746691,20.5895925881613,1882.4770366318899,52.08591478147717,4762.140780020769,7.211152794665551,659.3053983694217,15.09122757900589,1379.769378651967
3464,Greens Bayou,TX,29.822201,-95.219429,ERCO,432.0,432.0,0.0,6,37072.001,0.0097962120010992,0.1649630496812481,0.1649630496812481,8.885368974537306,812.3765919576964,17.781162707355257,1625.7063046724804,1.858039417553812,169.87788960491991,4.770021897280938,436.1162877514
56803,Panoche Energy Center,CA,36.6514,-120.5833,CISO,432.0,432.0,0.0,4,1293546.0,0.3418172881785895,0.1927629095929107,0.1927629095929107,104.58881989418018,9562.406390325043,104.58881989418018,9562.406390325043,28.87866538904565,2640.3351212841735,28.87866538904565,2640.3351212841735
10308,Sayreville Cogeneration Facility,NJ,40.439,-74.3444,PJM,430.2000000000001,0.0,430.2000000000001,3,534828.0,0.1419186998083083,0.1498588640853793,0.1498588640853793,4.420792494879296,404.18674238896415,13.401721753655856,1225.3002746199638,1.3680757783634483,125.08121402180097,4.1633009653473385,380.6446596888995
55079,Millennium Power,MA,42.112291,-72.015113,ISNE,427.5,0.0,427.5,2,520587.0,0.1390122566690699,0.1480890583021592,0.1480890583021592,5.896938267418775,539.1486415925737,40.6843566499346,3719.71260799402,1.5953355088815317,145.85924652631147,10.155104533119992,928.4667001709706
60264,Bacliff,TX,29.49233,-94.98483,ERCO,427.2000000000001,427.2000000000001,0.0,6,106918.0,0.0285703444324731,0.1676752495206271,0.1676752495206271,17.986182953541295,1644.4510128952038,22.225932146280037,2032.085224802746,7.608336085158165,695.6192992144607,8.905176015270532,814.1875213961629
2869,West Lorain,OH,41.429444,-82.264444,PJM,425.0,425.0,0.0,5,1699869.0,0.4565858178887994,0.1418559104348511,0.1418559104348511,15.941192870821231,1457.4804910465123,33.07845300837525,3024.3157036228795,2.4202813808233214,221.2828691038465,7.373084039958253,674.110540796183
56445,Spindle Hill Energy Center,CO,40.092192,-104.887844,PSCO,420.0,420.0,0.0,2,468851.92,0.1274331158947597,0.1857877169053608,0.1857877169053608,93.22965577964557,8523.854242710451,93.30471403926622,8530.716712161482,25.170926360562543,2301.3418386800035,25.187953465754266,2302.898602583247
52120,Freeport Energy,TX,28.991289,-95.407481,ERCO,419.3,0.0,419.3,4,1901497.76,0.5176865116572849,0.163831108082637,0.163831108082637,11.910286335638096,1088.9404649726257,20.22020865308374,1848.7047911390846,1.7388496812117589,158.98054228221793,3.859940499380539,352.90884565764924
55223,Ennis Power Company LLC,TX,32.32,-96.675,ERCO,418.0,0.0,418.0,2,1656252.0,0.4523202464442551,0.1724938601934356,0.1724938601934356,86.17278940753359,7878.655031545927,95.24754149083596,8708.346650590714,15.901231297412087,1453.8268614776764,19.275030568971832,1762.2885091631388
55433,Bayou Cove Peaking Power,LA,30.2825,-92.5997,MISO,416.0,416.0,0.0,4,113920.0,0.0312609764664559,0.1671479261578873,0.1671479261578873,64.70612715602726,5915.988768551063,74.24651844253182,6788.253114745766,13.922264683802782,1272.8927710905398,16.841891986269047,1539.830124458884
56400,Treasure Coast Energy Center,FL,27.383889,-80.3775,FMPP,411.4,0.0,411.4,2,1838779.41,0.5102244174585945,0.1737099241802427,0.1737099241802427,24.8098822321095,2268.3320897928684,26.58417609147546,2430.5532426491845,3.631638293034391,332.03550107743,4.22098462783358,385.9185945447844
55244,Doyle Energy Facility,GA,33.837699,-83.699577,SOCO,409.0,409.0,0.0,5,30568.001,0.0085317795380201,0.1601005550187446,0.1601005550187446,30.83921492969248,2819.585365000455,78.53422152336154,7180.271682135911,8.11150441817068,741.6232610898907,20.439823560862685,1868.7838684217309
7929,West Gardner,KS,38.7875,-94.9861,SWPP,408.0,408.0,0.0,4,501967.0,0.1404464925239502,0.1635605456017254,0.1635605456017254,83.38416656746077,7623.695229024984,97.89021771497973,8949.96276251243,20.84777910157863,1906.0826607157603,23.275357813198404,2128.0327143495683
7237,Angus Anson,SD,43.60347,-96.6356,MISO,405.7000000000001,405.7000000000001,0.0,3,235477.18,0.0662582120310686,0.1612666416369806,0.1612666416369806,78.67078585683801,7192.75756405376,80.8676299185128,7393.611878264027,19.575958591339816,1789.8019283510687,20.222988588625245,1848.958956674308
50216,Watson Cogeneration,CA,33.816647,-118.244841,CISO,405.0,0.0,405.0,6,2011728.3,0.5670354304075765,0.1925233203591783,0.1925233203591783,1.2683455908119345,115.96302544566257,1.2777278732645159,116.82083412704144,0.18834063293700506,17.219715011383318,0.19216304430657527,17.56919262231545
7948,Lawrence County Station,IN,38.8003,-86.4511,MISO,402.0,402.0,0.0,6,109254.0,0.0310246711647243,0.1548948529609038,0.1548948529609038,46.29496155657829,4232.682199458586,73.42608996584498,6713.242511162969,12.145538380838008,1110.4492233909034,20.485692497297528,1872.9775997529166
55486,Washington Parish Energy Center,LA,30.791389,-89.909166,MISO,399.6,399.6,0.0,2,282487.0,0.0806991352082676,0.15811490391985,0.15811490391985,15.679531437977015,1433.5571600436126,55.16816831312151,5043.9468171996805,2.70835220131184,247.62077269136822,10.803871990118864,987.7825819537246
10633,Hopewell Cogeneration,VA,37.291667,-77.281111,PJM,399.0,0.0,399.0,4,2024659.3,0.5792618818736338,0.159849055125776,0.159849055125776,16.07845218818307,1470.0299143481664,46.708129476434564,4270.45755213116,1.967151887557907,179.85388686243718,7.3511920475688965,672.108987206299
55645,Blue Spruce Energy Center,CO,39.747875,-104.681404,PSCO,397.8,397.8,0.0,2,520349.5,0.1493228452837639,0.1861902494281816,0.1861902494281816,86.23464297333209,7884.310214704647,86.24437274772735,7885.199794077928,24.770268150643048,2264.7102309159354,24.77582802172606,2265.218561986382
50707,JM Shafer Generating Station,CO,40.0986,-104.7736,PSCO,396.9,0.0,396.9,7,979599.0,0.2817494831519619,0.1843019567684285,0.1843019567684285,101.46973221661088,9277.232659804422,101.51907607247261,9281.744098054638,23.260763151605502,2126.6983452896457,23.271187909886148,2127.6514660467333
57555,Pio Pico Energy Center,CA,32.573889,-116.917777,CISO,395.4,395.4,0.0,3,65939.0,0.0190371348129054,0.1999704082736828,0.1999704082736828,9.541781254275318,872.3914289623146,9.541781254275318,872.3914289623146,4.077470455503353,372.797298788878,4.077470455503353,372.797298788878
56046,Magnolia Power Project,CA,34.1786,-118.3153,LDWP,387.6,0.0,387.6,2,1553013.0,0.4573905806013826,0.2005512028319475,0.2005512028319475,1.2294264932308558,112.40470795253538,1.3162994789029063,120.34738092826571,0.29710561099841204,27.16394157699767,0.3030129740241115,27.704043339347333
7764,MPC Generating,GA,33.8119,-83.6953,SOCO,386.1,386.1,0.0,2,34422.753,0.010177513632993,0.1601005550187446,0.1601005550187446,33.44887941928087,3058.1832611913937,81.6981356615376,7469.5438319120085,6.69964465502852,612.5389398883217,17.998345171535384,1645.5629871118063
10307,Bellingham Cogeneration Facility,MA,42.0925,-71.4833,ISNE,386.1,0.0,386.1,3,367303.75,0.1085979068285004,0.1485808249563513,0.1485808249563513,5.182494833251833,473.8280990401675,40.298988085493384,3684.4789106736803,1.5147173781778691,138.48844600483372,10.784064949385636,985.971652515258
55938,NAEA Ocean Peaking Power LLC,NJ,40.0633,-74.1672,PJM,383.0,383.0,0.0,2,188179.0,0.0560877833017394,0.1531354497434489,0.1531354497434489,3.6813296408388037,336.5787100195477,16.78177588018399,1534.3337947596788,0.6195781338130628,56.64714366290859,3.1114428548301536,284.47477529875687
55349,Pleasants Energy LLC,WV,39.3325,-81.3642,PJM,382.8,382.8,0.0,2,2221265.0,0.6624061231111302,0.1387316235954012,0.1387316235954012,8.384633085123607,766.5950249255868,19.820940410935,1812.2002661426282,3.590634243797183,328.28655943288527,6.906749852870687,631.4742722624628
10692,ExxonMobil Baytown Turbine,TX,29.759124,-95.009648,ERCO,381.8,381.8,0.0,5,2568272.0,0.7678934917753205,0.1613469515151865,0.1613469515151865,19.05367820147945,1742.0505784209781,22.793386488689872,2083.966764680217,1.8688116677771462,170.86278105391048,2.606189570161509,238.2801892719094
7203,South Fond Du Lac,WI,43.7353,-88.496667,MISO,381.6,381.6,0.0,4,5320.725,0.001591689461819,0.1485815277981396,0.1485815277981396,68.0656792579368,6223.147817868506,71.20909137149425,6510.545496822331,17.604289308526962,1609.5350224938934,18.55711221537801,1696.6502596917035
7159,Concord,WI,43.1669,-88.69,MISO,381.6,381.6,0.0,4,174871.06,0.052312499401702,0.1523085922020349,0.1523085922020349,75.90336002526917,6939.735773738894,79.22955290068063,7243.844836633657,16.252198159527172,1485.9152602996269,17.404481441481245,1591.2668746497136
7270,Paris (WI),WI,42.6658,-88.0131,MISO,381.6,381.6,0.0,4,227444.66,0.0680398382680949,0.1493376890266989,0.1493376890266989,89.63554661642151,8195.249976358537,95.91959090799493,8769.791168730964,24.38142466677495,2229.1588266765666,25.66644987083592,2346.646845333569
56799,Greenland Energy Center,FL,30.159131,-81.518415,JEA,380.8,380.8,0.0,2,769943.04,0.2308115574997122,0.1704537079024718,0.1704537079024718,8.000654488453145,731.4884103728589,25.582009328762684,2338.9265672011593,2.4088141467146107,220.2344362710501,6.692694816174756,611.9035260502633
50043,Houston Chemical Complex Battleground,TX,29.7314,-95.0839,ERCO,380.7000000000001,0.0,380.7000000000001,4,1788540.13,0.5363048272048724,0.1613469515151865,0.1613469515151865,8.278648042603706,756.9049638951959,10.913679444008336,997.8221205950477,1.9949512429729632,182.3955422146709,2.2041413924712603,201.52149874022948
60387,Invenergy Nelson Expansion LLC,IL,41.774417,-89.606528,PJM,380.0,380.0,0.0,2,697705.86,0.2095968096611391,0.152986861296879,0.152986861296879,93.34815053210225,8534.688048649348,96.64411160849984,8836.033061348555,22.630412767569105,2069.0663101777463,23.93316006070717,2188.174634121798
55202,Pinckneyville,IL,38.1114,-89.3467,MISO,380.0,380.0,0.0,8,79774.001,0.023964792417688,0.1581683626034844,0.1581683626034844,71.02040324661456,6493.294011119045,98.04832654890285,8964.418427328259,15.73269770520831,1438.4180759047595,22.042803892483356,2015.3420701699065
6223,Empire Energy Center,MO,37.1385,-94.1041,SWPP,379.0,379.0,0.0,4,114744.9,0.0345613004662594,0.1664610717375259,0.1664610717375259,80.90898145969271,7397.392590600475,107.76976113754797,9853.235304004385,17.71687669795794,1619.82872667044,26.872941895849355,2456.9546876205122
3443,Victoria,TX,28.7883,-97.01,ERCO,376.9,0.0,376.9,2,1478174.0,0.4477084749294593,0.1646188374021258,0.1646188374021258,67.0023539133109,6125.929500645567,73.95323524290298,6761.4386507797,12.436389136868033,1137.0412925136486,14.699951651538976,1343.9955795692777
1240,Gordon Evans Energy Center,KS,37.7903,-97.521667,SWPP,375.1,375.1,0.0,3,345235.0,0.1050663506474377,0.1767564272928423,0.1767564272928423,98.39269106410687,8995.903183004055,101.28590897892883,9260.425963787777,26.285333020763606,2403.2304476126724,26.834370290210963,2453.428140819288
55109,MRP Rocky Road LLC,IL,42.0931,-88.2397,PJM,374.0,374.0,0.0,3,12350.0,0.003769565111225,0.1486472193751661,0.1486472193751661,14.809759105428448,1354.0351182106008,29.904461603861222,2734.122203781597,4.4656189554860735,408.28516164444096,8.698418309371053,795.2839597139248
7960,Kemper County,MS,32.7976,-88.606,TVA,372.0,372.0,0.0,4,16912.001,0.005189768068444,0.1563407189985598,0.1563407189985598,15.131536644357721,1383.4547789127057,70.99121392342876,6490.6252729992,4.756817203458787,434.909001459089,16.86482645448647,1541.926990124477
55135,Alliant Energy Neenah,WI,44.1936,-88.5064,MISO,371.0,371.0,0.0,2,739903.0,0.2276652635724747,0.150086753626085,0.150086753626085,46.18272165909001,4222.420265973943,48.36983594636955,4422.385000810929,10.091513507608052,922.652663552736,10.952251049646726,1001.3486673962719
666,J D Kennedy,FL,30.364818,-81.625967,JEA,370.0,370.0,0.0,2,178377.92,0.0550345304208317,0.1679428838058684,0.1679428838058684,2.088079083613401,190.9100876446538,9.126528382762917,834.4254521383237,0.18834063293700506,17.219715011383318,1.0153714565349239,92.83396174033588
7212,Darbytown,VA,37.498223,-77.368544,PJM,368.4,368.4,0.0,4,127507.4,0.0395104214696156,0.1559634569797659,0.1559634569797659,12.164302945743172,1112.1648407536613,39.00388561509446,3566.069541951493,4.7088633153678146,430.52464597648583,10.2461474221043,936.7906214495359
7032,Gravel Neck,VA,37.1575,-76.6911,PJM,367.6,367.6,0.0,4,103566.11,0.0321616302959838,0.1563833825170145,0.1563833825170145,13.516046602800275,1235.752832256025,32.66841251600317,2986.8262871774327,1.3225543338712937,120.91925338251826,4.4611015602311275,407.87214264970305
3482,Jones,TX,33.5239,-101.7392,SWPP,365.4,365.4,0.0,2,602005.38,0.1880735504719916,0.200151072146575,0.200151072146575,98.74018300679506,9027.673874906975,99.07794517508799,9058.554987436615,25.68139202437151,2348.012985085395,25.821778769217545,2360.8483446141754
57943,Lonesome Creek Station,ND,47.796667,-103.57861,SWPP,363.0,363.0,0.0,6,1125535.0,0.3539551806986427,0.1517565465344804,0.1517565465344804,100.37165767771617,9176.837273391191,100.50544207565113,9189.068989773816,27.284024864049496,2494.539416141668,27.30035698535584,2496.032638661105
57349,Garrison Energy Center LLC,DE,39.187195,-75.499396,PJM,361.0,0.0,361.0,2,793188.72,0.2508217660228437,0.1581689393428568,0.1581689393428568,31.723581923833954,2900.4417758933896,34.21475166096567,3128.205866145432,11.842525406813898,1082.7451800515562,12.4697483633661,1140.091278936329
2493,East River,NY,40.7281,-73.9742,NYIS,360.0,360.0,0.0,2,2149169.0,0.6814970192795535,0.1509720791750741,0.1509720791750741,0.328032393897662,29.99153315635766,0.7370304104416748,67.38563752609598,0.03405421038344372,3.1135278064862826,0.03822411369570213,3.494776109321337
54538,Hartwell Energy Facility,GA,34.339588,-82.819871,SOCO,360.0,360.0,0.0,2,173903.96,0.0551445839675291,0.1607620891281958,0.1607620891281958,34.38154779345601,3143.4557982588344,64.34299807591809,5882.78839551251,5.977903890065126,546.5512128059543,13.55566068426673,1239.374691132958
10761,Las Vegas Generating Station,NV,36.2319,-115.1222,NEVP,358.9,0.0,358.9,8,448509.0,0.142657167830166,0.2078140579115842,0.2078140579115842,16.38598255746213,1498.1469766822515,16.392932396315892,1498.78239052031,2.5307838185981697,231.38594912897548,2.5328687702542987,231.57657328039298
55165,Calcasieu,LA,30.1608,-93.345,MISO,358.8,358.8,0.0,2,94066.0,0.0299278925693458,0.1599841071722568,0.1599841071722568,28.010283024267835,2560.9401622187734,32.96586561894427,3014.0219994463328,6.997445249912308,639.7664228491252,8.518069991115876,778.7949706163085
58471,Ector County Energy Center,TX,32.069167,-102.585556,ERCO,358.8,358.8,0.0,2,648673.0,0.2063807949379718,0.2012519475756156,0.2012519475756156,116.9136641174453,10689.249290737855,116.9136641174453,10689.249290737855,29.91036896688692,2734.662305543947,29.91036896688692,2734.662305543947
55718,Dean,MI,42.77412,-82.48203,MISO,357.6,357.6,0.0,4,770055.0,0.2458216496583004,0.1440925607031877,0.1440925607031877,23.129411197269363,2114.6890237503417,35.92545449481968,3284.6129823835136,4.618515410268882,422.2642660817263,7.584011649169992,693.3953507812563
8063,DeCordova Steam Electric Station,TX,32.403056,-97.700556,ERCO,357.6,357.6,0.0,4,50370.626,0.0160796181800537,0.1791379094232992,0.1791379094232992,62.19098047485006,5686.032500557719,76.27378643617479,6973.603331307409,12.08542227475295,1104.9528936916981,14.316320546811202,1308.9207357084526
55253,Crete Energy Venture LLC,IL,41.429444,-87.6187,PJM,356.0,356.0,0.0,4,43559.0,0.0139676645631317,0.1502548499641183,0.1502548499641183,56.65960373113927,5180.306626847018,69.00182255153881,6308.738061854976,12.938514994052484,1182.9499423133698,17.1466424200066,1567.693021257746
55250,University Park South,IL,41.440893,-87.753189,PJM,353.4,353.4,0.0,6,70044.0,0.0226256095386499,0.1479492197798061,0.1479492197798061,62.82445828637065,5743.950471896745,69.22734482234344,6329.357240899971,14.940068583936522,1365.9491276741962,16.529496729792356,1511.2682724381582
55284,Big Sandy Peaker Plant,WV,38.3441,-82.5938,PJM,353.4,353.4,0.0,6,285310.0,0.0921608225896897,0.1415165865204614,0.1415165865204614,4.811373438460834,439.8970000878477,11.106537472200287,1015.454854601169,1.1262213862524602,102.96881245736778,2.5234864878017174,230.71876459901412
2499,Narrows Gas Turbines Generating,NY,40.648611,-74.020833,NYIS,352.0,352.0,0.0,16,38300.925,0.0124211696372976,0.1509720791750741,0.1509720791750741,0.6678795138467227,61.063269837414644,1.1203140232267608,102.42871069501811,0.07610073544871607,6.957781526739754,0.2800785058066902,25.607177673754528
56151,South Harper,MO,38.6803,-94.4824,SWPP,351.0,351.0,0.0,3,284455.0,0.0925129115768385,0.1634196564152432,0.1634196564152432,74.32713657323549,6795.623915267244,95.7086632987832,8750.506358745892,17.330118165745972,1584.4679465824886,22.171028419335304,2027.0654554820846
55517,Wallingford Energy,CT,41.448694,-72.835364,ISNE,350.0,350.0,0.0,7,87775.001,0.0286285065231572,0.1489567384662344,0.1489567384662344,5.2610280122993665,481.0082754102277,31.16203494444982,2849.100337778269,0.9528229068510478,87.11523719781007,6.070336746820187,555.0022168521314
61144,Astoria Station,SD,44.574965,-96.55942,MISO,349.0,349.0,0.0,1,413200.0,0.1351545838730358,0.155845829194067,0.155845829194067,97.08160396434428,8876.032362454333,98.33326994190718,8990.470394688655,24.942624154216396,2280.4684940997845,25.205328062888675,2304.487137178393
56234,Caithness Long Island Energy Center,NY,40.8142,-72.9403,NYIS,348.9,0.0,348.9,2,1852821.25,0.6062174695160655,0.1474297921154534,0.1474297921154534,3.6993992218585903,338.23078599849964,26.6978059567345,2440.9422589014393,1.939700024085539,177.3440022021064,10.498774064438624,959.8879144629598
56241,Cannon Falls Energy Center,MN,44.536688,-92.915528,MISO,346.8,346.8,0.0,2,796628.59,0.2622241544348064,0.1483980671641703,0.1483980671641703,79.48287452690033,7267.005671030886,87.11067016084904,7964.404128991911,19.64267704433595,1795.9019011964297,21.253997182581138,1943.2225995502752
56166,Sheboygan Falls,WI,43.751826,-87.878056,MISO,346.8,346.8,0.0,2,642468.0,0.2114795152549335,0.1482588946804633,0.1482588946804633,77.94522268050504,7126.42035936046,85.0323208516309,7774.383620720539,21.43121807335212,1959.4256524207651,22.989719436308704,2101.917205605367
55651,Spring Creek Energy Center,OK,35.7422,-97.655,SWPP,346.0,346.0,0.0,4,187919.0,0.0619998284371948,0.1757028348544912,0.1757028348544912,103.56823605850494,9469.095868206165,110.55073915488165,10107.496151303465,26.52961985647341,2425.565244020426,28.09854597771064,2569.009917962115
55972,Cass County,NE,40.947913,-95.964026,SWPP,345.0,345.0,0.0,2,202437.0,0.0669833234067897,0.1640777452594465,0.1640777452594465,97.92079700593628,8952.758583399887,102.34263197664364,9357.04063786456,27.235028500130458,2490.059748583356,27.89317823958191,2550.2334390474884
56292,Hamlet Generating Facility,NC,34.842311,-79.736087,CPLE,343.79999999999995,343.79999999999995,0.0,6,142338.4,0.0472620005790772,0.1603653922210645,0.1603653922210645,33.944750421496934,3103.520038536862,74.38238779212291,6800.675455279808,8.728997600327615,798.0797806013818,19.697233279337997,1800.889899825188
56249,Anson County Generation Facility,NC,34.968651,-79.921738,CPLE,343.79999999999995,343.79999999999995,0.0,6,16739.364,0.0055581335118378,0.1618549863199367,0.1618549863199367,21.803381943971186,1993.4520634487938,69.89591932007555,6390.484052121192,5.305159489020768,485.0431532818987,15.808798440657027,1445.3758574314993
683,Indian River Plant,FL,28.493232,-80.780124,FMPP,342.8,342.8,0.0,4,5532.395,0.0018423335491227,0.175776462843759,0.175776462843759,2.3893545979240716,218.45527752448652,7.531192873881385,688.5662056120123,0.52158540597499,47.6878085462848,2.6416337483157055,241.52079984600732
7759,Georgetown,IN,39.902556,-86.24405,MISO,340.0,340.0,0.0,4,466094.0,0.1564914047810905,0.1526293958191277,0.1526293958191277,17.36868977138436,1587.9944933837128,29.173338556445245,2667.2766680178506,1.429929344161948,130.73639718052095,3.9367362187146315,359.93016856819486
7972,Sumpter,MI,42.167,-83.5318,MISO,340.0,340.0,0.0,4,190146.0,0.0638416599516518,0.1451174425037346,0.1451174425037346,35.28259440084651,3225.837202363109,65.26246175627107,5966.853646287639,12.367238240273082,1130.7189248249674,18.649545072133073,1705.1012637378808
3096,Brunot Island,PA,40.464851,-80.043761,PJM,339.9,0.0,339.9,4,54240.0,0.0182164778520676,0.1393396138790007,0.1393396138790007,0.38397859667046236,35.10661455272798,2.498467067928167,228.4312747820038,0.04030906535183134,3.6854002607388647,0.4850987519927289,44.351885896478066
55933,Tracy Combined Cycle Power Plant,CA,37.7107,-121.4906,CISO,336.1,0.0,336.1,3,1000454.0,0.3398008855268395,0.1904913491595038,0.1904913491595038,55.66160687173876,5089.061199701829,55.66160687173876,5089.061199701829,13.900025199470736,1270.8594468087529,13.900025199470736,1270.8594468087529
2292,Sarpy County,NE,41.170594,-95.970603,SWPP,334.9,334.9,0.0,5,186385.09,0.0635319102955833,0.1652577152428618,0.1652577152428618,31.190181791807564,2851.6737638224054,32.28686636293153,2951.942067468025,6.531806046710118,597.1936956992107,7.030456984467687,642.7846385799028
56164,Faribault Energy Park,MN,44.3356,-93.290556,MISO,334.5,0.0,334.5,2,1103303.0,0.3765256533639112,0.155622359524388,0.155622359524388,70.71912773230389,6465.748821239212,79.71569412850143,7288.292034605844,15.289297986338166,1397.878673036632,17.68594991505869,1617.00113509108
564,Stanton Energy Center,FL,28.4822,-81.1678,FMPP,333.0,0.0,333.0,2,1177381.46,0.4036164452123356,0.1713761713717418,0.1713761713717418,15.6534695422754,1431.1743581508936,26.460468959878458,2419.2428763317444,3.215342945693926,293.97421217773035,8.2876828331136,757.7310018846719
1556,Perryman,MD,39.442836,-76.221761,PJM,333.0,333.0,0.0,2,140597.25,0.0481979410917767,0.1587937554201918,0.1587937554201918,8.86139203049182,810.1844142163948,33.99374678541597,3107.999706095174,2.453988099264077,224.36462621842986,8.676178825039008,793.2506354321378
8027,Blue Lake,MN,44.7855,-93.4315,MISO,332.6,332.6,0.0,2,315411.83,0.1082559130086189,0.1524543938056159,0.1524543938056159,12.93712502628173,1182.822859545758,17.942051476819895,1640.4161350235331,4.039941325693027,369.36606406336244,5.225236342202482,477.73589414422685
990,Harding Street,IN,39.711319,-86.196867,MISO,327.0,327.0,0.0,3,428488.07,0.1495845970703643,0.1522178271075933,0.1522178271075933,10.507808854948516,960.7139524524356,14.549487640354984,1330.2388699753126,3.1097053951167126,284.31592183924226,4.221332119776268,385.95036523668733
1572,Dickerson Power,MD,39.2097,-77.4644,PJM,326.0,326.0,0.0,2,138017.98,0.0483296845673305,0.1531079330836378,0.1531079330836378,47.89898436402703,4379.33571328247,65.77570735562155,6013.778958228255,11.34561192876977,1037.3130906303788,15.868914546742085,1450.8721871307048
56610,Deer Creek Station,SD,44.39624,-96.53332,SWPP,324.0,0.0,324.0,2,1131678.0,0.3987252663622526,0.155845829194067,0.155845829194067,99.79516854479644,9124.129695524245,100.42308648523402,9181.539335792824,23.158253028512483,2117.325991178284,23.29377488616088,2129.716561020423
50152,Dow St Charles Operations,LA,29.9861,-90.4414,MISO,323.6,0.0,323.6,4,1872893.85,0.6606942762923955,0.1710419056257761,0.1710419056257761,13.682147751405235,1250.9392229856214,14.489371534269926,1324.7425402761073,3.415845796625018,312.3059014057159,3.6684724389593404,335.40319441913965
55040,Mid-Georgia Cogeneration Facility,GA,32.4856,-83.6039,SOCO,323.0,0.0,323.0,3,116162.837,0.0410544824490719,0.1660535713560449,0.1660535713560449,26.478538540898246,2420.894952310696,57.30732871231008,5239.527196554064,8.054863231512504,736.4446383097146,17.025020240065732,1556.5732790917239
54914,Brooklyn Navy Yard Cogeneration,NY,40.699357,-73.976392,NYIS,322.0,0.0,322.0,4,2169368.34,0.7690831915255679,0.1509720791750741,0.1509720791750741,0.17409346328678882,15.917116643363547,0.5010833813563862,45.81333772401245,0.07749070321946887,7.084864294351439,0.2679162878126031,24.495203457152282
141,Agua Fria,AZ,33.5561,-112.2153,SRP,321.9,321.9,0.0,5,52812.0,0.018728695629971,0.204880664861031,0.204880664861031,13.793692665008148,1261.1376150864592,13.793692665008148,1261.1376150864592,2.947774149824011,269.510779412481,2.947774149824011,269.510779412481
7848,Holden,MO,38.7538,-93.9983,AECI,321.29999999999995,321.29999999999995,0.0,3,269547.37,0.0957679667503734,0.1637650594542271,0.1637650594542271,88.24210392624182,8067.849501827823,106.3787508909671,9726.05722431699,20.57604040239646,1881.237979647676,25.64490537038925,2344.677062435588
2494,Gowanus Gas Turbines Generating,NY,40.6635,-74.0051,NYIS,320.0,320.0,0.0,16,10907.92,0.0038912385844748,0.1509720791750741,0.1509720791750741,0.3551367654273416,32.46964712478552,0.7179183535938237,65.6382494714353,0.07957565487559808,7.275488445768966,0.2845959010616368,26.020196668492503
55700,Mint Farm Generating Station,WA,46.138824,-122.985506,PSEI,319.0,0.0,319.0,2,2306414.0,0.8253582113053063,0.1148356113653771,0.1148356113653771,8.810310714916653,805.5141225066653,18.015024784784416,1647.0879803231464,1.5963779847095965,145.95455860202023,2.065839599281356,188.87676336286682
57028,Langley Gulch Power Plant,ID,43.904444,-116.819722,IPCO,318.5,0.0,318.5,2,1826940.0,0.6548031225134944,0.1645520027810722,0.1645520027810722,69.0139847695329,6309.850036071578,69.01433226147557,6309.88180676348,12.169862816826184,1112.673171824108,12.169862816826184,1112.673171824108
10298,Bayou Cogen Plant,TX,29.6225,-95.0458,ERCO,318.4,318.4,0.0,4,2076747.6,0.7445717457148758,0.1676752495206271,0.1676752495206271,11.23163457156804,1026.8923036862207,14.688831909372954,1342.9789174283842,2.493602180730532,227.9864850953629,4.092065117096258,374.13166784880065
55818,Frederickson Power LP,WA,47.086111,-122.365674,BPAT,318.3,0.0,318.3,2,1717651.0,0.6160191054933674,0.1157157590232904,0.1157157590232904,11.71082596053507,1070.704087820349,38.17893974315267,3490.645919373958,1.2207391946636508,111.61044065496235,4.277625814491757,391.0972173249606
7721,Theodore Cogen Facility,AL,30.525445,-88.128477,SOCO,317.4,0.0,317.4,2,1560526.0,0.5612546863356093,0.1697524469562692,0.1697524469562692,13.861453593832346,1267.3329000075287,30.18836252103748,2760.0788590662833,4.290830508313909,392.3045036172716,8.051388312085622,736.1269313906854
3250,Darlington County,SC,34.4185,-80.1657,CPLE,316.0,316.0,0.0,2,12339.014,0.0044574786139529,0.1701278741765141,0.1701278741765141,47.03963678975911,4300.766792206547,81.90107095606753,7488.097915983316,10.975880501749524,1003.5090744456706,20.487429957010967,1873.136453212431
55238,NRG Rockford I,IL,42.238558,-89.101202,PJM,316.0,316.0,0.0,2,80309.001,0.0290116904369689,0.1539297376616198,0.1539297376616198,38.34538838370032,3505.864080795457,49.12389346200294,4491.327402240268,5.818752580313929,532.0002359144163,7.353276999225026,672.2996113577166
7754,Nodaway,MO,40.2877,-94.7913,AECI,315.6,315.6,0.0,2,27430.001,0.0099216687356401,0.1642130982687711,0.1642130982687711,92.54023176535217,8460.821189975055,100.85154405056858,9220.712598909126,24.01968555443653,2196.0855364056256,26.23772662461532,2398.8778628219716
55296,Calumet Energy Team LLC,IL,41.6835,-87.5563,PJM,312.8,312.8,0.0,2,5139.0,0.0018754598325333,0.1490245881532177,0.1490245881532177,1.877498966344351,171.6570483514835,2.5651855209243015,234.53124762736468,1.1133641843729967,101.79329685695969,1.393790182122375,127.43224522261713
6046,DeBary,FL,28.903863,-81.332329,FPC,310.5,310.5,0.0,3,44206.545,0.0162525257538658,0.1704201546738855,0.1704201546738855,4.515310303290486,412.8283705865587,16.413434420934497,1500.6568613425823,1.393790182122375,127.43224522261713,4.337741920576816,396.59354702416596
58933,Shell Chemical Appalachia LLC,PA,40.671667,-80.336389,PJM,309.8,0.0,309.8,5,1610368.0,0.5933891654948987,0.1363235259537578,0.1363235259537578,5.249560778190656,479.9598425774313,16.098259228916298,1471.8408437866328,0.7742120483093123,70.78510155970855,2.9092025441856206,265.9842326112567
55395,Crossroads Energy Center,MS,34.183,-90.5621,MISO,306.4,306.4,0.0,4,123494.0,0.0460100802365368,0.1637464066398606,0.1637464066398606,92.86861165119252,8490.844493823315,92.93950000750092,8497.325714971512,19.892871243071454,1818.7767993665327,19.925187993741456,1821.7314737135043
55748,Los Esteros Critical Energy Center,CA,37.425,-121.9319,CISO,306.1,0.0,306.1,5,233318.0,0.0870123321981207,0.1863891472979341,0.1863891472979341,4.851682503812666,443.58240034858653,4.926740763433317,450.4448697996175,2.566227996752366,234.62655970307344,2.5669229806377425,234.69010108687928
55051,Westlake Plaquemine,LA,30.2586,-91.185,MISO,306.0,306.0,0.0,3,1505359.5,0.5615839600680455,0.1680702172617427,0.1680702172617427,51.00208741223267,4663.047991975558,51.89826913242554,4744.984606393192,14.19713081046915,1298.0233883857506,14.404236008311317,1316.9587207598918
1016,Butler-Warner Generation Plant,NC,35.0986,-78.8294,CPLE,303.4,57.6,245.8,9,37854.127,0.0142427401925814,0.1638034553584446,0.1638034553584446,28.351867603930337,2592.170752359345,48.743042292816675,4456.5067239146665,9.777380791417917,893.9319580724951,14.59083918153488,1334.0195823117604
55482,Goldendale Generating Station,WA,45.8114,-120.833,PSEI,302.8,0.0,302.8,2,2099552.0,0.7915286850883384,0.1618875448591826,0.1618875448591826,86.81877692899094,7937.716747793456,90.33748034065167,8259.426774002437,23.13740351195119,2115.4197496641086,23.290994950619375,2129.4623954851995
1391,Louisiana 1,LA,30.4922,-91.1864,MISO,302.4,302.4,0.0,2,1965798.6,0.7420841034282816,0.166233095291067,0.166233095291067,18.3659916468995,1679.1763791450967,21.29256878821953,1946.7491463514996,4.130984214677336,377.6899853419278,4.531642424596832,414.32159310599604
55179,Rathdrum Power LLC,ID,47.7858,-116.9203,AVA,301.5,0.0,301.5,2,1373012.0,0.5198558198353741,0.1320785288353748,0.1320785288353748,38.58585280804055,3527.849399592278,48.76111187383646,4458.158799893618,15.461306497968826,1413.6051655285783,17.39961655428361,1590.8220849630727
56078,Walnut Energy Center,CA,37.4878,-120.8956,TIDC,300.6,0.0,300.6,3,1524951.0,0.5791123232986083,0.188592284819116,0.188592284819116,92.61702748468628,8467.842512885602,92.61702748468628,8467.842512885602,20.331753566686654,1858.9031832399223,20.331753566686654,1858.9031832399223
50489,PPG Powerhouse C,LA,30.22612,-93.295173,MISO,300.6,300.6,0.0,4,1364785.0,0.518288005419906,0.1599841071722568,0.1599841071722568,10.89734732270199,996.3288980756104,20.081559367951147,1836.0282850698188,1.4674584739722738,134.16763190603643,2.5443360043630094,232.62500611318941
54844,Gordonsville Energy LP,VA,38.124688,-78.203543,PJM,300.4,0.0,300.4,4,1384432.6,0.526099371310095,0.1510222783723244,0.1510222783723244,22.306202785041013,2039.424254632321,58.86826251886548,5382.241144581986,7.100650356890704,649.2023183442928,17.882282862677524,1634.9515760162305
50134,Sycamore Cogeneration,CA,35.452577,-118.985313,CISO,300.0,300.0,0.0,4,312304.0,0.1188371385083713,0.1966432525930087,0.1966432525930087,33.42247003163657,3055.768688606772,33.42247003163657,3055.768688606772,7.718838522933014,705.7223792395897,7.718838522933014,705.7223792395897
10496,Kern River Cogeneration,CA,35.4515,-118.9849,CISO,300.0,300.0,0.0,4,217455.0,0.0827454337899543,0.1966432525930087,0.1966432525930087,33.137179146689554,3029.6849505544733,33.137179146689554,3029.6849505544733,7.648297658567309,699.2729287832967,7.648297658567309,699.2729287832967
55127,Manchief Electric Generating Station,CO,40.217143,-103.68504,PSCO,300.0,300.0,0.0,2,214873.0,0.0817629375951293,0.1804926651081246,0.1804926651081246,100.87586848655675,9222.936547342331,101.03015490911031,9237.042734547227,25.1987257159776,2303.883494032237,25.253629442922335,2308.903263352899
7350,Coyote Springs,OR,45.847998,-119.67392,PGE,296.0,0.0,296.0,2,2041693.0,0.7873985715167222,0.1597535370244063,0.1597535370244063,74.93142506157027,6850.873148486424,74.94879965870469,6852.46168308157,12.548629034356322,1147.3032259982922,12.548629034356322,1147.3032259982922
55233,Handsome Lake Energy LLC,PA,41.2908,-79.8061,PJM,294.5,294.5,0.0,5,84235.0,0.032651502818026,0.1348497900028384,0.1348497900028384,10.877540281968763,994.5179686371439,57.129412837653724,5223.260602299769,2.088426575556089,190.9418583365567,11.663567056329473,1066.3832737215516
2511,E F Barrett,NY,40.616689,-73.647881,NYIS,293.2,293.2,0.0,11,118987.62,0.0463269496720177,0.1545935761497425,0.1545935761497425,1.6485017761128267,150.72016238745843,2.1652222948901816,197.96318124710228,0.5591145357853158,51.119043271800294,0.6814316996115626,62.30232682162857
55048,Tiverton Power Plant,RI,41.6422,-71.1706,ISNE,290.1,0.0,290.1,2,1663114.0,0.6544405251535056,0.1477099621546899,0.1477099621546899,6.241302782622782,570.6333972683685,28.954071140608992,2647.2293614271075,1.138036112303859,104.04901598206709,7.685479296434947,702.6723928169093
8059,Comanche (OK),OK,34.5431,-98.3244,SWPP,290.0,0.0,290.0,3,500643.0,0.1970725082664147,0.1788906428105135,0.1788906428105135,100.80150521082147,9216.137619275105,105.52114077641262,9647.647156700581,27.009158737383128,2469.408798846457,27.803872810311045,2542.068371228438
55041,Berkshire Power,MA,42.0476,-72.6478,ISNE,289.0,0.0,289.0,1,573345.0,0.2264717732379011,0.1471113560760282,0.1471113560760282,15.08949011929245,1379.6105251924523,35.02927277462681,3202.6763679658793,4.380483429527464,400.50134212822525,9.75548879902856,891.9304044826112
57978,Lodi Energy Center,CA,38.088056,-121.3875,CISO,288.9,0.0,288.9,2,776167.0,0.3066927615534281,0.1884641730913062,0.1884641730913062,91.61694567362963,8376.406461588993,91.61694567362963,8376.406461588993,24.84150399889413,2271.2232227560344,24.84150399889413,2271.2232227560344
54832,Brandywine Power Facility,MD,38.6681,-76.8678,PJM,288.8,0.0,288.8,3,559751.28,0.2212553599210716,0.1592023499298182,0.1592023499298182,16.608724892725267,1518.511990192024,54.39604121646833,4973.35233979139,4.292220476084662,392.4315863848833,15.759454584795302,1440.8644191812846
7931,Coyote Springs II,OR,45.848039,-119.673965,BPAT,287.0,0.0,287.0,2,2325857.0,0.9251177350325362,0.1597535370244063,0.1597535370244063,74.90536316586865,6848.490346593704,74.92273776300307,6850.0788811888515,12.534381864706106,1146.0006276302724,12.534381864706106,1146.0006276302724
55210,Afton Generating Station,NM,32.114185,-106.846483,PNM,287.0,0.0,287.0,2,549898.0,0.2187238477081444,0.2149242902747637,0.2149242902747637,8.953477395304192,818.603647570669,8.953477395304192,818.603647570669,0.0,0.0,0.0,0.0
54574,Saranac Facility,NY,44.7132,-73.4557,NYIS,285.6,0.0,285.6,3,354885.0,0.141848691531407,0.1389929416566042,0.1389929416566042,25.04026939011178,2289.3960585245054,45.14858563764992,4127.87068687085,5.4580559438035765,499.0222577191841,9.229733489741312,843.8613476334913
54537,Ferndale Generating Station,WA,48.828996,-122.685114,PSEI,285.5,0.0,285.5,3,1693358.12,0.6770778334892722,0.1174689645875113,0.1174689645875113,22.63736260642287,2069.7017240158048,32.97629037722492,3014.975120203421,7.093353026094252,648.5351338143315,9.821859760082008,897.9986066360692
55285,Wolf Hills Energy,VA,36.6644,-82.1044,PJM,285.0,285.0,0.0,5,177816.0,0.0712232636385484,0.1495263495673068,0.1495263495673068,19.31464465043829,1765.910368040072,24.1826592755573,2210.9859909080956,6.256939920043751,572.0630784040001,7.42208040387729,678.590208354495
6074,Greenwood (MO),MO,38.8615,-94.2982,SWPP,284.8,284.8,0.0,4,162906.96,0.0652973487763583,0.163866493242704,0.163866493242704,58.960347883677855,5390.66037793626,75.29490163362213,6884.10529221688,17.18973142089994,1571.6325870537084,20.839091803011428,1905.2883934181875
1239,Riverton,KS,37.072616,-94.698704,SWPP,283.90000000000003,16.3,267.6,3,1251445.473,0.5032020861580625,0.1642758313807916,0.1642758313807916,73.85767495866372,6752.701710506397,97.34500285690194,8900.114546916748,17.090696217233802,1562.577939861376,23.945669770643946,2189.3183790303033
55010,LSP-Cottage Grove LP,MN,44.7956,-92.9119,MISO,283.5,0.0,283.5,2,1273277.04,0.5127028581092509,0.148733059753024,0.148733059753024,53.120050802917255,4856.690359123862,61.55194279224646,5627.606198148247,12.487817944385887,1141.7433549152809,14.240567303305173,1301.9947248736157
55011,Whitewater Generating Station,WI,42.855463,-88.72992,MISO,283.5,0.0,283.5,2,759978.48,0.3060159938150805,0.1506147773583402,0.1506147773583402,76.6918192432287,7011.823473666623,80.78284188449689,7385.859829439714,20.00024625336211,1828.5939431645356,20.99754812887725,1919.7758289259195
1007,Noblesville,IN,40.0969,-85.9714,MISO,283.0,0.0,283.0,5,1800099.0,0.7261157364828889,0.1524166768498752,0.1524166768498752,77.72039539358578,7105.86472169927,84.89575651815444,7761.897738802691,21.20361085089135,1938.615849224352,23.13149614892549,2114.8796479017587
54817,Johnson County,TX,32.3994,-97.4078,ERCO,282.6,0.0,282.6,2,1315868.89,0.5315404940102828,0.1793557600945577,0.1793557600945577,79.06449422790374,7228.753757979769,87.30457066486905,7982.132175073741,19.763256748448757,1806.9263312867433,21.003802983845635,1920.347701380172
1913,Inver Hills,MN,44.781,-93.042,MISO,280.79999999999995,280.79999999999995,0.0,6,64009.153,0.026022011880602,0.148733059753024,0.148733059753024,37.720250378804245,3448.708606062102,48.068907924001564,4394.871581623,8.920813152691501,815.6172025317943,13.13450044972863,1200.8686125466174
55241,Hog Bayou Energy Center,AL,30.7478,-88.0575,SOCO,280.0,0.0,280.0,2,931444.0,0.3797472276581866,0.1586772212049437,0.1586772212049437,2.79731013864002,255.75406981851606,9.99143582811385,913.5027042846948,1.0595029332563255,96.8688396120069,1.3030947850807546,119.1400946359547
7699,Tiger Bay,FL,27.746369,-81.849446,FPC,278.1,0.0,278.1,2,1021067.0,0.4191303840969133,0.1767946819605681,0.1767946819605681,45.78658084442546,4186.201677204613,49.36192544274436,4513.090326193769,13.128940578645619,1200.3602814761707,14.188443511901944,1297.2291210881776
389,El Centro Hybrid,CA,32.802222,-115.54,IID,276.70000000000005,0.0,276.70000000000005,5,956025.0,0.3944173255244044,0.2047161279291613,0.2047161279291613,96.29939960135314,8804.516534980858,96.29939960135314,8804.516534980858,17.195638783925638,1572.172688816058,17.195638783925638,1572.172688816058
55100,Rumford Power LLC,ME,44.5303,-70.5219,ISNE,274.5,0.0,274.5,2,637701.0,0.2651982433814906,0.1487773451494763,0.1487773451494763,3.680287165010739,336.48339794383895,27.555763563231668,2519.3840972097523,0.9900045447186853,90.51470123142263,5.300642093765822,484.6301342871608
55242,Santa Rosa Energy Center,FL,30.5664,-87.115,FPL,274.5,0.0,274.5,2,1432616.0,0.5957764636408247,0.166110863468353,0.166110863468353,7.657332449077202,700.0989667727727,23.109604156536133,2112.8780943118745,1.9018234023325253,173.880996784688,7.77165729822162,710.5515244088338
7953,Evander Andrews Power Complex,ID,43.179176,-115.734315,IPCO,270.9,270.9,0.0,3,1096706.0,0.4621437757786913,0.1699366596225308,0.1699366596225308,26.001432103587344,2377.2737923279856,26.001432103587344,2377.2737923279856,12.478435661933306,1140.885546233902,12.478435661933306,1140.885546233902
689,S O Purdom,FL,30.162304,-84.200673,TAL,270.1,0.0,270.1,2,1206312.0,0.5098365394856293,0.1624274277083225,0.1624274277083225,8.381505657639414,766.3090886984606,35.617924125540625,3256.495920049428,1.6314746709211048,149.16339848421526,7.043314186347151,643.9601541803108
55204,Kinmundy,IL,38.7619,-89.0128,MISO,270.0,270.0,0.0,2,-4.268,-1.80449856248943e-06,0.1584807580693976,0.1584807580693976,79.95337861730016,7310.023187867442,109.54857239216888,10015.86947585544,19.260783399321618,1760.985910795119,27.691285420880067,2531.7746670518914
55201,Gibson City Energy Center LLC,IL,40.4705,-88.3987,MISO,270.0,270.0,0.0,2,109259.0,0.0461944021647218,0.1567080986679393,0.1567080986679393,112.29132629580685,10266.635547045196,112.87650272729378,10320.137392209715,26.126529202955098,2388.711241413037,26.26344102837425,2401.228894022788
2500,Ravenswood,NY,40.759167,-73.946111,NYIS,268.5,0.0,268.5,2,1896396.6,0.8062705033034872,0.1509720791750741,0.1509720791750741,0.1987653912176511,18.172835768470957,0.5177629946054199,47.338330935352666,0.05073382363247738,4.638521017826503,0.12544459131044064,11.46921977695457
50109,Paris Energy Center,TX,33.6968,-95.5577,ERCO,265.6,0.0,265.6,3,647147.8300000001,0.2781450416391594,0.1642711959169675,0.1642711959169675,64.63593378360424,5909.571088786673,88.28380295936441,8071.661984856173,10.633253446258957,972.1831722293902,16.162892730256303,1477.750192480576
1464,Big Cajun 1,LA,30.6739,-91.3556,MISO,265.6,265.6,0.0,2,70038.0,0.0301024302690212,0.1624154110281949,0.1624154110281949,44.127306818089295,4034.4966233681635,56.274235166698055,5145.072929526678,12.064572758191659,1103.046652177523,12.576775881714067,1149.8766520424288
422,Glenarm,CA,34.126,-118.1494,CISO,265.6,178.6,87.0,6,38514.0,0.0165533710183198,0.2005512028319475,0.2005512028319475,1.1991946942169824,109.64065775698124,1.3440988343179623,122.8890362804994,0.1723560035733478,15.758263183848939,0.20606272201410333,18.840020298432304
6063,Electrifarm,IA,42.4407,-92.4205,MISO,264.1,264.1,0.0,3,10990.001,0.0047503457940208,0.1519581055246418,0.1519581055246418,79.56801005285894,7274.789490547102,80.03538671577456,7317.5210711565305,21.63832327119429,1978.3609847949065,21.694616965909777,1983.5078368831794
3439,Laredo,TX,27.5667,-99.5089,ERCO,263.6,263.6,0.0,2,52385.999,0.0226864069504784,0.1828236471042929,0.1828236471042929,26.766261869444076,2447.2010852063154,26.945220219928498,2463.5629915363193,1.8795839180004803,171.84767250290102,1.8931361037653203,173.08672948711498
59882,Exelon West Medway II LLC,MA,42.137218,-71.4447,ISNE,263.6,263.6,0.0,2,199740.05,0.0864999073246443,0.1505550426537973,0.1505550426537973,4.464576479658009,408.18984956873226,36.69132673650448,3354.635587337552,1.067495247938154,97.59956552577408,8.781816375616222,802.9089257706258
6373,Rokeby,NE,40.7316,-96.7364,SWPP,263.20000000000005,263.20000000000005,0.0,3,17952.244,0.0077862573038542,0.1669420342919976,0.1669420342919976,69.57379428920359,6361.032620727185,74.82752497070649,6841.37371160745,18.61722832146307,1702.146589390909,20.09267911011717,1837.0449472107125
63259,Delta Energy Park,MI,42.690644,-84.657783,MISO,263.2,58.0,205.2,4,927163.0,0.4021296546890397,0.1433098102659799,0.1433098102659799,38.21646887296299,3494.077154099473,50.39050159310143,4607.131574226416,7.361269313906854,673.0303372714837,10.479314515648085,958.1087557163962
10726,Masspower,MA,42.1575,-72.5225,ISNE,260.9,0.0,260.9,3,475710.0,0.2081440955176234,0.1467159086364081,0.1467159086364081,4.522955126029627,413.52732580842303,19.773334014786712,1807.8476813519278,0.6491149489415599,59.34765247465689,3.234802494484465,295.7533709242939
56152,Freeport Energy Center,TX,28.988761,-95.395417,ERCO,260.0,0.0,260.0,2,1003738.54,0.4407000965929048,0.163831108082637,0.163831108082637,9.988655892572345,913.2485387494714,17.571625065914272,1606.5485774550189,1.7193901324212197,157.20138353565434,3.2094355826682266,293.4341104153807
6085,R M Schahfer,IN,41.2164,-87.0261,MISO,258.0,258.0,0.0,2,46138.0,0.0204143216169339,0.1510810205009231,0.1510810205009231,87.08495575709011,7962.053097791095,99.43829431965565,9091.501194939945,21.328360458316414,1950.0215276175004,24.457872894166353,2236.148378895209
55232,Marshall Energy Facility,KY,37.0286,-88.3958,TVA,258.0,258.0,0.0,3,65177.994,0.0288387995115217,0.1576487085242312,0.1576487085242312,45.2962697132924,4141.373230929591,72.47882693007695,6626.635605035606,11.66043962884528,1066.0973374944256,17.819734312993646,1629.2328514737046
6034,Belle River,MI,42.7756,-82.495,MISO,255.9,255.9,0.0,3,690725.0,0.3081277289751811,0.1440925607031877,0.1440925607031877,26.71344309415547,2442.371940037071,41.82517269777996,3824.0157895113102,6.707636969710348,613.2696658020889,10.666960164699713,975.2649293439737
6035,Greenwood (MI),MI,43.1056,-82.6964,MISO,255.9,255.9,0.0,3,184949.0,0.0825044921585736,0.1421007302452143,0.1421007302452143,73.87852447522502,6754.607952020572,97.60318937031927,8923.720171000617,20.77897569692637,1899.792063718982,26.511897767396313,2423.944938733377
54324,Ocean State Power II,RI,42.0099,-71.6701,ISNE,254.2,0.0,254.2,3,896293.3800000001,0.4025043111345829,0.1497202949981455,0.1497202949981455,6.46578257759936,591.1572642376557,60.304099226053125,5513.517643524857,1.3162994789029063,120.34738092826571,17.44235806323426,1594.729880067132
51030,Ocean State Power,RI,42.009722,-71.668909,ISNE,254.2,0.0,254.2,3,1182005.21,0.530810785201312,0.1497202949981455,0.1497202949981455,6.470299972854307,591.5702832323938,60.46603047134583,5528.322785951618,1.3065697045076365,119.4578015549839,17.33428806905823,1584.8491948853234
2454,Cunningham,NM,32.7131,-103.3533,SWPP,253.8,253.8,0.0,2,687373.0,0.3091695722731378,0.2035362857962172,0.2035362857962172,118.92182005424041,10872.852119244837,118.92182005424041,10872.852119244837,29.55106229814732,2701.811410116326,29.55106229814732,2701.811410116326
341,Long Beach Generation LLC,CA,33.7641,-118.2248,CISO,252.0,252.0,0.0,4,10348.999,0.0046880657932883,0.1925233203591783,0.1925233203591783,1.1203140232267608,102.42871069501811,1.1331712251062243,103.6042262954262,0.23247210965840662,21.254592883054315,0.23420956937184761,21.41344634256892
50561,Eagle Point Power Generation,NJ,39.8746,-75.1592,PJM,251.8,0.0,251.8,4,173752.614,0.0787719352171216,0.1600503871275833,0.1600503871275833,3.662565075933641,334.86309265679,8.896488716703328,813.3932540985899,1.1463759189283758,104.8115125877372,1.9956462268583397,182.45908359847675
7988,Silver Creek,MS,31.6004,-89.9468,MISO,250.5,250.5,0.0,3,427708.0,0.1949106353503039,0.1557474455831684,0.1557474455831684,22.787131633721483,2083.3948922259638,83.97629283780147,7677.832488027561,6.190916450932993,566.0266469424449,22.46361663507877,2053.8163780643445
54805,Milford Power LP,MA,42.129361,-71.511496,ISNE,249.3,0.0,249.3,2,253129.0,0.1159085622391096,0.1505550426537973,0.1505550426537973,4.999714071397839,457.11671509923093,42.71892197437402,3905.7300090856243,1.4135972228556026,129.24317466108366,9.536916367077682,871.9466392756736
7605,River Road Gen Plant,WA,45.6497,-122.7256,BPAT,248.0,0.0,248.0,1,1561558.0,0.7187905067020179,0.11852960816111,0.11852960816111,16.96351416620992,1550.9498666249067,17.380504497435762,1589.0746969084123,4.377008510100582,400.18363520919604,4.424614906248866,404.5362199998963
8000,Beatrice,NE,40.330184,-96.808153,SWPP,247.1,0.0,247.1,3,488199.0,0.2255381604696673,0.1655970437914281,0.1655970437914281,102.07193575328954,9332.291268872184,108.61486154216568,9930.50162671229,26.316259803662856,2406.058039192032,28.1409399947186,2572.8859423742715
55084,Crockett Cogen Project,CA,38.0569,-122.2161,CISO,247.0,0.0,247.0,1,1368470.0,0.6324616863549812,0.186288315590175,0.186288315590175,5.443113790267984,497.65611796735845,5.643269149256388,515.956036503441,1.1689628952031088,106.87660756142708,1.2349863643138672,112.91303902298213
492,South Plant (CO),CO,38.824444,-104.833333,WACM,245.1,245.1,0.0,6,152267.7,0.0709186353906429,0.1912325447192419,0.1912325447192419,7.607641101272789,695.5557578306549,9.110891245341948,832.9957710026923,1.559196346841959,142.55509456840767,2.14819518969846,196.40641734385918
3612,V H Braunig,TX,29.2567,-98.3825,ERCO,244.0,244.0,0.0,4,167614.34,0.0784182667115802,0.1711825004230328,0.1711825004230328,73.52964256476606,6722.710177350039,86.37398724235005,7897.050262157718,17.391624239601782,1590.0913590493055,20.335228486113536,1859.2208901589515
55064,Black Hawk Station,TX,35.6957,-101.36,SWPP,243.9,243.9,0.0,2,1231613.5,0.5764458729062176,0.1930702747480247,0.1930702747480247,82.48103500841412,7541.123200769291,82.56443307465929,7548.748166825992,14.737480781349301,1347.426814294793,14.752075442942207,1348.761183354716
7829,Smarr Energy Center,GA,32.9842,-83.8464,SOCO,242.0,242.0,0.0,2,202026.0,0.0952988792029888,0.160645737085819,0.160645737085819,17.877765467422577,1634.5385570214926,67.98262868363432,6215.554622503708,5.7589839661715585,526.5356769071138,18.75205519522609,1714.4736178492424
56674,Winchester Power Park,TX,30.02547,-96.9945,ERCO,242.0,242.0,0.0,4,51545.001,0.0243145972489527,0.1682865309748871,0.1682865309748871,83.00157793856106,7588.715697239867,105.72477105482791,9666.264782155693,18.8813221979061,1726.292315237129,26.615797858260084,2433.44437561235
55148,Worthington Generation LLC,IN,39.0708,-87.0128,MISO,242.0,242.0,0.0,4,195336.0,0.0921430997396128,0.1525308354920772,0.1525308354920772,81.73427482357718,7472.847983869912,99.67771626816783,9113.391201661057,23.045665639081506,2107.0322870017376,26.441704394973296,2417.5272589689866
2399,PSEG Burlington Generating Station,NJ,40.076611,-74.879172,PJM,242.0,242.0,0.0,4,49794.143,0.0234886896675346,0.151685273405584,0.151685273405584,10.27325179363398,939.2687354179637,19.658314181756918,1797.3315823320609,1.0730551190211655,98.10789659622083,3.291096189199954,300.90022301256715
7964,Peno Creek,MO,39.3531,-91.2295,MISO,240.0,240.0,0.0,4,115396.17,0.054887828196347,0.1574388564622871,0.1574388564622871,69.75032019608919,6377.172132213868,90.0302974633153,8231.341482360256,18.22074001485583,1665.8962299296759,23.0015341623601,2102.997409130066
50292,Bethpage Power Plant,NY,40.7469,-73.4994,NYIS,239.6,60.0,179.60000000000002,6,573468.0,0.2732236375694651,0.1544235170774099,0.1544235170774099,1.0306611020132048,94.23187218406443,8.014206674217984,732.7274673570728,0.037876621753013935,3.4630054174184166,0.10285761503570756,9.40412480326469
120,Yucca,AZ,32.7214,-114.7106,AZPS,238.0,238.0,0.0,5,293374.81,0.1407154416561145,0.2087793486176735,0.2087793486176735,64.69743985746005,5915.19450125349,64.74400377778028,5919.451773968482,16.423859179215142,1501.6099820996699,16.46069332514009,1504.9776754413797
3628,R W Miller,TX,32.6581,-98.3103,ERCO,237.6,237.6,0.0,2,73135.988,0.0351382873637439,0.1795362530484279,0.1795362530484279,52.24159117180148,4776.374049993277,82.55400831637866,7547.795046068904,9.007686138363551,823.5598755075246,16.16358771414168,1477.8137338643821
55229,Montpelier Electric Generating Station,IN,40.6206,-85.3057,MISO,236.0,236.0,0.0,4,85346.814,0.0412829957046668,0.148343105435495,0.148343105435495,102.44861701916355,9366.730698894951,111.49487476316548,10193.8171212037,25.556642416946445,2336.6073066922463,27.876846118275566,2548.7402165280514
55365,Exelon LaPorte Generating Station,TX,29.7028,-95.0718,ERCO,236.0,236.0,0.0,4,164863.0,0.0797456659701261,0.1613469515151865,0.1613469515151865,9.55290099644134,873.4080911032081,12.298434835620817,1124.428327828189,2.473100156111928,226.11201427309052,2.8108623244048596,256.99312680273
55228,Greenville Electric Generating Station,OH,40.075783,-84.615136,PJM,236.0,236.0,0.0,4,104542.76,0.0505682416221654,0.1510691351541974,0.1510691351541974,96.09264189545365,8785.61297329862,103.5897805589516,9471.065651104145,20.509321949400324,1875.138006802315,22.49662836963415,2056.8345937951217
52169,Midway Sunset Cogen,CA,35.2269,-119.6294,CISO,234.0,234.0,0.0,3,264038.0,0.1288090777816805,0.2063057377686398,0.2063057377686398,17.73842119840461,1621.7985095684212,17.73842119840461,1621.7985095684212,5.649176512282088,516.4961382657908,5.649176512282088,516.4961382657908
5083,Cumberland (NJ),NJ,39.3757,-74.9654,PJM,231.2,231.2,0.0,2,59509.127,0.0293826960981814,0.1562635344893142,0.1562635344893142,12.117739025422953,1107.9075680386698,31.844509119889448,2911.4979766756064,1.8413598043047783,168.3528963935797,5.289522351599799,483.61347214626727
55075,Pine Bluff Energy Center,AR,34.2181,-91.9025,MISO,230.4,0.0,230.4,2,1059673.0,0.5250314125126839,0.1631658575579632,0.1631658575579632,74.96374181224027,6853.827822833396,77.03583626649002,7043.276458650515,17.7033245121931,1618.589669686226,18.240894547531745,1667.738930060045
52176,C R Wing Cogen Plant,TX,32.273178,-101.422386,ERCO,230.0,0.0,230.0,3,133743.0,0.066380285884455,0.1965463143433679,0.1965463143433679,90.18145645838467,8245.161733338025,92.94749232218275,8498.056440885279,20.066269722472867,1834.6303746260905,21.185541269871564,1936.9637732453998
3609,Leon Creek,TX,29.3525,-98.5761,ERCO,229.6,229.6,0.0,4,227529.0,0.1131255667987208,0.1711825004230328,0.1711825004230328,35.85526112239667,3278.1953026191236,39.6505681204372,3625.194799582829,6.4567477870894665,590.3312262481797,7.341809765116316,671.2511785249202
55453,Fountain Valley Power Facility,CO,38.5569,-104.6875,PSCO,228.0,228.0,0.0,6,83442.0,0.0417778178322518,0.1963084382980885,0.1963084382980885,86.4400107114608,7903.086693619272,86.44209566311693,7903.2773177706895,24.256327567407197,2217.7213775915147,24.256327567407197,2217.7213775915147
50973,Motiva Enterprises Port Arthur Refinery,TX,29.888462,-93.950984,MISO,225.7,18.8,206.9,6,1499707.69,0.7585268408988373,0.1643375556495981,0.1643375556495981,5.5584811152404665,508.2039876791283,5.580025615687135,510.17377057710945,0.8353706302224357,76.37674333462269,0.8499652918153402,77.71111239454538
56505,Jonesboro City Water & Light Plant,AR,35.848561,-90.725377,MISO,224.3,224.3,0.0,5,77517.535,0.0394517774221983,0.1629517137778444,0.1629517137778444,49.93146473681032,4565.162490222657,72.77384758941923,6653.608922461186,10.463677378227116,956.6790745807648,14.057786541451181,1285.2833409326793
7315,Almond Power Plant,CA,37.5744,-120.985,TIDC,223.5,223.5,0.0,4,172986.0,0.0883546320983114,0.188592284819116,0.188592284819116,78.7976204159192,7204.353866598326,78.7976204159192,7204.353866598326,17.928151799112367,1639.1453073474163,17.928151799112367,1639.1453073474163
54041,Lockport Energy Associates LP,NY,43.161947,-78.744971,NYIS,221.3,0.0,221.3,4,39516.0,0.0203839082878878,0.1361187636688596,0.1361187636688596,61.69893188400357,5641.045200823183,80.60735845343935,7369.815630028739,15.615940412465074,1427.743123425378,19.68472356940122,1799.7461549166828
55216,Morris Cogeneration LLC,IL,41.411944,-88.332778,PJM,218.8,0.0,218.8,4,598242.0,0.3121227868072425,0.153430911304239,0.153430911304239,64.61438928315758,5907.601305888692,71.30882155904577,6519.663685398469,17.43853565186469,1594.3804024562,19.10788694453881,1747.0068063578337
55622,West Valley Generation Project,UT,40.6667,-112.0317,PACE,217.0,217.0,0.0,5,790091.0,0.4156361130400017,0.1730749262896886,0.1730749262896886,22.59253614581609,2065.6033047603282,22.60469836381018,2066.71527897693,6.678100154581851,610.5691569903406,6.68227005789411,610.9504052931757
56238,Groton Generation Station,SD,45.3735,-98.098689,SWPP,216.4,216.4,0.0,2,180479.0,0.0952062179795575,0.157358194775512,0.157358194775512,104.29414672678058,9535.464843591366,104.40708160815424,9545.790318459814,24.958261291637363,2281.8981752354157,24.97702585654253,2283.613792598174
1248,Hutchinson Energy Center,KS,38.0906,-97.874722,SWPP,213.6,213.6,0.0,3,22595.04,0.0120755733415422,0.1781828030740623,0.1781828030740623,78.91333523283437,7214.933507001999,91.05122879093324,8324.683775171037,14.520645809111864,1327.6019025473702,18.198153038581097,1663.8311349559858
1595,Kendall Square Station,MA,42.3633,-71.0792,ISNE,213.4,0.0,213.4,2,1578920.39,0.8446206825349957,0.1509560966702412,0.1509560966702412,0.5566820921864983,50.89664842847984,2.149932649411901,196.56527080337378,0.07297330796452225,6.671845299613462,0.13169944627882826,12.041092231207154
10682,Brush Generation Facility,CO,40.2415,-103.631,PSCO,211.6,0.0,211.6,5,153728.0,0.0829341136459763,0.1804926651081246,0.1804926651081246,102.32386741173849,9355.325020501803,102.49274849588495,9370.765576766624,22.008402190157224,2012.1967716715174,22.061568457388518,2017.0576875326642
1366,Paddys Run,KY,38.223592,-85.841704,LGEE,210.6,210.6,0.0,2,77054.0,0.041766945496017,0.1531752977161652,0.1531752977161652,9.106373850087001,832.5827520079542,20.60696718529571,1884.065571227036,3.509321129208144,320.8522175276017,6.1759742973974,564.6605071906193
7887,Terry Bundy Generating Station,NE,40.909653,-96.613086,SWPP,209.7,60.5,149.2,4,132578.24,0.0721721615789462,0.1659267977065351,0.1659267977065351,88.65318689444196,8105.434230348978,91.01439464500828,8321.316081829327,24.3063664071543,2222.2963572255358,24.822739433988964,2269.507605393276
3548,Decker Creek,TX,30.3033,-97.6128,ERCO,206.0,206.0,0.0,4,0.0,0.0,0.1682331969921168,0.1682331969921168,47.55566232465109,4347.946269682385,61.121747767198464,5588.27408157243,9.45629823637402,864.575838754196,14.484159155129603,1324.2659798975635
56908,Dave Gates Generating Station,MT,46.104713,-112.876605,NWMT,203.1,203.1,0.0,3,468499.72,0.2633269482833433,0.1501362021132167,0.1501362021132167,49.450188396187166,4521.1600819371115,50.37138953625358,4605.384186171756,17.935449129908818,1639.8124918773774,17.988615397140112,1644.6734077385242
10436,ExxonMobil Baytown Refinery,TX,29.753517,-94.997277,ERCO,201.8,201.8,0.0,6,1240328.0,0.7016350561838431,0.1613469515151865,0.1613469515151865,18.608541022895864,1701.352322093336,22.8455102800931,2088.732368465655,1.8552594820123063,169.62372406969655,2.5189690925467705,230.30574560427613
55026,Dighton Power Plant,MA,41.8312,-71.1239,ISNE,200.0,0.0,200.0,1,531137.0,0.3031603881278539,0.1503448649861296,0.1503448649861296,7.834900831790873,716.3337903351654,48.72254026819807,4454.632253092394,2.776460622078728,253.8478283043408,13.096276336032927,1197.373836437296
57483,Mariposa Energy Project,CA,37.789167,-121.601944,CISO,199.6,199.6,0.0,4,93437.0,0.0534384980005673,0.1904913491595038,0.1904913491595038,56.80381288735488,5193.491463986731,56.80798279066713,5193.872712289566,15.261498630923109,1395.3370176843982,15.261498630923109,1395.3370176843982
2161,James River Power Station,MO,37.108611,-93.261944,SWPP,197.5,197.5,0.0,2,136131.07,0.0786839315646494,0.1595607725209201,0.1595607725209201,38.525736701955495,3522.3530698930736,49.578760414981794,4532.915237941192,7.7497653058322635,708.5499708189498,11.022791914012432,1007.798117852565
56143,Riverside Energy Resource Center,CA,33.9636,-117.4528,CISO,196.0,196.0,0.0,4,71949.999,0.041905460232038,0.1949079320429256,0.1949079320429256,10.776767618589185,985.3044679852968,10.798312119035852,987.2742508832778,2.626691594780113,240.1546600941817,2.6270390867228013,240.18643078608466
55200,Arapahoe Combustion Turbine Project,CO,39.6692,-105.0018,PSCO,194.0,0.0,194.0,3,249406.0,0.146757755495928,0.1830432757225741,0.1830432757225741,1.6478067922274502,150.65662100365256,1.6849884300950877,154.05608503726515,0.13204693822151647,12.072862923110076,0.1424716965021625,13.025983680197712
4014,Wheaton,WI,44.885416,-91.515833,MISO,194.0,194.0,0.0,4,17967.926,0.0105728510568187,0.1490173120618717,0.1490173120618717,54.77723987759729,5008.204788808895,70.16904798702848,6415.455815956889,16.42559663892858,1501.7688355591845,20.595847443129685,1883.0489090861424
7551,SCA Cogen 2,CA,38.530943,-121.400128,BANC,193.4,44.0,149.39999999999998,4,639252.0,0.3773214715756967,0.1861524453908951,0.1861524453908951,22.789216585377613,2083.5855163773813,22.791301537033743,2083.7761405287993,3.945423517281837,360.7244358657679,3.945423517281837,360.7244358657679
55029,De Pere Energy Center,WI,44.44861,-88.07204,MISO,192.3,192.3,0.0,1,95101.007,0.0564549107535077,0.1489457734709757,0.1489457734709757,44.848700091110004,4100.452579758628,49.5492235998533,4530.214729129444,4.183455498023254,382.4873598192689,4.652222128709638,425.34602319630966
57842,Wabash Valley Power IGCC,IN,39.53,-87.4247,MISO,192.0,192.0,0.0,1,490877.0,0.2918551417427701,0.1545475892460193,0.1545475892460193,46.513533988529176,4252.665964665524,74.71702253293165,6831.270631582322,10.491476733642171,959.2207299329984,17.191468880613378,1571.791440513223
2039,Elk River,MN,45.296797,-93.558447,MISO,191.3,191.3,0.0,1,44722.624,0.0266875189463106,0.1514840290839139,0.1514840290839139,45.78866579608159,4186.392301356031,60.63213161995079,5543.509176681215,7.28690603817158,666.2314092042586,10.41259606265195,952.0087828710354
3631,Sam Rayburn,TX,28.8947,-97.135,ERCO,189.6,0.0,189.6,4,193607.25,0.1165679548870007,0.1689479008388655,0.1689479008388655,93.36587262117935,8536.308353936396,109.52598541589414,10013.80438088175,22.859757449743316,2090.0349668336744,27.223561266021747,2489.0113157505593
1068,Marshalltown,IA,42.0474,-92.859444,MISO,189.0,189.0,0.0,3,79031.001,0.0477344114662607,0.1548635152193632,0.1548635152193632,83.03771710060063,7592.019849197771,86.51472147913877,7909.917392378401,18.234292200620672,1667.1352869138898,19.005029329503103,1737.6026815545692
7760,Tilton,IL,40.106125,-87.653818,MISO,188.0,188.0,0.0,4,69319.001,0.0420911062129602,0.1536707950360434,0.1536707950360434,57.23678784794438,5233.077746097771,76.80649158431581,7022.307801994587,10.403213780199367,951.1509741896563,14.816361452339523,1354.6387613567563
4076,West Marinette,WI,45.0869,-87.6881,MISO,187.1,187.1,0.0,3,30647.0,0.0186986423395786,0.1493724684452484,0.1493724684452484,14.489024042327237,1324.7107695842044,28.3706321688355,2593.8863697221022,3.145844557156286,287.6200737971461,6.770533011336912,619.0201610365176
50243,Bucksport Generation LLC,ME,44.5738,-68.8046,ISNE,186.8,186.8,0.0,1,13769.989,0.0084149708378555,0.146838513241395,0.146838513241395,7.808143952203881,713.8874470586405,55.95662753108104,5116.034517127408,1.7037529950002506,155.7717024000229,12.277237827116837,1122.4903156221105
7975,Pyramid,NM,32.2363,-108.5494,PNM,186.0,186.0,0.0,4,269374.98,0.1653256370599499,0.2137033868876584,0.2137033868876584,107.03342571099168,9785.913207862095,107.03342571099168,9785.913207862095,28.33379802291055,2590.5186763803927,28.33379802291055,2590.5186763803927
201,Thomas Fitzhugh,AR,35.462382,-93.804926,SWPP,185.0,0.0,185.0,2,484175.64,0.2987631988152536,0.1584988756403028,0.1584988756403028,60.542826190679925,5535.344108862164,82.65026358450328,7556.595527726013,13.849986359723635,1266.2844671747323,18.556417231492635,1696.5867183078979
118,Saguaro,AZ,32.5517,-111.3,AZPS,184.5,184.5,0.0,3,135229.0,0.0836699211740975,0.2041780064159769,0.2041780064159769,94.88302244295603,8675.01919478455,94.88336993489872,8675.050965476454,27.789625640660827,2540.765772860418,27.789625640660827,2540.765772860418
52193,Delaware City Plant,DE,39.5871,-75.6343,PJM,184.0,184.0,0.0,2,868947.0,0.5391025163787969,0.1575223256042997,0.1575223256042997,16.47077059147805,1505.8990255065644,21.68488719151451,1982.6182575098976,4.39299313946424,401.64508703673044,6.087711343954597,556.5907514472774
7307,Redding Power,CA,40.507292,-122.423281,BANC,183.1,73.8,109.3,6,272176.0,0.1696904403861452,0.1689406600699822,0.1689406600699822,38.37666265854225,3508.7234430667195,40.93107592924322,3742.269799245094,10.571399880460458,966.5279890706703,11.751830009772277,1074.4530294648937
50304,Shell Deer Park,TX,29.723185,-95.128856,ERCO,182.2,182.2,0.0,2,1078038.1,0.6754319980552257,0.1649630496812481,0.1649630496812481,6.928641845260044,633.4758258523468,9.030968098523662,825.6885118650204,1.467805965914962,134.19940259793938,2.1082336162893167,192.75278777502322
56013,Exira,IA,41.514365,-94.919729,SWPP,181.5,181.5,0.0,3,312222.58,0.1963738128482836,0.1614836402185104,0.1614836402185104,83.95092592598522,7675.513227518647,85.38537266540212,7806.662643693907,20.020053294095337,1830.404872603002,20.588550112333234,1882.381724556181
7763,Henry County,IN,39.9528,-85.5039,MISO,181.5,181.5,0.0,3,344725.0,0.2168163578499817,0.1509793527292274,0.1509793527292274,100.13675312445895,9155.360285664818,109.16389881161304,9980.699319918906,26.8892740171557,2458.4479101399493,28.459937598106368,2602.0514375411535
57881,Pioneer Generation Station,ND,48.2325,-103.95278,SWPP,181.5,181.5,0.0,3,597532.0,0.3758204712127501,0.1536040252769312,0.1536040252769312,107.54284889897258,9832.489042191777,107.57586063352795,9835.507257922554,27.232943548474328,2489.8691244319384,27.2426733228696,2490.75870380522
3648,Gadsby,UT,40.7686,-111.9289,PACE,181.2,181.2,0.0,3,2024.0,0.0012751116352676,0.1730749262896886,0.1730749262896886,9.799620275749962,895.9652823542822,9.889273196963519,904.1621208652359,1.2047545652999936,110.14898882742797,1.2047545652999936,110.14898882742797
10213,El Segundo Cogen,CA,33.9058,-118.4031,CISO,180.1,0.0,180.1,6,1268486.617,0.8040222561539886,0.1872196643929611,0.1872196643929611,0.6230530532399448,56.964850581937796,0.6237480371253212,57.02839196574365,0.17583092300022982,16.075970102878152,0.17583092300022982,16.075970102878152
7145,Pleasant Hill,IA,41.5572,-93.5242,MISO,179.8,179.8,0.0,3,21908.658,0.0139098351288341,0.1561236089788421,0.1561236089788421,45.33692627058692,4145.090401882232,52.52271215343624,4802.076539742741,11.410245430109775,1043.222439324322,13.810372278257182,1262.6626082977994
99,Frederickson,WA,47.079722,-122.365,PSEI,177.8,177.8,0.0,2,68960.459,0.0442755822046216,0.1157157590232904,0.1157157590232904,13.409019084452309,1225.9674591499252,41.17988016020797,3765.0176146475856,1.390315262695493,127.11453830358792,5.089714484554083,465.34532430208753
3285,Hagood,SC,32.8265,-79.9634,SCEG,177.3,177.3,0.0,3,16006.53,0.0103058626737439,0.1673820706785745,0.1673820706785745,3.2886637456011365,300.6778281692467,8.194207500530473,749.184685762786,1.3190794144444118,120.60154646348906,1.9483873226527442,178.13826949967944
2790,R M Heskett,ND,46.8669,-100.8836,MISO,176.4,176.4,0.0,2,30881.0,0.0199842874745027,0.1559526207576358,0.1559526207576358,59.64768694631512,5453.502806520239,60.25336540242065,5508.87912250703,13.476780013276509,1232.162744070995,13.600834636816195,1243.5048810803378
6137,A B Brown,IN,37.9053,-87.715,MISO,176.4,176.4,0.0,2,49647.843,0.0321290362035225,0.1545763257141022,0.1545763257141022,69.3142178080155,6337.299913875702,81.74087717048826,7473.451627016068,16.944749601304757,1549.234249262149,19.922060566257265,1821.4455374863783
7870,Encogen,WA,48.746,-122.486,PSEI,176.4,0.0,176.4,4,752211.95,0.4867853971877944,0.1173488397994427,0.1173488397994427,8.122276668394015,742.6081525388813,17.744328561430308,1622.3386113307708,0.2964106271130356,27.100400193191824,1.4413965782706586,131.78483001331733
7325,San Jacinto Steam Electric Station,TX,29.694838,-95.040622,ERCO,176.4,176.4,0.0,2,857867.0,0.5551588595864525,0.1613469515151865,0.1613469515151865,8.081967603042184,738.9227522781424,10.749663247059505,982.8263540168689,3.293528632798771,301.1226178558876,3.693491858832891,337.69068423615
50002,Pittsfield Generating LP,MA,42.4564,-73.2181,ISNE,175.5,0.0,175.5,4,27896.617,0.0181455573768359,0.1391980754895444,0.1391980754895444,6.350067760684189,580.5776238339829,23.534934294386492,2151.7654212010502,1.1908548875924656,108.87816115131113,5.106394097803117,466.8703175134277
7552,SPA Cogen 3,CA,38.511,-121.4735,BANC,173.9,0.0,173.9,2,672147.0,0.4412254720473899,0.1861524453908951,0.1861524453908951,28.721251539007895,2625.9429978521503,28.722988998721338,2626.1018513116646,1.0049466982542778,91.88084098324825,1.0049466982542778,91.88084098324825
7818,Alsey,IL,39.569771,-90.43602,MISO,173.0,173.0,0.0,6,38726.52,0.0255539631007997,0.1586368273232688,0.1586368273232688,80.60075610652827,7369.211986882583,95.89352901229331,8767.408366838245,18.64363770910737,1704.5611619755307,23.34242375813723,2134.164457886832
4940,Riverside (OK),OK,35.9978,-95.9567,SWPP,173.0,173.0,0.0,2,96635.0,0.0637652756882307,0.1701987197888767,0.1701987197888767,35.39274934667867,3235.908511696335,50.31231590599659,4599.9831685482595,7.478374098592778,683.7370604427682,11.119742166022439,1016.66214089348
56604,Hardin County Peaking Facility,TX,30.3038,-94.2526,MISO,173.0,173.0,0.0,2,194646.0,0.1284385145300499,0.1536707629019391,0.1536707629019391,10.302788608762478,941.9692442297122,50.43011567456789,4610.753433103349,2.800785058066902,256.0717767375453,12.27272043186189,1122.0772966273726
2964,Southwestern,OK,35.1009,-98.3524,SWPP,173.0,173.0,0.0,2,145112.0,0.095753160714757,0.181301191116843,0.181301191116843,94.42294311083685,8632.954798705083,106.21299723430484,9710.902604279298,22.9869395007672,2101.663040070144,26.25718617340586,2400.6570215685356
10751,Camden Plant Holding LLC,NJ,39.9175,-75.1192,PJM,172.9,0.0,172.9,2,104531.0,0.0690153994047289,0.151685273405584,0.151685273405584,1.702710519172186,155.67639032431413,4.394383107234993,401.7721698043421,0.2863333607750778,26.179050128007113,0.4837087842219761,44.224803128866384
55733,Bennett Mountain,ID,43.147153,-115.666637,IPCO,172.8,172.8,0.0,1,919148.0,0.6072081642144428,0.1699366596225308,0.1699366596225308,33.59308857549647,3071.3680983311056,33.59308857549647,3071.3680983311056,9.642553917654896,881.6049296141617,9.642553917654896,881.6049296141617
2047,Chevron Oil,MS,30.34,-88.4919,SOCO,170.5,170.5,0.0,5,1013132.0,0.678324562460665,0.1729356496394094,0.1729356496394094,2.199623997216314,201.10847974549154,4.1090922222879795,375.6884317520438,0.9917420044321262,90.67355469093724,1.10884678911805,101.3802778622217
55102,Livingston Generating Station,MI,45.030397,-84.730795,MISO,170.1,170.1,0.0,4,19544.0,0.0131161095138771,0.1392804894580756,0.1392804894580756,32.89845218206276,3007.8584852171666,85.48962024820858,7816.193851264784,8.329729358178872,761.5752556049254,21.357897273444912,1952.7220364292489
56603,San Jacinto County Peaking Facility,TX,30.4193,-95.0118,MISO,170.0,170.0,0.0,2,139560.0,0.0937147461724415,0.1553197757780477,0.1553197757780477,22.9810321377415,2101.122938307794,72.56708988351974,6634.705360778947,4.543109658705543,415.3700259387924,20.823802157533148,1903.890482974459
7314,Richard M Flynn,NY,40.8158,-73.064,NYIS,170.0,0.0,170.0,2,468743.51,0.3147619594413108,0.1474297921154534,0.1474297921154534,0.5667593585244561,51.817998493664554,8.358918681364681,764.2439937247708,0.07297330796452225,6.671845299613462,1.3635583831085016,124.66819502706299
7991,West Campus Cogeneration Facility,WI,43.075071,-89.4251,MISO,169.3,0.0,169.3,3,281441.356,0.1897696909379745,0.1548476994836268,0.1548476994836268,18.791669276692545,1718.0954767261753,22.379176093005533,2046.0960999319343,0.3978782743779904,36.37744222884483,0.9000041315624412,82.28609202856605
6120,Whitehorn,WA,48.885636,-122.75164,PSEI,169.2,169.2,0.0,2,224549.01,0.1514979233459633,0.1208106663367336,0.1208106663367336,16.9610817226111,1550.7274717815862,26.19290016400854,2394.779443566495,3.3369651256347965,305.0939543437528,4.791566397727607,438.08607064938116
2038,Cambridge CT Hybrid,MN,45.601,-93.2081,MISO,169.2,169.2,0.0,1,35368.742,0.0238624564159029,0.1523500088100064,0.1523500088100064,51.83224566331478,4738.9481749316365,70.28198286840214,6425.781290825337,14.29755598190604,1307.205118345695,16.857876615632705,1541.2915762864186
7336,Anderson,IN,40.0529,-85.7389,PJM,168.7,168.7,0.0,3,990751.26,0.670417657997093,0.1527880557126106,0.1527880557126106,77.3277294983481,7069.963839848969,84.06664074290039,7686.092867922321,21.103880663339837,1929.4976606482135,22.174503338762186,2027.3831624011139
55936,NRG Rockford II Energy Center,IL,42.2383,-89.1011,PJM,168.0,168.0,0.0,1,64603.001,0.04389745121222,0.1539297376616198,0.1539297376616198,38.37179777134462,3508.278653380079,49.14057307525198,4492.852395451609,5.834737209677587,533.4616877419508,7.374474007729006,674.2376235637947
7456,Rathdrum,ID,47.80427,-116.867312,AVA,166.4,166.4,0.0,2,866302.0,0.5943084277309448,0.1277762263648302,0.1277762263648302,37.95689239177491,3470.344447247991,58.530847842515236,5351.39180274425,15.400842899941079,1408.0770651374698,20.61982438717517,1885.241086827444
56298,Roseville Energy Park,CA,38.7928,-121.3811,BANC,165.0,0.0,165.0,3,556343.0,0.3849059083990591,0.1876821272242413,0.1876821272242413,79.04016979191556,7226.529809546564,79.04294972745707,7226.783975081788,20.388047261402143,1864.0500353281957,20.388047261402143,1864.0500353281957
55447,Columbia Energy Center,MO,39.0192,-92.2629,MISO,162.8,162.8,0.0,4,13259.0,0.0092972019341882,0.1611610651316259,0.1611610651316259,47.66651225436863,4358.081120399417,77.76904426556212,7110.312618565678,11.403295591256011,1042.5870254862637,20.234803314676647,1850.0391601990075
7268,491 E 48th Street,MI,42.7553,-86.0853,MISO,161.7,161.7,0.0,3,92121.055,0.0650346454480505,0.1422416677687414,0.1422416677687414,46.69353481484166,4269.123183071237,55.4454668833867,5069.299829338212,10.873022886713816,994.1049496424059,11.56001445740839,1056.915607534481
55802,Valencia Energy Facility,NM,34.611549,-106.732234,PNM,159.5,159.5,0.0,1,76829.0,0.0549870457050428,0.2063390099220998,0.2063390099220998,100.21111640019421,9162.15921373204,100.21111640019421,9162.15921373204,22.721108164610726,2077.358460764409,22.721108164610726,2077.358460764409
2831,Dick's Creek,OH,39.465,-84.3778,PJM,159.1,159.1,0.0,4,8651.0,0.0062071469366786,0.1501315281674155,0.1501315281674155,39.88755762535055,3646.8624114606214,53.62912649895547,4903.234422761642,6.7542008900305675,617.5269385170803,8.905870999155908,814.2510627799686
8029,Sycamore (IA),IA,41.6722,-93.6769,MISO,157.6,157.6,0.0,2,9531.0,0.0069036402197343,0.1571666298288996,0.1571666298288996,22.649177332474267,2070.781927540504,26.765566885558698,2447.137543822509,6.791382527898205,620.926402550693,8.41104247276791,769.0095975102089
54365,Orange Cogeneration Facility,FL,27.87082,-81.825061,FPC,157.2,0.0,157.2,3,387478.14,0.2813782721600613,0.1767946819605681,0.1767946819605681,47.254734302283104,4320.432850494455,49.87204361461064,4559.729701907258,9.903520366613735,905.4647192332557,10.30452606847592,942.1280976892268
52132,Power Station 4,TX,29.378164,-94.92195,ERCO,156.4,0.0,156.4,2,401440.0,0.2930082098354529,0.1676752495206271,0.1676752495206271,9.833674486133406,899.0788101607684,11.003332365221892,1006.0189591060015,2.129083132850609,194.6590292891985,2.1905892067064205,200.28244175601557
52109,Richmond Cogen,CA,37.9418,-122.3909,CISO,155.6,0.0,155.6,3,926351.633,0.6796137744890892,0.1861125401910871,0.1861125401910871,1.055333029944067,96.48759130917183,1.4862230388774367,135.8832492687942,0.10112015532226655,9.245271343750083,0.13691182541915128,12.517652609750973
7825,Fulton (AR),AR,33.6094,-93.7924,SWPP,154.8,154.8,0.0,1,194353.0,0.1433230977074557,0.1579865844334716,0.1579865844334716,42.01768323402923,3841.6167528255287,80.28036853536975,7339.91940894809,9.540738778447253,872.2961168866059,21.498284018290946,1965.557395958029
55504,Limon Generating Station,CO,39.2038,-103.7005,WACM,154.2,154.2,0.0,2,207601.48,0.153688710030856,0.1902132730526092,0.1902132730526092,98.31103045757514,8988.43707040687,98.31103045757514,8988.43707040687,24.2886443180772,2220.6760519384866,24.2886443180772,2220.6760519384866
55505,Frank Knutson,CO,39.941129,-104.682015,PSCO,154.2,154.2,0.0,2,270819.81,0.200489646074303,0.1843019567684285,0.1843019567684285,86.75483841153631,7931.870940483319,86.77638291198298,7933.8407233812995,25.659847523924842,2346.043202187414,25.66366993529441,2346.392679798346
56026,Donald Von Raesfeld Power Plant,CA,37.3767,-121.9508,CISO,154.0,0.0,154.0,3,878316.0,0.65106742572496,0.1863891472979341,0.1863891472979341,3.171906452857901,290.00287568986516,3.1732964206286534,290.12995845747685,0.27486612666636717,25.13061729521071,0.2755611105517436,25.194158679016553
56233,EG178 Facility,TX,32.747058,-100.954661,ERCO,153.9,0.0,153.9,3,713126.0,0.5289608682623183,0.1949756562457815,0.1949756562457815,104.61592426570986,9564.884504293472,105.1003280338172,9609.172848806144,24.13053548415407,2206.2203871226575,24.260149978776766,2218.070855202447
57027,Canyon Power Plant,CA,33.858056,-117.861667,CISO,150.0,150.0,0.0,3,78454.0,0.0597062404870624,0.1931018754495271,0.1931018754495271,2.0748743897912494,189.7028013523428,2.087731591670713,190.87831695275088,0.44166225915670376,40.38054940861291,0.44166225915670376,40.38054940861291
55039,Rio Bravo,NM,35.026,-106.644,PNM,150.0,150.0,0.0,1,418835.15,0.3187482115677321,0.2045388603970422,0.2045388603970422,54.17399386509057,4953.0508676654235,54.17468884897595,4953.114409049229,11.110359883569858,1015.8043322121011,11.110359883569858,1015.8043322121011
55541,Indigo Energy Facility,CA,33.910873,-116.552994,CISO,149.7,149.7,0.0,3,24611.0,0.0187673673069121,0.2144245361279881,0.2144245361279881,54.96210559110741,5025.106796901248,54.963148066935474,5025.202108976957,20.397082051912037,1864.8760733176716,20.397082051912037,1864.8760733176716
59093,Holland Energy Park,MI,42.7925,-86.092222,MISO,149.4,0.0,149.4,3,892920.0,0.6822724688709174,0.1422416677687414,0.1422416677687414,41.390460277477025,3784.270653940756,50.514556216641125,4618.47371123576,1.9747967102970476,180.55284208430146,2.6861127169797956,245.58744840958127
7266,Woodland,CA,37.652602,-121.020397,BANC,148.6,50.4,98.2,3,232082.0,0.1782865342895948,0.1858702863445588,0.1858702863445588,59.12783900005357,5405.973851433469,59.12783900005357,5405.973851433469,7.165978842116085,655.175208422042,7.165978842116085,655.175208422042
50458,Indeck Corinth Energy Center,NY,43.25,-73.8125,NYIS,147.0,0.0,147.0,2,422252.0,0.3279066877892709,0.1423758807712886,0.1423758807712886,4.272065943408745,390.5888862545138,34.968809176599066,3197.148267574771,1.540779273879484,140.87124789755282,11.63159779760216,1063.460370066483
3176,Hunlock Power Station,PA,41.200556,-76.07,PJM,145.9,0.0,145.9,3,630875.0,0.4936099661681078,0.1348042360077606,0.1348042360077606,7.710498716308497,704.9598826339196,32.19721344171797,2943.745228957071,0.8815870585999664,80.60224535771121,5.834737209677587,533.4616877419508
55810,Gilroy Peaking Energy Center,CA,36.999,-121.5363,CISO,144.0,144.0,0.0,3,23334.0,0.018497907153729,0.1863750555280242,0.1863750555280242,49.81783487155128,4554.773473970402,50.33837780169821,4602.365970440978,17.35548507756221,1586.7872070914018,17.361739932530597,1587.3590795456544
56312,Shute Creek Facility,WY,41.8805,-110.0904,PACE,144.0,144.0,0.0,3,520676.67,0.4127637224124809,0.1855100297294153,0.1855100297294153,29.76720228649938,2721.572780479943,29.76720228649938,2721.572780479943,8.38011568986866,766.1820059308488,8.38011568986866,766.1820059308488
1305,McPherson 2,KS,38.363411,-97.68335,SWPP,143.60000000000002,143.60000000000002,0.0,2,11020.947,0.0087611349067043,0.1754643227699233,0.1754643227699233,99.6287199042488,9108.911534102746,101.45027266782034,9275.453501057858,20.725114445809698,1894.8676064740293,20.950984208557028,1915.518556210928
2241,C W Burdick,NE,40.9228,-98.3269,SWPP,142.8,142.8,0.0,3,3949.327,0.0031571177557781,0.1670698677758063,0.1670698677758063,75.26988221374857,6881.817802399869,75.30532639190278,6885.058412973967,12.38113791798061,1131.9897525010842,12.388435248777062,1132.6569370310456
1336,Garden City,KS,37.9703,-100.8956,SWPP,142.4,142.4,0.0,2,18198.0,0.0145884639064183,0.1874056953940719,0.1874056953940719,95.58287121553006,8739.005368277034,95.62769767613685,8743.103787532511,16.879073624136687,1543.229588492497,16.892625809901524,1544.4686454767107
55207,Valmont Combustion Turbine Project,CO,40.0205,-105.2009,PSCO,142.2,142.2,0.0,2,45988.0,0.0369182256645409,0.1702136273092171,0.1702136273092171,41.55725640996736,3799.520586054158,41.94644738577814,3835.1037609854297,9.352745637452935,855.1081725671254,9.403131969142725,859.7149228930491
1728,Delray,MI,42.2947,-83.1019,MISO,142.2,142.2,0.0,2,90867.0,0.0729461688149047,0.1448238754046966,0.1448238754046966,0.10424758280646036,9.531207570876374,0.1966804395615219,17.982211617053427,0.05003883974710097,4.57497963402066,0.06324353356925262,5.782265926331667
664,John R Kelly,FL,29.6461,-82.3208,GVL,141.6,0.0,141.6,2,807194.0,0.650744588912107,0.1636125426667132,0.1636125426667132,5.066432524393973,463.2166879445918,27.487307650522094,2513.1252709048767,1.1324762412208478,103.54068491162036,6.361882486735588,581.6578273586823
60698,Stanton Energy Reliability Center Hybrid,CA,33.806801,-117.985758,CISO,141.0,141.0,0.0,2,2527.0,0.0020458887917354,0.1927712294798983,0.1927712294798983,4.349556646628215,397.6737505488653,4.352336582169721,397.9279160840887,0.13378439793495747,12.23171638262468,0.13378439793495747,12.23171638262468
7989,Sylvarena,MS,31.982076,-89.412714,MISO,141.0,141.0,0.0,3,294253.0,0.2382306745684769,0.1554586132239338,0.1554586132239338,21.409326080962764,1957.424098830881,66.02034168327404,6036.145525327912,6.723969091016693,614.7628883215261,15.72887529383874,1438.0685982938276
10154,Power Island,TX,29.2293,-95.1952,ERCO,141.0,141.0,0.0,3,833439.0,0.6747619741571942,0.1676379554368805,0.1676379554368805,52.36321335174235,4787.4937921593,54.509671081727376,4983.741356043645,11.475573915335158,1049.1953294020714,11.838008011558951,1082.3321610568182
56177,Nebo Power Station,UT,40.0614,-111.7294,PACE,140.0,0.0,140.0,2,809115.0,0.6597480430528375,0.1750129849598613,0.1750129849598613,57.69929962366237,5275.364537020559,57.97069083090186,5300.177447396741,20.541986192013017,1878.1244518411897,20.54268117589839,1878.1879932249956
57703,Cheyenne Prairie Generating Station,WY,41.123611,-104.72,WACM,140.0,40.0,100.0,4,430153.0,0.3507444553163731,0.1781027569679915,0.1781027569679915,81.71690022644277,7471.259449274767,81.73844472688944,7473.229232172748,19.802523337972524,1810.5164194717734,19.80565076545672,1810.8023556988996
56639,Midway Peaking LLC,CA,36.654114,-120.579727,CISO,139.8,139.8,0.0,2,15685.0,0.0128077619038286,0.1927629095929107,0.1927629095929107,106.99242166175446,9782.164266217549,106.99242166175446,9782.164266217549,28.804302113310374,2633.536193216948,28.804302113310374,2633.536193216948
54268,HF Sinclair Puget Sound Refining,WA,48.4708,-122.56,PSEI,139.8,139.8,0.0,3,767435.36,0.6266579131309568,0.1172443664379492,0.1172443664379492,19.425494580155824,1776.0452187571036,30.348556306616743,2774.7251480335303,1.9918238154887693,182.1096059875446,4.713380710622761,430.93766497122385
50118,Hal C Weaver Power Plant,TX,30.2867,-97.7356,ERCO,138.9,0.0,138.9,4,361190.17,0.2968448852858894,0.167910256525166,0.167910256525166,6.2020361930990155,567.0433090833385,12.320674319952863,1126.4616521099758,0.26617882809916216,24.33634999763768,0.7585749108883433,69.3554204240771
7425,Interstate,IL,39.8233,-89.5891,MISO,138.6,138.6,0.0,1,50784.413,0.0418276148635737,0.1557859491921452,0.1557859491921452,45.934264920067946,4199.704221263354,56.06817244468395,5126.232909228246,8.653244356821586,791.153769766545,11.47870134281935,1049.4812656291977
54915,Michigan Power LP,MI,43.9375,-86.425,MISO,138.1,0.0,138.1,2,1062002.0,0.8778646272471473,0.1402348713894962,0.1402348713894962,23.843507139493614,2179.9777956108446,40.932118405071286,3742.365111320803,3.913454258554522,357.8015322106991,7.363006773620295,673.1891907309983
3559,Silas Ray,TX,25.9131,-97.5214,ERCO,136.0,61.0,75.0,3,103408.0,0.0867982809562181,0.1717763833488362,0.1717763833488362,16.76822369441915,1533.0947377754649,18.939005860392342,1731.5662500930139,3.1024080643202603,283.6487373092809,3.456154861976849,315.9913016664547
54785,Grays Ferry Cogeneration,PA,39.942219,-75.188069,PJM,135.0,135.0,0.0,1,866423.0,0.7326424826653137,0.1542374837020543,0.1542374837020543,1.2871101557170974,117.67864280842032,2.614876868728714,239.0744565694824,0.13760680930452768,12.581193993556814,0.2032827864725977,18.585854763208932
7546,Ponca City,OK,36.71979,-97.085758,SWPP,134.3,60.5,73.8,3,22550.0,0.0191675421685927,0.1737858848373815,0.1737858848373815,85.66475618732343,7832.206279983856,88.56700889265528,8097.555098757053,13.131720514187124,1200.614447011394,13.47608502939113,1232.0992026871888
10294,King City Power Plant,CA,36.225,-121.1278,CISO,133.2,0.0,133.2,2,37953.0,0.0325265333826977,0.1977378420015552,0.1977378420015552,58.9325485282628,5388.118722584027,58.964170295047424,5391.009855547192,21.26789686028867,1944.4934272263924,21.275541683027807,1945.1923824482565
2444,Rio Grande,NM,31.8047,-106.5472,EPE,131.8,131.8,0.0,1,101380.0,0.0878077341481835,0.2100759296298219,0.2100759296298219,19.3761507242941,1771.533780506889,19.37823567595023,1771.7244046583064,5.035158249552036,460.35732567332894,5.037243201208165,460.54794982474647
638,Suwannee River,FL,30.376389,-83.180556,FPC,131.8,131.8,0.0,2,75308.434,0.0652265037659107,0.1697729431625671,0.1697729431625671,60.93201716649071,5570.927283793436,91.69096145742222,8383.173618964316,8.20254730715499,749.9471823684562,14.545665228985415,1329.8893923643807
50558,Frontier,OK,35.44221,-97.647694,SWPP,131.4,0.0,131.4,2,725217.0,0.6300405537832823,0.1775815645643111,0.1775815645643111,34.49830508619924,3154.1307507382157,39.61790387782451,3622.2083545439546,8.177527887281439,747.6596925514458,8.976064371578925,820.6687425443588
10034,Gilroy Power Plant,CA,37.0001,-121.5367,CISO,130.0,0.0,130.0,2,44213.0,0.038824200913242,0.1863750555280242,0.1863750555280242,49.6583360698574,4540.190726386962,50.17714154029088,4587.624369398023,17.262009744979085,1578.2408909695162,17.267917108004784,1578.7809927318658
56041,Malburg,CA,33.9986,-118.2219,CISO,130.0,0.0,130.0,3,351757.0,0.3088839128907622,0.1930893382022019,0.1930893382022019,0.3224725228146507,29.483202085910918,0.32629493418422095,29.832679696843055,0.022239484332044878,2.03332428178696,0.023281960160109482,2.128636357495724
1084,River Hills,IA,41.590218,-93.619499,MISO,128.0,128.0,0.0,8,1343.0,0.0011977382990867,0.1561236089788421,0.1561236089788421,17.876722991594512,1634.4432449457838,23.272230385714213,2127.7467781224423,0.6178406740996217,56.48829020339398,1.3524386409424791,123.6515328861695
54426,Mulberry Cogeneration Facility,FL,27.8489,-81.8775,FPC,127.7,0.0,127.7,2,387997.0,0.3468433435956848,0.1763081971593811,0.1763081971593811,42.609114520484546,3895.690470444301,46.37696965505271,4240.180082747676,11.866154858916696,1084.905587100955,12.702220473024507,1161.3458718193833
54271,Saguaro Power,NV,36.0417,-115.0117,NEVP,127.2,0.0,127.2,3,212651.0,0.1908429898624393,0.2060100819643321,0.2060100819643321,7.163546398517268,654.9528135787216,7.186828358677378,657.0814499362173,2.8073874049779777,256.6754198837008,2.813294768003677,257.21552164605043
2854,Yankee Street,OH,39.603,-84.2047,PJM,125.5,125.5,0.0,7,21971.0,0.019984900580327,0.1489845920799412,0.1489845920799412,25.205675554831362,2304.5189078702956,39.99423765175583,3656.6160138748182,3.5200933794314784,321.8371089765923,5.981031317549319,546.8371490330805
54476,Sumas Power Plant,WA,48.9905,-122.2733,PSEI,125.5,0.0,125.5,2,675821.0,0.6147292110098419,0.1075873532641074,0.1075873532641074,35.69715228847353,3263.739637803294,41.49992023942381,3794.278421890176,14.117902647536239,1290.7796706318845,14.84972067883759,1357.6887477794367
7527,Carson Ice-Gen Project,CA,38.445681,-121.462387,BANC,125.5,54.0,71.5,3,102978.734,0.0936698266295548,0.1861524453908951,0.1861524453908951,41.100651997275065,3757.7738968937197,41.100651997275065,3757.7738968937197,8.370038423530703,765.2606558656641,8.370038423530703,765.2606558656641
7697,Washington County Cogeneration Facility,AL,31.26423,-88.00267,SOCO,122.5,0.0,122.5,2,825864.0,0.7696058149287112,0.1575973872084148,0.1575973872084148,8.363783568562315,764.6887834114116,39.516436230559556,3612.9313125083017,1.7485794556070284,159.87012165549973,9.407301872454983,860.096171195884
54466,Orlando Cogen LP,FL,28.442623,-81.412343,FPC,122.4,0.0,122.4,1,704752.0,0.6572805682394723,0.1765932157484414,0.1765932157484414,3.186501114450805,291.3372447497878,5.479947936192933,501.0238113090681,0.9079964462442698,83.01681794233323,1.2335963965431143,112.78595625537044
58325,Charles D. Lamb Energy Center,OK,36.813889,-97.125278,SWPP,122.0,122.0,0.0,1,211791.0,0.1981725802829553,0.1755280003743045,0.1755280003743045,108.22011069527188,9894.41012071057,108.75281584341289,9943.114591397749,27.702752654988778,2532.823099884688,27.81221261693556,2542.830867834108
1730,Hancock,MI,42.5497,-83.4425,MISO,121.6,121.6,0.0,4,9173.0,0.0086113990026435,0.1466900164720368,0.1466900164720368,1.9157230800400533,175.15182446080485,10.643330712596915,973.104522294575,0.2658313361564739,24.304579305734755,2.319508717443743,212.06936845199934
60468,Friendswood Energy,TX,29.647267,-95.451516,ERCO,121.5,121.5,0.0,1,65743.001,0.0617687966251385,0.1623211525489946,0.1623211525489946,11.790054123467979,1077.947805574215,14.329525240633354,1310.1280220007636,2.0005111140559744,182.90387328511764,3.0923307979823025,282.7273872440962
54114,Kennedy International Airport Cogen,NY,40.6417,-73.7778,NYIS,121.2,0.0,121.2,3,398557.0,0.3753908781289087,0.1510625789360051,0.1510625789360051,1.3635583831085016,124.66819502706299,2.049854969917699,187.41531153533245,0.3495768943443304,31.961316054338777,0.4784964050816531,43.74824275032256
7749,Essex,MO,36.868206,-89.840173,AECI,121.2,121.2,0.0,1,62554.0,0.0589180493391804,0.1587165371604226,0.1587165371604226,91.6503049001277,8379.456448011673,101.13613995163021,9246.732795577618,22.65230475995846,2071.0678637676306,24.925597049024674,2278.911730196541
2951,Horseshoe Lake,OK,35.50866,-97.17969,SWPP,121.0,121.0,0.0,2,143678.0,0.1355503981282312,0.1737197760738988,0.1737197760738988,64.63628127554693,5909.602859478576,99.8670993769329,9130.70622874815,18.084175681379367,1653.4103480118276,24.714669439812937,2259.626920211468
55304,Baconton Power Plant,GA,31.3869,-84.08,SOCO,121.0,121.0,0.0,2,74017.149,0.0698301341560058,0.1702620241894616,0.1702620241894616,61.55889263110022,5628.2416119863055,104.52661883643898,9556.719436474421,17.578227412825346,1607.1522206011741,25.81065902705152,2359.8316824732815
56239,Malaga Power LLC,CA,36.68957,-119.73989,CISO,121.0,121.0,0.0,2,13559.0,0.0127919921506471,0.1870090457028143,0.1870090457028143,64.88925540982395,5932.731923183903,64.88925540982395,5932.731923183903,12.525347074196214,1145.1745896407965,12.525347074196214,1145.1745896407965
60460,Chamon Power LLC,TX,29.883214,-95.111345,ERCO,121.0,121.0,0.0,2,114912.0,0.1084116381750254,0.1636095887389737,0.1636095887389737,26.53552721949911,2426.105345782775,38.24809063974762,3496.9682870626393,3.2424473172236055,296.45232614615816,7.713973635735379,705.2775895529488
56569,Niland Gas Turbine Plant,CA,33.238842,-115.504456,IID,121.0,121.0,0.0,2,55694.998,0.052544433752217,0.2085275819833826,0.2085275819833826,92.41826209346863,8449.66967711713,92.41826209346863,8449.66967711713,24.55586562200443,2245.107714011833,24.55586562200443,2245.107714011833
56135,Ripon Generation Station,CA,37.7315,-121.116,BANC,121.0,121.0,0.0,2,8659.0,0.0081691761953281,0.1858702863445588,0.1858702863445588,91.34346951473401,8351.402927061394,91.34346951473401,8351.402927061394,20.893995529956165,1910.308162738849,20.893995529956165,1910.308162738849
60459,Port Comfort Power LLC,TX,28.64807,-96.54621,ERCO,121.0,121.0,0.0,2,76123.999,0.0718178035020189,0.1686174684245704,0.1686174684245704,30.502495237227613,2788.7995645465244,32.82756382575437,3001.3772640689704,5.731532102699191,524.0257922467831,6.376129656385804,582.960425726702
56482,Black Mountain Generating Station,AZ,35.0361,-114.1594,TEPC,121.0,121.0,0.0,2,86350.999,0.0814662808030491,0.2068325286760734,0.2068325286760734,58.93706592351774,5388.531741578764,58.93706592351774,5388.531741578764,23.449798768427883,2143.981601684835,23.449798768427883,2143.981601684835
56032,Equus Freeport Power,NY,40.6439,-73.5683,NYIS,120.0,120.0,0.0,2,38512.7,0.0366368911719939,0.1544235170774099,0.1544235170774099,0.9086914301296461,83.08035932613906,1.4928253857885125,136.4868924149497,0.18590818933818765,16.997320168062867,0.3926658952376674,35.90088185030101
56556,PPS Power Plant No 1,KY,37.03385,-88.615862,LGEE,120.0,120.0,0.0,2,109431.0,0.1041010273972602,0.1576487085242312,0.1576487085242312,33.15281628411053,3031.114631690105,56.91918021232736,5204.039333698501,4.292915459970038,392.49512776868914,11.139896698698355,1018.5048410238494
1682,Cleary Flood Hybrid,MA,41.8653,-71.1061,ISNE,118.0,0.0,118.0,2,132473.34,0.1281570118411887,0.1503448649861296,0.1503448649861296,7.3776014352132,674.523559790921,44.88588172897764,4103.852043792241,1.9577696051053257,178.99607818105832,9.959814061329224,910.6115713215289
10030,Energy Center Dover,DE,39.149549,-75.547335,PJM,118.0,50.0,68.0,3,114257.887,0.1105350659778655,0.1581689393428568,0.1581689393428568,45.79943804630492,4187.377192805021,50.641390775722314,4630.070013780325,6.934201716343055,633.9841569227935,8.127489047534338,743.0847129174251
56914,Orange Grove Peaking Facility,CA,33.3594,-117.1114,CISO,118.0,118.0,0.0,2,23551.0,0.0227836467765652,0.1941802955803319,0.1941802955803319,16.133355915127805,1475.0496836688276,16.51107965682988,1509.5844257673032,4.166080900888844,380.89882522412285,4.2626836609561645,389.731077573135
7903,McCartney,MO,37.248431,-93.170839,SWPP,117.8,117.8,0.0,2,111738.0,0.1082808102890899,0.1618078365080754,0.1618078365080754,47.23110485018031,4318.2724434450565,72.19874842427025,6601.028427361851,17.460775136196734,1596.413726737987,22.682536558972334,2073.8319139631844
55043,Cherokee County Cogen,SC,35.0727,-81.613,SC,117.7,0.0,117.7,2,647186.9099999999,0.627695703029527,0.1661677772753601,0.1661677772753601,22.948367895128808,2098.1364932689194,58.222274997408114,5323.179428334455,3.8748826529161318,354.2749854094749,11.376191219726332,1040.1089115178358
50463,Procter & Gamble Mehoopany Mill,PA,41.574259,-76.043233,PJM,117.6,117.6,0.0,2,606617.0,0.5888479250147548,0.1387703614120921,0.1387703614120921,18.37572142129477,1680.0659585183787,33.534014945239484,3065.9670807076095,5.580025615687135,510.17377057710945,8.640387154942124,789.9782541661369
55544,Klamath Expansion Project,OR,42.172718,-121.814393,AVRN,117.6,117.6,0.0,4,132311.76,0.1284360730593607,0.1743752061856725,0.1743752061856725,55.15739606289818,5042.96192575069,60.56228573947046,5537.1232676087275,13.3916444873179,1224.3789245547791,14.168636471168716,1295.418191649711
50150,Union Carbide Seadrift Cogen,TX,28.5105,-96.7706,ERCO,117.0,117.0,0.0,4,535545.0,0.5225237091675448,0.171756144537177,0.171756144537177,70.93909013202553,6485.859669213762,72.6953144103717,6646.4287460911255,19.32055201346399,1766.4504698024216,19.728507554179934,1803.7492620964508
1660,Potter Station 2,MA,42.235,-70.9672,ISNE,116.0,116.0,0.0,2,21910.027,0.0215615916784758,0.1509560966702412,0.1509560966702412,1.0977270469520277,100.36361572132823,9.162320052859801,837.6978334043246,0.21787744806550216,19.920223823131625,1.5717060567787342,143.6988394769128
7515,McPherson 3,KS,38.38932,-97.61108,SWPP,115.6,115.6,0.0,1,12996.422,0.0128339949597889,0.1746862239503858,0.1746862239503858,103.67248364131139,9478.62707577704,105.88287988875103,9680.720446971522,24.229570687820207,2215.27503431499,24.838376571409935,2270.937286528908
10342,Marathon Bay Area Cogen,CA,38.0244,-122.0589,CISO,113.5,0.0,113.5,3,689814.0,0.6937963912859816,0.1932044615490191,0.1932044615490191,6.4084464070558065,585.9151000736737,6.500184279925492,594.3025627360448,2.1370754475324376,195.3897552029657,2.13846541530319,195.51683797057737
7288,Sherman Avenue,NJ,39.451,-75.0578,PJM,112.8,112.8,0.0,1,23178.784,0.0234572686939343,0.1562635344893142,0.1562635344893142,27.981788684967402,2558.3349654827334,52.347576214321386,4786.064111023669,4.643534830142433,424.55175589873664,9.864948760975345,901.9381724320315
1001,Cayuga,IN,39.9242,-87.4244,MISO,112.5,112.5,0.0,1,12634.742,0.012820641298833,0.1527241987416315,0.1527241987416315,65.9008044549893,6025.216407313306,90.79790716471354,8301.522940773808,17.412473756163074,1591.9976005634808,21.70955911944537,1984.873976635005
675,Larsen Memorial,FL,28.0491,-81.9238,FMPP,111.2,0.0,111.2,2,297975.87899999996,0.3058948858036858,0.1762540663199998,0.1762540663199998,11.992641926055201,1096.4701189536183,14.317363022639267,1309.0160477841614,1.6464168244566975,150.52953823604088,1.980704073322747,181.09294384665114
6195,John Twitty Energy Center,MO,37.151706,-93.38804,SWPP,109.0,109.0,0.0,2,113262.0,0.1186188261907754,0.1651672984791407,0.1651672984791407,50.07880132051012,4578.633263589496,61.00672793416867,5577.757982552564,13.680757783634482,1250.8121402180095,16.883591019391634,1543.642607487235
56606,Culbertson Generation Station,MT,48.21,-104.391667,SWPP,108.2,108.2,0.0,1,251232.0,0.2650596308206517,0.1543905218413519,0.1543905218413519,102.24324928103482,9347.954219980325,102.28981320135505,9352.211492695316,26.705798271416327,2441.6729848152067,26.706493255301705,2441.7365261990126
58063,SABIC Innovative Plastics Mt. Vernon,IN,37.910278,-87.926111,MISO,108.0,108.0,0.0,1,431809.0,0.45641911889058,0.1582183711511564,0.1582183711511564,77.87294435642589,7119.812055444652,82.56512805854467,7548.811708209798,16.657373764701614,1522.959887058433,18.28224608871164,1671.5196423964926
10617,CH Resources Beaver Falls,NY,43.8861,-75.4342,NYIS,107.8,0.0,107.8,2,7895.0,0.0083604425580942,0.1340426946508645,0.1340426946508645,46.344652904382706,4237.225408400704,82.47443266150306,7540.519557623135,13.856241214692023,1266.8563396289849,22.058093537961636,2016.739980613635
6088,North Loop,AZ,32.401,-111.1262,TEPC,107.8,107.8,0.0,4,2456.0,0.0026007912504977,0.2041780064159769,0.2041780064159769,73.0223043284413,6676.324967171775,73.0223043284413,6676.324967171775,21.60531153663891,1975.3427690641288,21.60531153663891,1975.3427690641288
50541,Harbor Cogen,CA,33.7771,-118.2303,CISO,107.4,0.0,107.4,3,17358.0,0.0184497844442743,0.1925233203591783,0.1925233203591783,1.2245616060332212,111.95991826589449,1.2377662998553727,113.16720455820548,0.224479794976578,20.523866969287127,0.226217254690019,20.682720428801733
2966,Weleetka,OK,35.3233,-96.1352,SWPP,106.0,106.0,0.0,2,4314.0,0.0046459033341948,0.1685701321666361,0.1685701321666361,42.06077223492257,3845.5563186214913,95.5140678108778,8732.714771280256,10.418850917620338,952.5806553252879,23.877908841819746,2183.1230941092335
7869,Glenwood Landing,NY,40.8275,-73.6478,NYIS,106.0,106.0,0.0,2,108820.06,0.1171922762126303,0.1510625789360051,0.1510625789360051,1.2203917027209628,111.57866996305944,15.017211795213305,1373.0022212766448,0.37737624975938655,34.50297140657248,2.557540698185161,233.83229240550043
56232,Miramar Energy Facility,CA,32.8769,-117.166389,CISO,106.0,106.0,0.0,2,10538.0,0.0113487550616007,0.1882828226859617,0.1882828226859617,12.716467642674724,1162.648470187403,12.73870712700677,1164.6817944691902,5.96157176875878,545.057990286517,5.963309228472221,545.2168437460316
2517,Port Jefferson,NY,40.949696,-73.078507,NYIS,106.0,106.0,0.0,2,67173.525,0.0723416095890411,0.152637114461659,0.152637114461659,1.913638128383924,174.96120030938732,7.59791132687752,694.6661784573731,0.512898107407785,46.89354124871176,2.8258044779404523,258.35926655455563
6064,Nearman Creek,KS,39.1681,-94.6975,SWPP,104.0,104.0,0.0,1,109761.15,0.1204789581138039,0.1637480815612995,0.1637480815612995,17.85969588640279,1632.8864810425405,26.691551101766112,2440.3703864471872,7.988839762401746,730.4082068481595,9.731859346925763,889.7699974332124
55138,Walton Discover Power Facility,AL,32.54098,-85.038879,SOCO,103.0,103.0,0.0,2,69.0,7.647293523074877e-05,0.1633043471662784,0.1633043471662784,8.550039249843191,781.7178742713774,36.72051605969029,3357.3043254573977,2.183291875909968,199.6152572260542,8.56185397589459,782.7980777960767
10621,CH Resources Syracuse,NY,43.0667,-76.2246,NYIS,102.7,0.0,102.7,2,16135.0,0.0179347125332906,0.1353272341343681,0.1353272341343681,18.428887688526064,1684.9268743795255,32.61906866014145,2982.314848927218,3.239319889739412,296.16638991903193,5.270062802809259,481.83431339970366
10790,Victoria Texas Plant,TX,28.675088,-96.956014,ERCO,102.4,102.4,0.0,1,472432.0,0.526665953196347,0.1646188374021258,0.1646188374021258,75.41548133773493,6895.129722307192,79.77998013789875,7294.169612607884,15.411267658221725,1409.0301858945575,16.68100321680441,1525.1202941078316
54592,Massena Energy Facility,NY,44.9503,-74.8928,NYIS,102.1,0.0,102.1,2,12184.0,0.0136226011744238,0.1383818753240641,0.1383818753240641,17.147684895834665,1567.7883333334548,41.26327822645314,3772.6425807042865,3.9502884044794713,361.16922555240876,11.68962895203109,1068.766075614271
7928,Osawatomie,KS,38.532161,-94.902633,SWPP,102.0,102.0,0.0,1,58768.0,0.0657713313635956,0.1616961827684106,0.1616961827684106,82.15786750171411,7511.576457299575,96.76052140930038,8846.676243136033,21.407588621249324,1957.2652453713665,23.694085604137687,2166.3163980925883
50137,Newgulf Cogen,TX,29.2639,-95.8997,ERCO,101.9,101.9,0.0,1,12650.0,0.0141713829925479,0.1662990995408123,0.1662990995408123,74.79659818780725,6838.546120028091,87.02379717517698,7956.46145601618,17.695679689453957,1617.8907144643615,20.925964788683476,1913.2310663939177
56108,T J Labbe Electric Generating,LA,30.2554,-92.0433,MISO,100.8,100.8,0.0,2,27634.0,0.0312952997028339,0.1677430917824071,0.1677430917824071,46.439518204736586,4245.898807290202,47.47851911337431,4340.893176079937,8.891276337563005,812.916693720046,9.217571271747225,842.7493734168891
56283,Hargis-Hebert Electric Generating,LA,30.1694,-91.9923,MISO,100.8,100.8,0.0,2,52746.0,0.0597344531419873,0.1677430917824071,0.1677430917824071,29.44090735231516,2691.7401007831,30.52125980213278,2790.515181909282,4.766894469796744,435.83035152427374,4.868014625119011,445.07562286802386
8067,Fort Lupton,CO,40.0922,-104.796,PSCO,100.8,100.8,0.0,2,11546.672,0.0130765202580271,0.1843019567684285,0.1843019567684285,100.54227622157607,9192.436683115526,100.60795219874414,9198.441343885177,22.429214932752636,2050.671079565955,22.442767118517477,2051.910136550169
62548,SJRR Power LLC,TX,29.88193,-95.11148,ERCO,100.0,100.0,0.0,2,146604.0,0.1673561643835616,0.1636095887389737,0.1636095887389737,26.12374926741359,2388.4570758778136,37.76542433135371,3452.8387960094815,3.330015286781032,304.4585405056943,7.765402443253232,709.9796519545812
61966,Victoria Port Power II LLC,TX,28.698477,-96.946125,ERCO,100.0,100.0,0.0,2,185440.0,0.2116894977168949,0.1646188374021258,0.1646188374021258,77.35830878930467,7072.759660736427,81.8955110849845,7487.589584912868,19.636769681310252,1795.36179943408,21.10666059888134,1929.7518261834366
61242,"Tres Port Power, LLC",TX,28.69637,-96.9453,ERCO,100.0,100.0,0.0,2,60784.0,0.0693881278538812,0.1646188374021258,0.1646188374021258,77.14321127678068,7053.093602448518,81.62029746637546,7462.427196925755,19.875496645937044,1817.1882647713867,21.347820007106954,1951.8006863640642
55786,Edgewood Energy LLC,NY,40.7861,-73.2931,NYIS,100.0,100.0,0.0,2,39874.002,0.0455182671232876,0.1547254077615117,0.1547254077615117,0.6400801584316667,58.52161448518094,5.820837531970058,532.1908600658338,0.09451780841119073,8.64162819759458,1.5654512018103466,143.12696702266024
61241,Tres City Power LLC,TX,28.7853,-97.0093,ERCO,100.0,100.0,0.0,2,35282.0,0.0402762557077625,0.1646188374021258,0.1646188374021258,66.6486071156543,6093.586936288392,73.57203658177403,6726.586201762196,13.083766626096152,1196.2300915287908,15.283390623312465,1397.3385712742825
3325,Ben French,SD,44.087235,-103.260959,WACM,100.0,100.0,0.0,4,7873.363,0.008987857305936,0.17007816988808,0.17007816988808,34.06915253697931,3114.893946238108,37.775849089634356,3453.791916766569,4.554924384756942,416.4502294634917,5.500797452754226,502.93005282324344
55542,Larkspur Energy Facility,CA,32.567041,-116.944197,CISO,99.8,99.8,0.0,2,24442.999,0.0279588846643057,0.1999704082736828,0.1999704082736828,9.801357735463403,896.1241358137968,9.801357735463403,896.1241358137968,5.753771587031236,526.05911652857,5.753771587031236,526.05911652857
58413,Copper Crossing Energy and Research Cent,AZ,33.15512,-111.483636,SRP,99.8,99.8,0.0,2,5083.0,0.0058141396949149,0.2050826757214337,0.2050826757214337,100.71949711234706,9208.639735986015,100.71949711234706,9208.639735986015,26.796841160400636,2449.996906093772,26.796841160400636,2449.996906093772
7768,Sowega Power,GA,31.3869,-84.08,SOCO,99.6,99.6,0.0,2,53188.001,0.0609607390750215,0.1702620241894616,0.1702620241894616,61.55889263110022,5628.2416119863055,104.52661883643898,9556.719436474421,17.578227412825346,1607.1522206011741,25.81065902705152,2359.8316824732815
1383,Robert A Reid,KY,37.6461,-87.5019,MISO,98.8,98.8,0.0,1,19205.0,0.0221897935037805,0.1571274523916898,0.1571274523916898,68.3926691760064,6253.044038949155,94.72734605263172,8660.785924812042,15.194432685984287,1389.2052741471346,22.625895372314158,2068.6532911830086
56018,AMEA Peaking,AL,33.1661,-86.2825,SOCO,98.6,98.6,0.0,2,35201.999,0.040755507469875,0.1575771324864396,0.1575771324864396,21.83917361406807,1996.7244447147948,57.15130483004308,5225.262155889653,3.8884348386809715,355.5140423936888,11.944340546021541,1092.0539927791121
2446,Maddox,NM,32.714224,-103.301469,SWPP,98.4,98.4,0.0,2,-81.0,-9.396926161042432e-05,0.2035362857962172,0.2035362857962172,116.68466692721377,10668.31240477383,116.68466692721377,10668.31240477383,29.347779511674723,2683.225555353117,29.347779511674723,2683.225555353117
6243,Dansby,TX,30.7217,-96.4608,ERCO,98.2,98.2,0.0,2,59991.0,0.0697381636581759,0.1687025788199956,0.1687025788199956,80.39816830394105,7350.6896735031805,97.25361247597495,8891.75885494628,17.83015907127429,1630.1859722307922,24.245207825241174,2216.7047154506213
57504,TECO CHP-1,TX,29.703454,-95.398317,ERCO,98.0,98.0,0.0,2,30690.0,0.035749231199329,0.1623211525489946,0.1623211525489946,4.527472521284574,413.940344803161,7.136789518930277,652.5064703021967,0.4142103956843359,37.87066474828213,0.6814316996115626,62.30232682162857
58427,Lansing BWL REO Town Plant,MI,42.719722,-84.551667,MISO,98.0,0.0,98.0,3,436530.0,0.5084917528655297,0.1439464161990529,0.1439464161990529,15.657639445587659,1431.5556064537286,22.412187827560913,2049.1143156627118,0.23247210965840662,21.254592883054315,0.7276481279890934,66.5278288447171
55807,Henrietta Peaker,CA,36.2397,-119.9044,CISO,98.0,98.0,0.0,2,9805.0,0.0114213493616624,0.1900328489455394,0.1900328489455394,106.86593459461596,9770.599734364887,106.86662957850133,9770.663275748691,24.39115444117022,2230.0484060498484,24.39150193311291,2230.0801767417515
52026,Dartmouth Power Associates LP,MA,41.6731,-70.9994,ISNE,97.4,23.3,74.1,3,62775.656,0.0735746486268553,0.1503448649861296,0.1503448649861296,5.751339143432419,525.8367216852496,31.765628448899225,2904.286029613643,1.5161073459486218,138.6155287724454,8.039573586034223,735.046727865986
7698,General Electric Plastic,AL,32.310226,-86.52542,SOCO,97.0,0.0,97.0,2,602037.0,0.7085122157887304,0.1689279867522114,0.1689279867522114,53.99225557906464,4936.434795800195,79.29800881339021,7250.103662938533,8.061813070366268,737.080052147773,17.958731090068927,1641.941128234873
54349,Nevada Cogen Associates 2 Black Mountain,NV,36.2253,-114.8783,NEVP,96.3,0.0,96.3,4,442506.0,0.5245522695913171,0.2078140579115842,0.2078140579115842,12.191059825330163,1114.6111840301862,12.191059825330163,1114.6111840301862,6.139835135357828,561.3563552327156,6.139835135357828,561.3563552327156
7962,Warren F Sam Beasley Generation Station,DE,39.279179,-75.623928,PJM,96.0,96.0,0.0,2,65820.683,0.0782685062309741,0.1581689393428568,0.1581689393428568,56.86983635646563,5199.527895448286,62.662874533020634,5729.177100161885,13.722456816757067,1254.6246232463602,14.363579451016797,1313.2415498072498
56629,Waterbury Generation,CT,41.5444,-73.0417,ISNE,96.0,96.0,0.0,1,43684.814,0.0519463636796042,0.1497900855872033,0.1497900855872033,2.3153388141314846,211.68812014916426,23.454663655625517,2144.4263913714753,0.1723560035733478,15.758263183848939,2.6725605312149554,244.3483914253673
54350,Nevada Cogen Assoc#1 GarnetVly,NV,36.343229,-114.920686,NEVP,94.8,0.0,94.8,4,429522.0,0.5172172128778684,0.2078140579115842,0.2078140579115842,13.35272538973682,1220.820607061652,13.35272538973682,1220.820607061652,1.5894281458558324,145.3191447639618,1.5894281458558324,145.3191447639618
50752,South Belridge Cogeneration Facility,CA,35.438611,-119.7075,CISO,94.2,94.2,0.0,3,484638.0,0.5873033185004218,0.1939569042071598,0.1939569042071598,73.83821540987319,6750.922551759833,73.83821540987319,6750.922551759833,21.46249234819406,1962.2850146920282,21.46249234819406,1962.2850146920282
7913,Hell Gate,NY,40.799,-73.9094,NYIS,94.0,94.0,0.0,2,105487.0,0.1281052657145633,0.1509720791750741,0.1509720791750741,0.3388046441209962,30.97642460534822,1.0581129654855728,96.74175684439521,0.09000041315624412,8.228609202856603,0.24046442434023524,21.985318796821506
7910,Joseph J Seymour Power Project,NY,40.6631,-74.0,NYIS,94.0,94.0,0.0,2,101309.0,0.1230314291265908,0.1509720791750741,0.1509720791750741,0.41143046014283025,37.61649921305876,0.8454478965603935,77.2980933998074,0.07922816293290988,7.243717753866045,0.2842484091189486,25.988425976589582
7914,Harlem River Yard,NY,40.7991,-73.9156,NYIS,94.0,94.0,0.0,2,109705.0,0.1332276790051491,0.1509720791750741,0.1509720791750741,0.31656515978895133,28.94310032356126,1.0202363437325588,93.2787514269768,0.09521279229656714,8.705169581400423,0.26513635227109755,24.241037921928918
7909,Vernon Boulevard,NY,40.7537,-73.9508,NYIS,94.0,94.0,0.0,2,117231.0,0.1423673856018653,0.1509720791750741,0.1509720791750741,0.21787744806550216,19.920223823131625,0.5949062058822004,54.39142453780118,0.04899636391903637,4.479667558311896,0.11745227662861202,10.738493863187383
6060,Coachella,CA,33.6758,-116.1714,IID,92.4,92.4,0.0,4,169.985,0.0002100073632607,0.2074792421174257,0.2074792421174257,68.79158992621244,6289.516793253708,68.79367487786857,6289.707417405126,18.406995696136708,1682.9253207896415,18.406995696136708,1682.9253207896415
55698,Hanford Energy Park Peaker,CA,36.270072,-119.648055,CISO,92.2,92.2,0.0,2,7264.0,0.0089937499380936,0.1884754826724343,0.1884754826724343,99.84103748123128,9128.32342685543,99.84103748123128,9128.32342685543,26.01811171683638,2378.7987855393258,26.01811171683638,2378.7987855393258
4072,Pulliam,WI,44.54,-88.0086,MISO,91.0,91.0,0.0,1,55712.0,0.0698881027648151,0.1489457734709757,0.1489457734709757,10.237460123537096,935.9963541519629,12.986468882143456,1187.3342977959728,0.49621849415875136,45.368548037371546,0.6379952067755374,58.33099033376342
6253,Germantown,WI,43.1952,-88.1496,MISO,90.9,90.9,0.0,1,26465.009,0.033235640801523,0.1499358418834235,0.1499358418834235,38.14210559722772,3487.2782260322483,47.51292081570044,4344.038474578326,7.1534691321793105,654.0314635135369,9.97788364234901,912.2636473004808
54076,Indeck Olean Energy Center,NY,42.085944,-78.45425,NYIS,90.6,0.0,90.6,2,34517.0,0.0434911346981563,0.133299430899773,0.133299430899773,12.807858023601721,1171.0041621578714,27.72777207486233,2535.1105897016982,4.084420294357117,373.4327126269364,8.125056603935521,742.8623180741047
6358,Hutchinson Plant #2,MN,44.888881,-94.349348,MISO,90.5,25.0,65.5,3,1418.0,0.0017886424985494,0.1511415773556403,0.1511415773556403,90.64813813741492,8287.82977256365,93.91768982616821,8586.760212678235,19.99399139839372,1828.0220707102828,20.436001149493112,1868.4343908107985
55655,WFEC GenCo LLC,OK,35.0833,-98.2264,SWPP,90.0,90.0,0.0,2,83680.0,0.1061390157280568,0.181301191116843,0.181301191116843,88.13924631120611,8058.445377024557,101.75884551292746,9303.665875467652,21.293611264047595,1946.8444584272083,24.629881405797015,2251.8748713871555
2092,Ralph Green,MO,38.78758,-94.277689,SWPP,88.9,88.9,0.0,1,49918.999,0.0641002909739022,0.163866493242704,0.163866493242704,77.97336952786279,7128.993785404597,97.6170890480268,8924.990998676734,16.488492680555147,1507.5193307936133,22.580373927822002,2064.491330543726
54034,Rensselaer Cogen,NY,42.625325,-73.749955,NYIS,88.2,0.0,88.2,2,18844.0,0.0243893600057983,0.1424888566926521,0.1424888566926521,13.078901738898518,1195.78530184215,34.65502395235162,3168.4593327864336,2.1561875043802887,197.13714325762638,5.933077429458348,542.4527935504775
55738,Buchanan Generation LLC,VA,37.175278,-81.961388,PJM,88.0,88.0,0.0,2,0.0,0.0,0.1443498608960208,0.1443498608960208,1.3579985120254903,124.15986395661623,4.1608685217485215,380.42226484557904,0.3245574744707799,29.673826237328445,0.9420506566277135,86.13034574881951
7967,Lordsburg Generating,NM,32.35051,-108.69799,PNM,88.0,88.0,0.0,2,120413.0,0.15620200290577,0.2137148740527447,0.2137148740527447,75.24660025358847,6879.6891660423735,75.24660025358847,6879.6891660423735,23.738564572801778,2170.383046656162,23.738564572801778,2170.383046656162
55377,Gans,PA,39.7475,-79.838888,PJM,87.6,87.6,0.0,2,147155.0,0.191763881070036,0.135321929653577,0.135321929653577,14.504661179748208,1326.140450719836,30.161953133393176,2757.6642864816613,6.134970248160193,560.9115655460747,11.519705392056558,1053.2302072737423
55196,Springdale 1 & 2,PA,40.546667,-79.768333,PJM,87.6,87.6,0.0,2,130913.0,0.1705982464919413,0.1371423885946192,0.1371423885946192,2.6569233937939867,242.91871028973588,10.512326250203463,961.1269714471737,0.45590942880692,41.68314777663268,2.063754647625227,188.6861392114493
55654,Chambersburg,PA,39.866944,-77.685833,PJM,87.6,87.6,0.0,2,193833.0,0.2525919497091387,0.1497091905878728,0.1497091905878728,71.68446034909172,6554.007803345528,80.05971115176274,7319.745019589735,19.37232831292453,1771.1843028959568,21.840216089896135,1996.8197567905036
59145,Freeport LP Pretreatment Facility,TX,28.979167,-95.306944,ERCO,87.0,87.0,0.0,1,555867.76,0.7293703878654281,0.170614059988209,0.170614059988209,5.567863397693048,509.06179636050723,8.475328482165228,774.8871755122493,0.9715874717562106,88.83085456056781,1.060197917141702,96.93238099581274
9,Copper,TX,31.7569,-106.375,EPE,86.9,86.9,0.0,1,49822.002,0.0654481375222661,0.2100759296298219,0.2100759296298219,16.189302117900606,1480.164765065198,16.189302117900606,1480.164765065198,0.7269531441037169,66.46428746091125,0.7269531441037169,66.46428746091125
10416,Pensacola Florida Plant,FL,30.5958,-87.2525,SOCO,86.0,86.0,0.0,1,405181.98,0.5378331474992035,0.1664106615417484,0.1664106615417484,12.168125357112743,1112.5143183645935,32.812969164161466,3000.0428950090477,2.3215936690998724,212.2599926034169,8.116716797311003,742.0998214684345
10690,ExxonMobil Baton Rouge Turbine Generator,LA,30.489722,-91.187222,MISO,85.3,85.3,0.0,1,653640.0,0.8747530874110713,0.166233095291067,0.166233095291067,18.354524412790788,1678.1279463123003,21.181023874616617,1936.5507542506618,4.376313526215206,400.1200938253902,4.767241961739432,435.8621222161766
124,Demoss Petrie,AZ,32.252273,-110.992148,TEPC,85.0,85.0,0.0,1,2468.999,0.0033158729519204,0.2030157132657034,0.2030157132657034,18.610278482609303,1701.5111755528503,18.610278482609303,1701.5111755528503,2.923449713835837,267.2868309792765,2.923449713835837,267.2868309792765
8037,Clifton,KS,39.6125,-97.2778,SWPP,85.0,85.0,0.0,1,6282.0,0.008436744560838,0.1693104429804036,0.1693104429804036,107.46813813129461,9825.65834343265,112.90291211493808,10322.551964794337,27.288542259304442,2494.9524351364057,28.809167000508012,2633.9809829035894
2098,Lake Road (MO),MO,39.7246,-94.8773,SWPP,85.0,85.0,0.0,1,19283.026,0.0258971608917539,0.1641288497731628,0.1641288497731628,44.46506898638223,4065.377735897803,51.30266794265796,4690.529640471585,9.963288980756106,910.9292782405581,11.089510367008565,1013.8980906979258
6058,Cascade Creek,MN,44.0322,-92.4908,MISO,84.9,84.9,0.0,2,28672.998,0.038553277828872,0.1505049666922427,0.1505049666922427,50.1677592578383,4586.766560716644,57.57246506458118,5263.768234475993,3.344609948373937,305.79290956561704,4.188667877163578,382.9639201978128
6635,A L Pierce,CT,41.44823,-72.834884,ISNE,84.0,84.0,0.0,1,0.0,0.0,0.1489567384662344,0.1489567384662344,5.286047432172917,483.29576522723806,31.288522011588327,2860.6648696309326,0.9604677295901882,87.81419241967434,6.1096033363439535,558.5923050371614
56787,Geismar Cogen,LA,30.209,-90.9921,MISO,83.9,83.9,0.0,1,585714.64,0.7969296999580932,0.1651658535539639,0.1651658535539639,33.647297318555836,3076.3243262679616,37.60349308606101,3438.03365358272,6.748641018947556,617.0186074466336,8.974674403808173,820.5416597767471
2176,Glendive GT,MT,47.0539,-104.74,MISO,83.7,83.7,0.0,2,2290.88,0.0031244442262265,0.1584591238949592,0.1584591238949592,56.75794395092004,5189.297732655546,57.359452503713314,5244.292800339503,14.816708944282212,1354.6705320486592,14.908446817151898,1363.0579947110305
55122,NAFTA Region Olefins Complex Cogen Fac,TX,29.954321,-93.883592,MISO,83.2,83.2,0.0,2,562039.0,0.771150278802248,0.1643375556495981,0.1643375556495981,3.3512122952850127,306.39655271177253,3.374494255445122,308.52518906926827,1.041433352236539,95.216763633055,1.04317081194998,95.3756170925696
7799,West Marinette 34,WI,45.0869,-87.6892,MISO,83.0,83.0,0.0,1,43646.0,0.0600291577267976,0.1493724684452484,0.1493724684452484,14.749642999343388,1348.5387885113953,28.673297650916922,2621.5586423695468,3.131597387506069,286.31747542912626,6.77296545493573,619.242555879838
7335,Richmond,IN,39.839572,-84.965682,PJM,82.8,82.8,0.0,2,68516.932,0.0944633765689453,0.1506372134446458,0.1506372134446458,71.31924631732642,6520.616806155557,89.10666387965006,8146.89498328229,17.433323272724365,1593.903842077656,21.05523179136349,1925.0497637818046
3576,Ray Olinger,TX,33.068055,-96.452481,ERCO,82.7,82.7,0.0,1,11151.0,0.0153923241291348,0.1738913032800245,0.1738913032800245,53.96515120753496,4933.956681831767,67.12953596433478,6137.557573882036,9.292282039425189,849.5800721760171,12.21121435800608,1116.4538841605556
3338,Aberdeen CT,SD,45.429884,-98.49396,SWPP,82.2,82.2,0.0,1,27651.124,0.0384004988390049,0.1585822560084904,0.1585822560084904,89.38952232099825,8172.756326491268,90.13558752194983,8240.96800200684,19.390745385887005,1772.8681495668116,19.726075110581117,1803.5268672531306
58378,Petra Nova Carbon Capture Cogen,TX,29.475278,-95.634167,ERCO,82.2,82.2,0.0,1,200752.0,0.2787943427879434,0.164858420997121,0.164858420997121,64.7078646157407,5916.147622010578,72.3738843633851,6617.040856080923,13.684580195004052,1251.1616178289419,16.175749932135766,1478.9257080809841
63628,Tinker,OK,35.414719,-97.373445,SWPP,82.0,82.0,0.0,2,30679.0,0.0427093774362401,0.1737197760738988,0.1737197760738988,31.459140555448233,2876.264279355267,50.843283594424165,4648.528785775923,5.6071299872168145,512.6518845455373,10.027574990153422,916.8068562425984
56188,Pinelawn Power LLC,NY,40.736611,-73.388424,NYIS,82.0,0.0,82.0,2,76649.0,0.1067059249359616,0.1544235170774099,0.1544235170774099,0.8590000823252334,78.53715038402133,5.089714484554083,465.34532430208753,0.4204652506527235,38.442537202534716,1.5240996606304507,139.3462546862126
1217,Earl F Wisdom,IA,43.1606,-95.2569,SWPP,81.6,81.6,0.0,1,1909.822,0.0026717672799713,0.1557592698053528,0.1557592698053528,104.37893476079651,9543.21689241568,105.01762495145742,9601.611424133249,26.791976273203,2449.552116407131,26.947305171584627,2463.7536156877372
55311,BASF Freeport Works,TX,29.002,-95.394,ERCO,81.0,81.0,0.0,1,466524.0,0.6574835109081685,0.163831108082637,0.163831108082637,11.84982273761035,1083.4123645815175,20.310904050125362,1856.996941725747,2.2340256995424457,204.25377824388073,4.226197006973903,386.3951549233282
2122,Chillicothe,MO,39.783388,-93.564112,SWPP,80.0,80.0,0.0,2,4241.208,0.0060519520547945,0.162402233819712,0.162402233819712,83.59891658804207,7643.329516620988,92.13366619240698,8423.649480448637,17.779772739584505,1625.5792219048687,19.479703323215183,1781.0014466939595
56248,Shell Chemical,LA,30.187508,-90.983963,MISO,80.0,80.0,0.0,2,572325.0,0.816673801369863,0.1651658535539639,0.1651658535539639,38.73040945619884,3541.0660074238936,42.36135276534786,3873.0379671175183,8.032971239123148,734.4430847198306,9.923327407346962,907.2756486717221
56253,Millcreek Power Generation,UT,37.112092,-113.516581,PACE,80.0,80.0,0.0,2,148882.0,0.2124457762557077,0.1993154316206854,0.1993154316206854,16.17331748853695,1478.7033132376637,16.210846618347276,1482.1345479631793,5.29716717433894,484.3124273681316,5.318711674785608,486.2822102661127
54912,Martinez Refining,CA,38.0169,-122.1117,CISO,80.0,0.0,80.0,2,718277.084,1.0249387614155252,0.1932044615490191,0.1932044615490191,5.981031317549319,546.8371490330805,6.303156348421282,576.2885804270885,1.0525530944025614,96.23342577394845,1.0806999417603058,98.8068518180851
1104,Burlington (IA),IA,40.7412,-91.116667,MISO,78.8,78.8,0.0,4,805.0,0.0011661799133115,0.1572946066715262,0.1572946066715262,59.4332844176765,5433.900289616136,67.86760885060451,6205.03852348384,7.738645563666241,707.5333086780562,9.12965581024711,834.7113883654499
55101,Kalamazoo River Generating Station,MI,42.281345,-85.494956,MISO,77.4,77.4,0.0,1,244821.0,0.3610801387561502,0.1464944929141936,0.1464944929141936,37.385268146052816,3418.0816590676855,53.792100220076236,4918.134877264112,8.136176346101543,743.8789802149981,12.434651677154593,1136.882439054134
535,McClellan (CA),CA,38.652731,-121.393336,BANC,77.0,77.0,0.0,1,3363.0,0.0049857676570005,0.1876821272242413,0.1876821272242413,18.677344427548128,1707.6429190901144,18.679429379204258,1707.833543241532,2.108928600174693,192.81632915882906,2.108928600174693,192.81632915882906
10319,Geismar,LA,30.2,-91.0,MISO,76.9,76.9,0.0,2,320450.02,0.4756963915658716,0.1651658535539639,0.1651658535539639,35.91051234128409,3283.2468426316877,39.45562514058912,3607.3714414252904,8.557684072582331,782.4168294932416,10.742713408205741,982.1909401788105
7138,Forked River,NJ,39.8154,-74.2098,PJM,76.8,76.8,0.0,2,3373.54,0.0050144180460426,0.1602794911253747,0.1602794911253747,2.4769225674814983,226.46149188402268,21.105618123053276,1929.6565141077278,0.7526675478626439,68.81531866172743,3.1576592832076846,288.7002773218454
8219,Ray D Nixon,CO,38.633451,-104.70577,WACM,75.6,75.6,0.0,2,112532.0,0.1699222053103331,0.1912325447192419,0.1912325447192419,91.48872114677768,8364.683076276815,91.5380650026394,8369.19451452703,22.740220221458575,2079.1058488190693,22.74334764894277,2079.3917850461958
58478,LEPA Unit No. 1,LA,29.691111,-91.192778,MISO,74.1,0.0,74.1,2,144656.0,0.2228507693540137,0.1673583328796248,0.1673583328796248,5.780180974675539,528.4736891131921,6.318098501956874,577.6547201789141,0.5820490040027371,53.215908937393095,0.6077634077616639,55.56694013820927
50978,Carr Street Generating Station,NY,43.06132,-76.08239,NYIS,73.8,0.0,73.8,2,168667.0,0.2608973407085669,0.1322084149705925,0.1322084149705925,11.685806540661519,1068.4165980033388,24.805017344911867,2267.8873001062275,1.4083848437152795,128.76661428253982,3.1885860661069345,291.5278689012054
54637,JCO Oxides Olefins Plant,TX,29.963502,-93.929737,MISO,73.8,73.8,0.0,2,613754.0,0.9493664228879732,0.1643375556495981,0.1643375556495981,5.588365422311652,510.93626718277955,5.6102574147010085,512.9378207726636,1.5324394672549673,140.1087512918827,1.538694322223355,140.6806237461353
65405,"Flint Hills Resources Pine Bend, LLC",MN,44.45483,-93.02119,MISO,73.4,0.0,73.4,2,298965.0,0.4649649135903848,0.1483980671641703,0.1483980671641703,86.12379304361454,7874.175363987614,91.2027352779453,8338.535796840712,24.254242615751068,2217.530753440097,24.956523831923924,2281.7393217759013
58235,Clayville,NJ,39.424444,-75.02,PJM,73.0,73.0,0.0,1,62421.0,0.0976121223494089,0.1562635344893142,0.1562635344893142,20.920752409543155,1912.7545060153739,41.906485812369006,3831.450131416594,4.272413435351434,390.6206569464168,10.294101310195273,941.1749769321392
1079,Coralville GT,IA,41.671877,-91.563999,MISO,72.0,72.0,0.0,4,800.0,0.0012683916793505,0.1574098312382266,0.1574098312382266,52.81321541752357,4828.636838173583,60.203674054616236,5504.3359135649125,4.602878272847914,420.8345849460949,6.492539457186352,593.6036075141807
899,Moline,IL,41.509959,-90.534021,MISO,72.0,72.0,0.0,4,1049.0,0.0016631785895484,0.1541154640904743,0.1541154640904743,10.445260305264641,954.9952279099099,15.46617138516646,1414.049955215219,0.1699235599745304,15.535868340528491,0.9073014623588934,82.95327655852739
10190,Castleton Energy Center,NY,42.5375,-73.7433,NYIS,72.0,0.0,72.0,2,86875.44,0.137740106544901,0.1417137493746691,0.1417137493746691,23.572810916139506,2155.228426618469,53.935961884349155,4931.287943711922,6.962348563700799,636.5575829669301,14.262806787637219,1304.0280491554026
1734,Northeast (MI),MI,42.45,-83.0381,MISO,71.4,71.4,0.0,4,4959.989,0.0079300950973996,0.1463920652744453,0.1463920652744453,0.1160623088578592,10.611411095575697,0.3224725228146507,29.483202085910918,0.0045173952549466155,0.4130189947379762,0.0045173952549466155,0.4130189947379762
151,McClure,CA,37.62936,-120.93139,BANC,71.2,71.2,0.0,1,1961.062,0.0031441787235134,0.1858702863445588,0.1858702863445588,62.23650191934222,5690.194461197002,62.23650191934222,5690.194461197002,9.563325754721985,874.3612118602957,9.563325754721985,874.3612118602957
10567,Algonquin Windsor Locks,CT,41.9227,-72.6255,ISNE,71.0,0.0,71.0,3,130220.514,0.2093712039359444,0.1471113560760282,0.1471113560760282,19.767079159818326,1807.2758088976752,42.228958335183655,3860.9333335025053,2.9019052133891683,265.31704808129535,8.538919507677168,780.7012121304838
7863,Elk Mound,WI,44.902814,-91.568096,MISO,71.0,71.0,0.0,2,25105.776,0.0403655797800501,0.1490173120618717,0.1490173120618717,66.28999543080008,6060.799582244577,82.94389427607481,7583.441762383982,20.0270031329491,1831.0402864410605,25.155289223141576,2299.9121575443723
10156,Fresno Cogen Partners,CA,36.617022,-120.099846,CISO,70.80000000000001,70.80000000000001,0.0,2,3089.0,0.0049805871578567,0.1870365403791946,0.1870365403791946,106.27936819535827,9716.970806432755,106.27936819535827,9716.970806432755,28.60067183489509,2614.918567761836,28.60067183489509,2614.918567761836
52149,West Point (PA),PA,40.217963,-75.298823,PJM,70.69999999999999,70.69999999999999,0.0,2,271882.38,0.4389929472399295,0.1478492268896444,0.1478492268896444,20.261212702320947,1852.4537327836292,38.14592800859729,3487.62770364318,3.3341851900932906,304.83978880852936,6.966865958955746,636.9706019616682
55309,Air Products Port Arthur,TX,29.866497,-93.96515,MISO,70.4,70.4,0.0,2,871923.0,1.4138435943337484,0.1645239142745372,0.1645239142745372,5.204039333698502,475.79788193814863,5.223846374431729,477.60881137661517,1.2179592591221453,111.35627511973898,1.2280365254601031,112.27762518492369
7932,Gaylord - Wolverine,MI,45.0046,-84.7218,MISO,70.19999999999999,70.19999999999999,0.0,3,23145.64,0.0376381246015949,0.1392804894580756,0.1392804894580756,27.79866043117072,2541.591810849894,82.76146100616351,7566.762149134949,5.43025658838852,496.48060236695034,19.312907190724847,1765.7515145805571
10350,Greenleaf 1,CA,39.052922,-121.696072,CISO,69.8,69.8,0.0,2,4069.0,0.0066546950844552,0.1825272629509686,0.1825272629509686,98.0736934607191,8966.737687837174,98.0736934607191,8966.737687837174,26.161625889166604,2391.920081295232,26.161625889166604,2391.920081295232
50410,Chester Operations,PA,39.843743,-75.358801,PJM,69.2,0.0,69.2,4,172193.0,0.284056866471349,0.1600503871275833,0.1600503871275833,9.993868271712667,913.7250991280152,15.334471938887631,1402.0088629840118,0.7349454587855456,67.19501337467845,1.5018601762984056,137.31293040442563
50464,Oxnard,CA,34.196,-119.1667,CISO,68.7,68.7,0.0,2,495366.0,0.8231241650216347,0.1800385050998745,0.1800385050998745,44.283678192298986,4048.793434724478,44.318774878510496,4052.0022746066734,7.5503049307292365,690.313593666673,7.5506524226719245,690.3453643585758
2434,Howard Down,NJ,39.4889,-75.0347,PJM,68.2,68.2,0.0,1,74344.0,0.1244392667282636,0.1562635344893142,0.1562635344893142,32.38277413911347,2960.7107784332316,55.2067399187599,5047.473364000904,3.9836476309775386,364.2192119750892,8.593475742679216,785.6892107592424
7784,Allegany Cogen,NY,42.5027,-78.0686,NYIS,67.0,0.0,67.0,2,15549.0,0.0264925373134328,0.1359371569913446,0.1359371569913446,40.57802411547201,3709.990776271726,75.91969214657551,6941.228996258332,9.603982312016505,878.0783828129375,17.337068004599736,1585.103360420547
55977,Bluffview,NM,36.716628,-108.215282,WACM,67.0,0.0,67.0,2,286534.0,0.4881994138894568,0.2022776835554063,0.2022776835554063,50.563552580560156,4622.953378794071,50.56424756444554,4623.016920177877,7.54578753547429,689.9005746719349,7.546135027416978,689.9323453638378
55558,Combined Locks Energy Center,WI,44.2717,-88.3011,MISO,66.5,0.0,66.5,2,310441.999,0.5329110430185052,0.1500534030490715,0.1500534030490715,57.94428144325755,5297.762874812119,61.467154758230535,5619.854149323934,7.216712665748563,659.8137294398686,8.12540409587821,742.8940887660077
54593,Batavia Power Plant,NY,42.9828,-78.1592,NYIS,66.2,0.0,66.2,2,3440.0,0.0059319345004069,0.1310722119744784,0.1310722119744784,69.2082327654956,6327.60985284531,83.67988221068842,7650.732087834369,13.313806292155741,1217.2622895685247,16.89714320515647,1544.8816644714486
56489,Elkins Generating Center,AR,35.9714,-94.0014,SWPP,66.0,66.0,0.0,3,20736.0,0.035865504358655,0.1584593647947091,0.1584593647947091,31.31493139923263,2863.0794422155545,48.14848357887716,4402.147070068769,9.520931737714026,870.4851874481394,14.211030488176677,1299.2942160618675
54131,World Generation X,NY,43.0483,-78.8539,NYIS,65.7,0.0,65.7,2,289403.0,0.5028443249028725,0.1344792317454829,0.1344792317454829,26.296800254872316,2404.2788804454685,31.97203866285602,2923.1578206039785,3.462757208887925,316.59494481261027,4.042026277349157,369.55668821478
66600,Bushy Park Combustion Turbine Facility,SC,33.014915,-79.930045,SCEG,65.4,65.4,0.0,1,,,0.1613122554516484,0.1613122554516484,2.965496238901109,271.13108469952994,42.477415074205716,3883.6493782130933,0.29050326408733623,26.560298430842167,9.451433349176385,864.1310490675551
63559,MMWEC Simple Cycle Gas Turbine,MA,42.54342,-70.927967,ISNE,65.0,65.0,0.0,1,0.0,0.0,0.1518700414697201,0.1518700414697201,2.0991988257794234,191.92674978554726,11.025224357611249,1008.0205126958855,0.2932831996288418,26.81446396606553,1.5550264435297005,142.1738462655726
1678,Waters River,MA,42.542949,-70.928314,ISNE,64.9,64.9,0.0,2,3618.73,0.0063651314632275,0.1518700414697201,0.1518700414697201,2.085994131957272,190.71946349323628,10.974838025921459,1003.4137623699618,0.29606313517034744,27.068629501288903,1.5616287904407762,142.77748941172808
7231,Gianera,CA,37.401,-121.96867,CISO,64.6,64.6,0.0,2,6241.0,0.0110285282101304,0.1863891472979341,0.1863891472979341,3.496811419271369,319.70847261909654,3.5051512258958857,320.47096922476663,1.8413598043047783,168.3528963935797,1.8420547881901546,168.41643777738554
50744,Sterling Power Plant,NY,43.080338,-75.600963,NYIS,64.2,0.0,64.2,2,3712.0,0.0066003783837607,0.1316551059937488,0.1316551059937488,51.640430110950895,4721.410753001224,75.9645186071823,6945.32741551381,13.046237496285826,1192.7988568032754,19.016496563611813,1738.6511143873656
10620,Carthage Energy LLC,NY,43.9842,-75.6225,NYIS,62.9,0.0,62.9,2,3283.0,0.0059582144594231,0.1340426946508645,0.1340426946508645,39.850723479425604,3643.494718118912,80.67268693866473,7375.788520106488,8.008994295077661,732.250906978529,17.001043296020246,1554.3811013504223
54694,Yuma Cogeneration Associates,AZ,32.728822,-114.654053,AZPS,62.6,0.0,62.6,2,34036.0,0.0620669030008607,0.2087793486176735,0.2087793486176735,76.18274354719048,6965.279410028843,76.22270512059963,6968.933039597679,14.571032140801654,1332.2086528732939,14.589449213764128,1333.8924995441487
1206,Summit Lake,IA,41.1136,-94.3472,MISO,62.3,62.3,0.0,2,3087.351,0.0056570999802106,0.1596194937922566,0.1596194937922566,95.4112101958421,8723.310646476992,97.01071560803588,8869.551141306136,24.67331789863304,2255.8462078750204,25.283166258050834,2311.603772164647
54091,Mansfield Mill,LA,32.1575,-93.5562,MISO,62.0,62.0,0.0,1,213310.0,0.3927493003387833,0.1595855835346132,0.1595855835346132,47.83608832240047,4373.585218048042,71.65700848561934,6551.497918685196,8.342239068115648,762.7190005134305,15.652427066447336,1431.0790460751848
64854,Primient,IN,40.376319,-86.843695,MISO,61.8,61.8,0.0,2,406046.0,0.7500369434469714,0.1508215460209458,0.1508215460209458,56.92057018009811,5204.166416466112,69.18043341008054,6325.068197493077,11.326499871921918,1035.565702575718,12.091677129721338,1105.5247661459507
6210,Northeast (WA),WA,47.73511,-117.370538,AVA,61.8,61.8,0.0,1,1189.0,0.0021962879224483,0.132272537042651,0.132272537042651,24.918994702113597,2278.308087050386,28.82306667821554,2635.251810579706,5.133845961275485,469.38020217375856,5.649176512282088,516.4961382657908
57564,Algonquin Power Sanger LLC,CA,36.6842,-119.5522,CISO,61.5,0.0,61.5,2,9898.0,0.018372498793481,0.1871577869797085,0.1871577869797085,104.02623043896799,9510.969640134215,104.02623043896799,9510.969640134215,23.103349301567746,2112.3062218576224,23.103349301567746,2112.3062218576224
63632,Primient Loudon Plant,TN,35.735092,-84.319301,TVA,61.4,61.4,0.0,2,393562.0,0.7317128493448158,0.1518067784658713,0.1518067784658713,27.01854101983571,2470.2666075278357,37.16982314158613,3398.3838300878742,6.272924549407408,573.5245302315344,8.878766627626229,811.7729488115408
55699,Bayswater Peaking Facility LLC,NY,40.610654,-73.762218,NYIS,60.5,60.5,0.0,1,42500.0,0.0801917053473716,0.1545935761497425,0.1545935761497425,1.5282695639427089,139.72750298904765,1.809738037520152,165.46176343041387,0.9830547058649213,89.87928739336422,1.1043293938631036,100.96725886748374
55951,Agua Mansa Power Plant,CA,34.0414,-117.3603,CISO,60.5,60.5,0.0,1,8812.0,0.0166270425299067,0.1990582354878506,0.1990582354878506,11.845652834298091,1083.0311162786825,11.850517721495725,1083.4759059653234,5.120293775510645,468.14114518954466,5.120293775510645,468.14114518954466
55836,Island Street Peaking Plant,WI,44.2761,-88.2658,MISO,60.5,60.5,0.0,1,10948.405,0.0206581474772632,0.1500534030490715,0.1500534030490715,69.40004831785949,6345.147274775723,73.345819327084,6705.903481333394,11.530477642279893,1054.2150987227328,12.728282368726122,1163.7286737121024
50279,Archbald Power Station,PA,41.485,-75.5406,PJM,60.5,60.5,0.0,1,67337.061,0.1270558530510585,0.1354907550845271,0.1354907550845271,8.924635564061072,815.9666801427264,34.79819063273916,3181.548857850437,1.1230939587682662,102.68287623024148,5.492457646129709,502.1675562175733
7987,Lake One,CA,34.1772,-118.3147,LDWP,60.5,60.5,0.0,1,285.0,0.0005377561417411,0.2005512028319475,0.2005512028319475,1.196762250618165,109.41826291366078,1.2836352362902153,117.36093588939109,0.29919056265454125,27.354565728415196,0.3064878934509935,28.021750258376542
2679,Plant No 2 Freeport,NY,40.6447,-73.5683,NYIS,60.5,60.5,0.0,1,30970.904,0.0584378731272878,0.1544235170774099,0.1544235170774099,0.9045215268173877,82.69911102330401,1.4841380872213075,135.69262511737668,0.18451822156743486,16.870237400451185,0.3891909758107854,35.5831749312718
7984,Kalkaska CT #1,MI,44.6889,-85.2019,MISO,60.5,60.5,0.0,1,47784.001,0.0901618947884825,0.1352136454471969,0.1352136454471969,33.07671554866181,3024.156850163365,84.89853645369594,7762.151904337913,10.031744893465682,917.1881045454336,21.94203122910378,2006.1285695180595
55510,Border Hybrid Energy Center,CA,32.562448,-116.943869,CISO,60.5,60.5,0.0,1,14804.0,0.0279331295520585,0.1999704082736828,0.1999704082736828,9.721782080587806,888.8486473680279,9.721782080587806,888.8486473680279,5.589755390082405,511.0633499503912,5.589755390082405,511.0633499503912
55508,CalPeak Power Panoche Peaker Plant,CA,36.652905,-120.580609,CISO,60.5,60.5,0.0,1,10497.999,0.0198082927657647,0.1927629095929107,0.1927629095929107,106.18241794334827,9708.10678339184,106.18241794334827,9708.10678339184,28.839398799521884,2636.7450330991433,28.839398799521884,2636.7450330991433
57001,El Cajon Energy Center,CA,32.796106,-116.972073,CISO,60.5,60.5,0.0,1,8981.001,0.0169459243745047,0.1964272487265511,0.1964272487265511,3.559707460897933,325.4589678535253,3.570827203063956,326.4756299944188,0.3933608791230438,35.96442323410685,0.393708371065732,35.996193926009774
55499,CalPeak Power Vaca Dixon Peaker Plant,CA,38.398867,-121.923973,CISO,60.5,60.5,0.0,1,3503.001,0.0066096852711423,0.1888698056977419,0.1888698056977419,81.51222747219943,7452.546511743946,81.52647464184965,7453.849110111966,21.07225889655521,1926.6065276850475,21.07225889655521,1926.6065276850475
58122,Delano Energy Center,CA,35.790864,-119.294469,CISO,60.5,60.5,0.0,1,7320.0,0.0138118419563002,0.1903828676501969,0.1903828676501969,99.16725060435887,9066.720055255666,99.16725060435887,9066.720055255666,24.458220386109044,2236.1801495871123,24.458220386109044,2236.1801495871123
56480,Marshfield Utilities Gas Plant,WI,44.634722,-90.134444,MISO,60.4,60.4,0.0,1,3964.0,0.0074919108530648,0.150424858306627,0.150424858306627,77.60433308472791,7095.2533106036935,88.75326457393616,8114.58418961702,18.228384837594973,1666.5951851515401,20.42905131063935,1867.79897697274
50127,Signal Hill Generating LLC,TX,33.8625,-98.5894,ERCO,60.0,0.0,60.0,3,1987.0,0.0037804414003044,0.1791968856486341,0.1791968856486341,82.52968388039048,7545.5710976356995,84.58266627779237,7733.272345398159,16.920077673373893,1546.9785301370414,17.426025941927914,1593.236657547695
3110,Hunterstown,PA,39.8662,-77.1648,PJM,60.0,60.0,0.0,3,12333.165,0.0234649257990867,0.1515078123519203,0.1515078123519203,65.64018549797315,6001.388388386115,84.63305260948216,7737.879095724083,18.257226668838094,1669.2321525794825,23.60339020709607,2158.0242475059263
1268,Chanute 2,KS,37.6953,-95.4586,SWPP,60.0,60.0,0.0,1,24547.0,0.0467028158295281,0.1705137493323072,0.1705137493323072,87.18746588018313,7971.425451902456,104.63642629032846,9566.758975115743,18.357651840274983,1678.4138825394268,21.478129485615028,1963.7146958276594
50451,Indeck Yerkes Energy Center,NY,42.9671,-78.9182,NYIS,59.900000000000006,0.0,59.900000000000006,2,20938.574,0.0399039761855756,0.1392649552522921,0.1392649552522921,4.547279562017801,415.75127424162747,8.617800178667391,787.9131591924471,1.2857201879463445,117.55156004080862,1.9296227577475813,176.4226521369217
1404,Sterlington,LA,32.7047,-92.0792,MISO,59.3,59.3,0.0,1,0.0,0.0,0.1607201165795524,0.1607201165795524,32.60238904689241,2980.7898557158774,58.010999896253686,5303.8628476574795,7.937063462941204,725.6743737546243,14.185663576360438,1296.9749555529543
477,Valmont,CO,40.0195,-105.202,PSCO,59.3,59.3,0.0,1,15256.0,0.0293685077810375,0.1702136273092171,0.1702136273092171,41.164590514729696,3763.6197042038575,41.556561426081984,3799.4570446703524,9.239115772193895,844.7191563148702,9.288459628055618,849.230594565085
55513,CalPeak Power Enterprise Peaker Plant,CA,33.121943,-117.117441,CISO,58.9,58.9,0.0,1,6104.001,0.0118302846710235,0.1929887491293062,0.1929887491293062,6.312538630873863,577.1463891084675,6.398716632660538,585.0255207003919,0.9107763817857754,83.2709834775566,0.9218961239517979,84.28764561845009
8076,Ellwood,CA,34.431419,-119.900055,CISO,58.0,58.0,0.0,1,2480.0,0.0048811210832939,0.1979572869766332,0.1979572869766332,6.437983222184304,588.615608885422,6.9004949979023,630.9023998082101,3.545112799305029,324.1245987936026,3.7004416976866548,338.3260980742084
3991,Fitchburg,WI,43.0147,-89.4603,MISO,57.6,57.6,0.0,2,14.0,2.774606798579401e-05,0.1548476994836268,0.1548476994836268,40.44979958862006,3698.267390959548,48.3357817359861,4419.271473004443,8.226524251200475,752.1393601097576,9.372552678186164,856.919102005592
50450,Indeck Oswego Energy Center,NY,43.471745,-76.493474,NYIS,57.400000000000006,0.0,57.400000000000006,2,49816.130000000005,0.0990726974050562,0.1377111910555712,0.1377111910555712,11.005069824935333,1006.1778125655161,39.92369678739013,3650.1665634185256,2.793835219213138,255.43636289948685,7.775132217648502,710.869231327863
377,Grayson,CA,34.1556,-118.2782,LDWP,57.4,57.4,0.0,1,46962.0,0.093396496587275,0.2005512028319475,0.2005512028319475,1.2190017349502098,111.45158719544774,1.372940665561083,125.52600370844185,0.35166184600045963,32.151940205756304,0.36556152370798767,33.422767881873156
56051,THUMS,CA,33.7684,-118.2141,CISO,57.4,57.4,0.0,1,348710.0,0.693503094522139,0.1925233203591783,0.1925233203591783,1.1147541521437496,101.92037962457138,1.124136434596331,102.77818830595024,0.2283022063461482,20.87334458021926,0.2300396660595892,21.032198039733867
55874,Wellhead Power Panoche,CA,36.6535,-120.5783,CISO,56.7,56.7,0.0,1,3308.0,0.0066600629766535,0.1927629095929107,0.1927629095929107,107.18944959325867,9800.178248526507,107.18944959325867,9800.178248526507,28.794919830857793,2632.6783845355694,28.794919830857793,2632.6783845355694
50449,Indeck Silver Springs Energy Center,NY,42.6544,-78.0772,NYIS,56.599999999999994,0.0,56.599999999999994,2,60528.97,0.1220795012665989,0.1299854578380027,0.1299854578380027,57.0091806254836,5212.267942901357,78.50954959543068,7178.015963010805,15.1204169021917,1382.4381167718122,21.080946195122415,1927.4007949826205
10169,Carson Cogeneration,CA,33.8759,-118.2491,CISO,55.8,0.0,55.8,2,18898.0,0.0386613967038182,0.1930893382022019,0.1930893382022019,0.6056784561055347,55.37631598679174,0.6095008674751049,55.72579359772387,0.16749111637571298,15.313473497208042,0.16749111637571298,15.313473497208042
2059,L L Wilkins,MS,34.1845,-90.562662,MISO,55.2,0.0,55.2,4,,,0.1637464066398606,0.1637464066398606,92.73274230160145,8478.422153289273,92.80397814985253,8484.935145129373,19.711132957045525,1802.1607275013048,19.744839675486283,1805.2424846158885
7450,Alameda,CA,37.7886,-122.2889,CISO,54.8,54.8,0.0,2,3109.0,0.0064764356897643,0.180966637984139,0.180966637984139,0.9966068916297611,91.11834437757815,1.0695801995942833,97.7901896771916,0.09347533258312613,8.546316121885816,0.09347533258312613,8.546316121885816
7345,University of Florida,FL,29.640278,-82.348611,FPC,54.2,54.2,0.0,1,378952.0,0.7981431869113211,0.1636125426667132,0.1636125426667132,5.163382776403982,472.08071098550687,31.264197575600154,2858.440921197728,0.9552553504498652,87.33763204113052,5.371877942016902,491.14312612725956
126,H Wilson Sundt Generating Station,AZ,32.16,-110.9047,TEPC,54.0,54.0,0.0,2,53552.24,0.1132086927109758,0.2030157132657034,0.2030157132657034,38.56430830759388,3525.8796166942975,38.57230062227571,3526.6103426080645,7.886677131251415,721.0676234287007,7.886677131251415,721.0676234287007
6515,Valencia,AZ,31.363472,-110.931343,TEPC,54.0,54.0,0.0,1,4601.95,0.0097284584813123,0.2097750146635394,0.2097750146635394,27.85321666617277,2546.579809478653,28.021750258376546,2561.9885950515695,6.888680271850901,629.8221962835108,6.9522712973628416,635.6362329017454
55538,Escondido Energy Center,CA,33.1261,-117.1172,CISO,54.0,54.0,0.0,1,9383.0,0.0198355318789108,0.1941802955803319,0.1941802955803319,6.51408395763302,595.5733904121618,6.619026524324857,605.168139366844,0.8888843893964187,81.26942988767256,0.899656639619753,82.25432133666311
464,Alamosa,CO,37.4594,-105.8947,PSCO,53.2,53.2,0.0,2,10191.048,0.021867700072098,0.2029426852065153,0.2029426852065153,79.06935911510136,7229.1985476664095,79.07561397006975,7229.7704201206625,17.49065944326792,1599.1460062416381,17.491354427153297,1599.209547625444
3132,Warren,PA,41.835947,-79.188668,PJM,53.1,53.1,0.0,1,15009.001,0.0322665965826518,0.1329996333774263,0.1329996333774263,5.134540945160861,469.44374355756435,17.138997597267462,1566.994066035882,1.1171865957425668,102.14277446789181,3.418973224109212,312.5918376328422
54749,Goal Line LP,CA,33.1185,-117.0995,CISO,51.400000000000006,0.0,51.400000000000006,2,11365.0,0.0252407476502673,0.1929887491293062,0.1929887491293062,6.4039290118008605,585.5020810789357,6.488717045816782,593.2541299032486,0.9229385997798625,84.38295769415885,0.9406606888569607,86.00326298120783
1877,George Johnson,MI,43.8393,-85.426,MISO,50.0,50.0,0.0,2,34032.0,0.0776986301369863,0.1426459147808318,0.1426459147808318,43.383326568793855,3966.475572004009,79.61561644900722,7279.142075337802,13.511529207545328,1235.339813261287,21.081641179007793,1927.4643363664266
62449,Kimberly Clark Mobile - CHP Plant,AL,30.737741,-88.04977,SOCO,50.0,50.0,0.0,2,367835.16,0.839806301369863,0.1586772212049437,0.1586772212049437,2.5926373843966695,237.04113228769546,6.90813982064144,631.6013550300745,1.4139447147982909,129.27494535298658,1.5623237743261527,142.84103079553392
7449,Combustion Turbine Project No 2,CA,38.088138,-121.386944,CISO,50.0,50.0,0.0,1,8253.0,0.0188424657534246,0.1884641730913062,0.1884641730913062,91.51686799413542,8367.256502320952,91.51686799413542,8367.256502320952,24.830384256728106,2270.206560615141,24.830384256728106,2270.206560615141
7947,Solway CT,MN,47.544582,-95.129652,MISO,50.0,50.0,0.0,1,124661.43,0.2846151369863013,0.1516091931053896,0.1516091931053896,39.583849667441065,3619.0948267374683,82.81636473310824,7571.78191845561,12.90063837229947,1179.4869368959514,23.5436215929537,2152.5596884986235
55851,Valero Refinery Cogeneration Unit 1,CA,38.0736,-122.1411,CISO,49.9,49.9,0.0,1,145606.2,0.333100447470283,0.186288315590175,0.186288315590175,5.378480288927978,491.74676927341505,5.501492436639602,502.9935942070492,1.7023630272294978,155.6446196324112,1.7155677210516493,156.85190592472222
52186,Yuba City Cogen Partners,CA,39.13667,-121.639846,CISO,49.9,49.9,0.0,1,22893.0,0.0523718670217146,0.1779001478622544,0.1779001478622544,86.88202046256019,7943.499013719788,86.88202046256019,7943.499013719788,12.18793239784597,1114.32524780306,12.18793239784597,1114.32524780306
50493,Double C Generation Limited Partnership,CA,35.5005,-119.046,CISO,49.8,49.8,0.0,2,14928.0,0.034219068053034,0.1966432525930087,0.1966432525930087,56.987636125036936,5210.298160003376,56.987636125036936,5210.298160003376,16.126058584331354,1474.3824991388665,16.126058584331354,1474.3824991388665
50494,Kern Front Limited,CA,35.51647,-119.040128,CISO,49.8,49.8,0.0,2,12160.0,0.0278740532907887,0.1966432525930087,0.1966432525930087,57.20516608115975,5230.186613134605,57.20516608115975,5230.186613134605,13.943461692306762,1274.8307832966182,13.943461692306762,1274.8307832966182
50495,High Sierra Limited,CA,35.509041,-119.030546,CISO,49.8,49.8,0.0,2,14105.0,0.0323325264528433,0.1966432525930087,0.1966432525930087,51.710275991431224,4727.796662073712,51.710275991431224,4727.796662073712,12.984036438544639,1187.1119029526526,12.984036438544639,1187.1119029526526
56471,McGrath Peaker,CA,34.205556,-119.246944,CISO,49.8,49.8,0.0,1,7367.0,0.0168871834369441,0.1800385050998745,0.1800385050998745,11.330669775234178,1035.9469508785533,11.356384178993103,1038.2979820793694,6.2055111125258975,567.3610160023677,6.2079435561247145,567.5834108456881
56472,Grapeland Hybrid,CA,34.0903,-117.5343,CISO,49.8,49.8,0.0,1,3862.0,0.0088527626487685,0.1949079320429256,0.1949079320429256,7.018989750358976,641.7362057471063,7.019684734244353,641.7997471309122,0.9847921655783622,90.03814085287883,0.9847921655783622,90.03814085287883
56473,Mira Loma Peaker,CA,34.0053,-117.5604,CISO,49.8,49.8,0.0,1,11267.001,0.0258270547945205,0.1949079320429256,0.1949079320429256,16.83772208295679,1539.4488761560492,16.838069574899478,1539.4806468479521,4.675851580812435,427.5064302457083,4.675851580812435,427.5064302457083
56474,Barre Peaker,CA,33.8073,-117.9832,CISO,49.8,49.8,0.0,1,12665.001,0.0290316540133135,0.1927712294798983,0.1927712294798983,4.034728946552704,368.88950368481864,4.03750888209421,369.143669220042,0.12474960742506423,11.405678393148728,0.12474960742506423,11.405678393148728
56475,Center Hybrid,CA,33.9296,-118.1046,CISO,49.8,49.8,0.0,1,7157.0,0.0164058058718893,0.1951881172192323,0.1951881172192323,1.1481133786418167,104.9703660472518,1.1519357900113871,105.31984365818396,0.10876497806140697,9.94422656561435,0.10876497806140697,9.94422656561435
4256,Walnut,CA,37.4903,-120.9044,TIDC,49.8,49.8,0.0,2,388.129,0.000889698061653,0.188592284819116,0.188592284819116,93.17753198824234,8519.088638925012,93.17753198824234,8519.088638925012,21.7971270890028,1992.8801909945414,21.7971270890028,1992.8801909945414
55264,Napoleon Peaking Station,OH,41.4079,-84.1095,PJM,49.5,49.5,0.0,2,2800.0,0.0064572667312393,0.1485755031299914,0.1485755031299914,98.0441566455906,8964.037179025425,103.09564701644898,9425.88772721819,21.288051392964583,1946.3361273567616,22.170680927392613,2027.0336847901815
50299,AltaGas Ripon Energy Inc.,CA,37.732533,-121.116006,CISO,49.5,49.5,0.0,1,2195.0,0.0050620358839536,0.1858702863445588,0.1858702863445588,91.58115400353275,8373.134080322992,91.58115400353275,8373.134080322992,20.961408966837674,1916.4716769680156,20.961408966837674,1916.4716769680156
55262,Bowling Green Generating Station,OH,41.397369,-83.641236,PJM,49.5,49.5,0.0,2,3060.0,0.0070568700705687,0.1471292212307949,0.1471292212307949,97.33353562279322,8899.066114083951,100.85432398611007,9220.966764444349,18.724255839811036,1711.9319624970087,19.49151804926658,1782.0816502186585
10349,Greenleaf 2 Power Plant,CA,39.1365,-121.6397,CISO,49.5,49.5,0.0,1,30458.0,0.0702412250357455,0.1779001478622544,0.1779001478622544,86.86464586542579,7941.910479124642,86.86464586542579,7941.910479124642,12.171252784596936,1112.8002545917197,12.171252784596936,1112.8002545917197
55263,Galion Generating Station,OH,40.7167,-82.789,PJM,49.5,49.5,0.0,2,2833.0,0.0065333702320003,0.143046047682397,0.143046047682397,80.40338068308138,7351.166233881725,101.9815878481906,9324.030888977424,17.648073293305675,1613.5381296736614,22.516435410367375,2058.6455232335884
7844,Minnesota River,MN,44.795231,-93.581013,MISO,49.0,49.0,0.0,1,5966.0,0.0138989842512347,0.1524543938056159,0.1524543938056159,33.289728109529676,3043.6322842998557,40.359104191578446,3689.9752403728858,5.43616395141422,497.02070412930004,6.85601602923821,626.8357512446363
56356,Clearwater Power Plant,CA,33.8912,-117.6085,CISO,49.0,0.0,49.0,2,10295.0,0.0239842512347404,0.1949079320429256,0.1949079320429256,11.685806540661519,1068.4165980033388,11.719513259102275,1071.498355117922,3.039512022693696,277.8982420748522,3.0596665553696116,279.7409422052216
52107,Kern River Eastridge Cogen,CA,35.4406,-118.9617,CISO,48.8,48.8,0.0,2,225849.0,0.528316584325174,0.1966432525930087,0.1966432525930087,29.43743243288828,2691.4223938640707,29.43743243288828,2691.4223938640707,7.527717954454503,688.248498692983,7.527717954454503,688.248498692983
55512,Cuyamaca Peak Energy Plant,CA,32.796491,-116.972071,CISO,48.7,48.7,0.0,1,5874.0,0.0137689516469297,0.1964272487265511,0.1964272487265511,3.578819517745784,327.20635590818597,3.589939259911807,328.2230180490794,0.38849599192540896,35.51963354746596,0.38884348386809714,35.55140423936888
10776,E F Oxnard Energy Facility,CA,34.1958,-119.1664,CISO,48.5,48.5,0.0,1,9813.0,0.0230970201948877,0.1800385050998745,0.1800385050998745,44.34240433061329,4054.162681656072,44.378196000710176,4057.4350629220726,7.627795633948705,697.3984579610244,7.628143125891393,697.4302286529272
50115,US Borax,CA,35.0329,-117.701,CISO,48.2,48.2,0.0,1,270865.0,0.6415075124576063,0.21404503283085,0.21404503283085,98.98620730221832,9050.167524774244,98.98620730221832,9050.167524774244,22.884776869616868,2092.3224566506847,22.884776869616868,2092.3224566506847
55627,Goose Haven Energy Center,CA,38.226752,-121.843271,CISO,48.0,48.0,0.0,1,12991.0,0.0308956430745814,0.1871632999293236,0.1871632999293236,93.7943301865139,8575.4816170527,93.7943301865139,8575.4816170527,25.491661423663754,2330.6661873064,25.491661423663754,2330.6661873064
55855,Wolfskill Energy Center,CA,38.228522,-122.07525,CISO,48.0,48.0,0.0,1,7415.999,0.0176369839231354,0.1887629837104119,0.1887629837104119,28.775460282067254,2630.899225789006,28.986387891278994,2650.1840357740793,9.370120234587345,856.6967071622714,9.370815218472723,856.7602485460774
55625,Creed Energy Center,CA,38.242158,-121.854722,CISO,48.0,48.0,0.0,1,6347.999,0.0150970295852359,0.1871632999293236,0.1871632999293236,94.84653578897377,8671.683272134744,94.84653578897377,8671.683272134744,24.09752374959869,2203.20217139188,24.09752374959869,2203.20217139188
50431,University of Michigan,MI,42.281167,-83.734617,MISO,47.5,0.0,47.5,5,220778.309,0.5305895433789954,0.1466747084871884,0.1466747084871884,23.217326658769476,2122.7270088017804,39.53346333575128,3614.488076411545,0.4329749605894987,39.58628211103988,1.6884633495219696,154.37379195629435
55813,Yuba City Energy Center,CA,39.1392,-121.6387,CISO,47.3,47.3,0.0,1,39062.0,0.0942734126869201,0.1779001478622544,0.1779001478622544,86.98383560176784,7952.807826447344,86.98383560176784,7952.807826447344,12.09897446051779,1106.191950675912,12.09897446051779,1106.191950675912
2682,S A Carlson,NY,42.0933,-79.2478,NYIS,47.3,47.3,0.0,1,28324.0,0.0683579985905567,0.1304827968982251,0.1304827968982251,26.891706460754516,2458.67030498327,64.68562513140866,5914.114297728791,4.8645397056921285,444.75791594899454,12.532991896935354,1145.8735448626608
55811,King City Peaking,CA,36.224758,-121.124633,CISO,47.3,47.3,0.0,1,11865.0,0.0286353499956558,0.1977091317336753,0.1977091317336753,59.00204691680044,5394.472860964611,59.03158373192893,5397.173369776358,21.44303279940352,1960.5058559454646,21.45067762214266,1961.2048111673287
50026,Corpus Refinery,TX,27.8322,-97.5281,ERCO,47.0,47.0,0.0,1,280475.0,0.6812275332750413,0.1767526766062639,0.1767526766062639,52.59082057420313,4808.303595355714,54.49924632344673,4982.788235286557,10.080046273499342,921.6042307199397,10.268734398379035,938.8557164232259
54149,Stony Brook Cogen Plant,NY,40.916833,-73.129056,NYIS,47.0,47.0,0.0,1,309300.33,0.7512395074322356,0.1499867921291598,0.1499867921291598,1.2957974542843023,118.47291010599334,8.090654901609389,739.7170195757154,0.606025948048223,55.408086678694666,3.7980869335820393,347.25366249892926
7915,North 1st,NY,40.7171,-73.9664,NYIS,47.0,47.0,0.0,1,67641.0,0.1642888370737394,0.1509720791750741,0.1509720791750741,0.21648748029474935,19.79314105551994,0.6741343688151104,61.63514229166722,0.02571440375892689,2.3510312008161725,0.029189323185808903,2.668738119845385
7912,Brentwood,NY,40.787062,-73.293412,NYIS,47.0,47.0,0.0,1,37446.999,0.0909525867094141,0.1547254077615117,0.1547254077615117,0.6859490948665092,62.71534581636655,5.885818525252752,538.1319794516801,0.09903520366613734,9.054647192332556,1.6179224851562648,147.92434150000133
55847,Feather River Energy Center,CA,39.109344,-121.60931,CISO,47.0,47.0,0.0,1,45694.001,0.1109831948897308,0.1771804973511884,0.1771804973511884,84.85440497697455,7758.117026466243,84.85440497697455,7758.117026466243,13.181759353934225,1205.1894266454146,13.181759353934225,1205.1894266454146
8053,Pouch,NY,40.6182,-74.06849,NYIS,47.0,47.0,0.0,1,75899.998,0.1843485815602837,0.1517373877999085,0.1517373877999085,1.0442132877780446,95.47092916827835,2.668043135960009,243.93537243062937,0.09729774395269634,8.89579373281795,0.26513635227109755,24.241037921928918
55626,Lambie Energy Center,CA,38.221577,-121.868333,CISO,47.0,47.0,0.0,1,9727.0,0.02362527931604,0.1871632999293236,0.1871632999293236,85.98827118596614,7861.784794145475,85.98931366179421,7861.880106221184,24.768183198986918,2264.519606764518,24.768183198986918,2264.519606764518
55963,Riverview Energy Center,CA,38.014423,-121.790679,CISO,47.0,47.0,0.0,1,21904.999,0.0532036311085203,0.1904145819150599,0.1904145819150599,27.043212947766573,2472.5223266529433,27.05155275439109,2473.2848232586134,3.7880096672440815,346.33231243374456,3.7893996350148345,346.45939520135624
50971,Tropicana Products Bradenton,FL,27.483358,-82.548341,FPL,46.8,46.8,0.0,1,154205.0,0.3761391132966475,0.1802503332488646,0.1802503332488646,5.625199568236601,514.3039605244892,6.087016360069221,556.5272100634716,0.5389600031094001,49.27634314143086,0.6539798361391947,59.7924421612978
2628,Hillburn,NY,41.1269,-74.1653,NYIS,46.5,46.5,0.0,1,527.0,0.0012937595129375,0.1460168139608914,0.1460168139608914,0.7818568710484527,71.4840567815728,9.936532101169114,908.4829349640331,0.2015453267591567,18.427001303694325,2.052982397401893,187.70124776245873
54768,Live Oak Limited,CA,35.4837,-119.0298,CISO,46.0,46.0,0.0,1,11559.0,0.0286852293031566,0.1966432525930087,0.1966432525930087,48.68257869478892,4450.978623523558,48.68257869478892,4450.978623523558,13.2561226296695,1211.9883547126399,13.2561226296695,1211.9883547126399
10649,Bear Mountain Limited,CA,35.419181,-118.926643,CISO,46.0,46.0,0.0,1,28373.0,0.0704114552312884,0.1966432525930087,0.1966432525930087,35.875068163129896,3280.00623205759,35.875068163129896,3280.00623205759,10.786844884927142,986.2258180504814,10.786844884927142,986.2258180504814
50003,Chalk Cliff Limited,CA,35.0968,-119.4299,CISO,46.0,46.0,0.0,1,10703.0,0.026560948977566,0.2008653384269361,0.2008653384269361,44.1773456578364,4039.0716030021845,44.1773456578364,4039.0716030021845,10.953293525474791,1001.4439794719808,10.953293525474791,1001.4439794719808
10650,Badger Creek Limited,CA,35.483736,-119.029856,CISO,46.0,46.0,0.0,1,13164.0,0.032668254913639,0.1966432525930087,0.1966432525930087,48.70933557437592,4453.424966800084,48.70933557437592,4453.424966800084,13.268632339606276,1213.132099621145,13.268632339606276,1213.132099621145
50612,McKittrick Limited,CA,35.319503,-119.661992,CISO,46.0,46.0,0.0,1,10679.0,0.0265013897161008,0.2063057377686398,0.2063057377686398,30.562958835255362,2794.3276649376326,30.562958835255362,2794.3276649376326,9.283247248915295,848.7540341865412,9.283247248915295,848.7540341865412
57908,Central Utility Plant Cincinnati,OH,39.134533,-84.509419,PJM,45.3,0.0,45.3,3,236289.611,0.5954459135948068,0.1495121586088987,0.1495121586088987,1.6502392358262676,150.87901584697303,6.028637713697603,551.1897338237808,0.15289645478280853,13.979104437285349,0.5021258571844508,45.90864979972121
7318,Van Sant Station,DE,39.145036,-75.548172,PJM,45.1,45.1,0.0,1,1254.0,0.0031740728366187,0.1581689393428568,0.1581689393428568,44.869202115728605,4102.3270505809005,49.82165728292085,4555.122951581335,7.4533546787192275,681.4495706257578,8.647336993795887,790.6136680041953
58151,Central Utility Plant - Texas A&M,TX,30.617778,-96.343333,ERCO,45.1,0.0,45.1,2,108602.41,0.2748899199141431,0.1646319995650717,0.1646319995650717,38.852031636139714,3552.185749589916,55.88643415865803,5109.616837363019,3.1441070974428444,287.46122033763146,4.799211220466747,438.78502587124535
55935,Drews Generating Facility,CA,34.0609,-117.3532,CISO,44.8,44.8,0.0,4,1017.0,0.0025914261252446,0.1990582354878506,0.1990582354878506,11.383836042465472,1040.8078667397,11.385920994121602,1040.9984908911176,4.377008510100582,400.18363520919604,4.377008510100582,400.18363520919604
55934,Century Generating Facility,CA,34.0606,-117.3533,CISO,44.8,44.8,0.0,4,952.0,0.0024257990867579,0.1990582354878506,0.1990582354878506,11.386963469949666,1041.0938029668266,11.389048421605795,1041.284427118244,4.376661018157894,400.1518645172931,4.376661018157894,400.1518645172931
10243,Ticona Polymers Inc,TX,27.5697,-97.8228,ERCO,44.2,44.2,0.0,1,264707.0,0.6836582367404285,0.1741923891179028,0.1741923891179028,98.06848108157877,8966.261127458629,101.69004210827521,9297.375278470874,25.0190723816078,2287.458046318427,25.649422765644196,2345.0900814303263
56397,Hunlock Unit 4,PA,41.2025,-76.068333,PJM,44.0,44.0,0.0,1,26230.0,0.0680520963055209,0.1348042360077606,0.1348042360077606,7.809881411917322,714.0463005181551,32.10721302856173,2935.516619754215,0.8728997600327615,79.80797806013818,5.993888519428783,548.0126646334886
1130,Gas Turbine (IA),IA,42.512,-92.476,MISO,43.400000000000006,43.400000000000006,0.0,2,690.0,0.0018149106748311,0.1519581055246418,0.1519581055246418,73.93759810548201,6760.008969644068,75.5166014930572,6904.374993650943,14.76458515287898,1349.9049282632209,15.180880500219446,1387.9662171629207
54907,Mass Inst Tech Cntrl Utilities/Cogen Plt,MA,42.360986,-71.093876,ISNE,43.4,43.4,0.0,2,204755.37,0.538569140205795,0.1509560966702412,0.1509560966702412,0.45173952549466156,41.301899473797626,2.267732417983201,207.33553535846406,0.07227832407914585,6.608303915807619,0.15602388226700234,14.265040664411641
2135,Station H,MO,39.1067,-94.3804,SWPP,43.0,43.0,0.0,2,14090.639,0.0374074519486035,0.161697556243693,0.161697556243693,34.31204940491836,3137.10165987825,43.26969670353481,3956.0865557517536,4.342606807774451,397.0383367108069,7.346674652313951,671.6959682115611
52096,Berry Placerita Cogen,CA,34.38407,-118.494882,CISO,42.8,42.8,0.0,2,29939.0,0.0798526650450219,0.1989953935052558,0.1989953935052558,6.978680685007145,638.0508054863675,7.107947687687156,649.8695028742542,2.0147582837061906,184.2064716531374,2.0387352277516766,186.398649394439
58284,La Luz Energy Center,NM,34.616111,-106.815,PNM,42.3,42.3,0.0,1,7521.0,0.02029696557531,0.2063390099220998,0.2063390099220998,98.05805632329813,8965.308006701542,98.06396368632383,8965.848108463892,25.941663489444974,2371.809233320683,25.941663489444974,2371.809233320683
1400,Teche,LA,29.822222,-91.5425,MISO,42.2,42.2,0.0,1,1194.0,0.003229890281114,0.1701720845719075,0.1701720845719075,53.373024937194266,4879.8194228291895,53.880363173519044,4926.2046330074545,14.644005448766176,1338.8804981729074,14.732268402208978,1346.9502539162493
55096,Portside Energy,IN,41.6317,-87.1728,MISO,42.0,42.0,0.0,1,219984.0,0.5979125896934117,0.1475532813326829,0.1475532813326829,9.837149405560288,899.3965170797976,14.361494499360669,1313.0509256558323,1.676996115413259,153.32535912349795,2.6173093123275315,239.29685141280285
8010,Murray Turbine,UT,40.67,-111.89,PACE,42.0,42.0,0.0,3,37300.0,0.1013807349423787,0.1730749262896886,0.1730749262896886,1.4646785384307681,133.91346637081307,1.469543425628403,134.35825605745399,0.1987653912176511,18.172835768470957,0.2008503428737803,18.363459919888484
2049,Jack Watson,MS,30.4392,-89.0286,SOCO,41.9,41.9,0.0,1,25994.0,0.0708198472117784,0.1666790088148483,0.1666790088148483,7.197600608900712,658.0663413852078,17.731123867608154,1621.1313250384596,1.8066106100359582,165.17582720328758,3.7185112787064414,339.97817405316033
2632,Shoemaker,NY,41.4278,-74.4186,NYIS,41.9,41.9,0.0,1,289.0,0.0007873715412866,0.1443687880827376,0.1443687880827376,24.857836120200474,2272.7164452754714,54.383878998474245,4972.240365574788,4.022566728558617,367.7775294682164,10.320510697839577,943.5895495167612
2048,Sweatt,MS,32.2925,-88.7461,SOCO,41.9,41.9,0.0,1,136.0,0.0003705277841348,0.1566563839255358,0.1566563839255358,12.29426493230856,1124.0470795253539,38.19318691280289,3491.948517741978,3.435305345415557,314.0850601522795,8.166408145115417,746.6430304105523
52168,Riverbay,NY,40.869972,-73.824437,NYIS,41.8,0.0,41.8,3,128954.568,0.3521732319591007,0.1510625789360051,0.1510625789360051,0.6842116351530682,62.55649235685194,3.270941656524038,299.0575228821977,0.3269899180695974,29.8962210806489,1.6241773401246524,148.4962139542539
58207,Central Utility Plant at White Oak,MD,39.039444,-76.9825,PJM,41.7,17.2,24.5,8,72794.80799999999,0.1992784074110574,0.1575845982737344,0.1575845982737344,6.2016887011563275,567.0115383914356,17.04482728079896,1558.3842085301903,0.854830179012975,78.15590208118627,2.992600610430789,273.6091986679578
3993,Sycamore (WI),WI,43.1133,-89.3128,MISO,41.6,41.6,0.0,2,19.0,5.2138215665612926e-05,0.1524342607474161,0.1524342607474161,33.032931563883096,3020.153742983597,36.76360506058362,3361.2438912533594,5.883733573596623,537.9413553002626,6.553698039099475,599.1952492890947
1358,Haefling,KY,38.0794,-84.5194,LGEE,41.4,41.4,0.0,2,-163.0,-0.0004494518342046,0.1532414749986574,0.1532414749986574,53.8167721480071,4920.390596389219,57.40532144014815,5248.486531670687,7.71953350681839,705.7859206233956,8.302624986649192,759.0971416364974
50475,Corpus Christi,TX,27.811083,-97.595813,ERCO,41.0,41.0,0.0,1,54631.0,0.1521076957344916,0.1767526766062639,0.1767526766062639,71.05306748922726,6496.28045615792,71.75673867317086,6560.616107261335,21.334267821342113,1950.56162937985,21.467704727334382,1962.7615750705718
50846,"Atlantic Alumina, Gramercy Operations",LA,30.054,-90.6693,MISO,40.7,40.7,0.0,2,117686.24,0.3300860511819416,0.1687225013558375,0.1687225013558375,27.630126838966945,2526.1830252769773,28.465149977246693,2602.527997919697,7.724050902073337,706.1989396181335,8.16779811288617,746.7701131781639
57953,Roquette America,IA,40.389167,-91.394167,MISO,40.0,0.0,40.0,1,208836.0,0.5959931506849315,0.1565434925328282,0.1565434925328282,59.17370793648841,5410.167582764654,73.30099286647723,6701.805062077918,6.131842820675999,560.6256293189484,9.820122300368567,897.8397531765546
56144,Springs Generating Station,CA,33.9308,-117.2933,CISO,40.0,40.0,0.0,4,825.0,0.0023544520547945,0.1990582354878506,0.1990582354878506,21.263379465033722,1944.0804082316542,21.274499207199742,1945.0970703725477,3.720943722305259,340.2005688964808,3.7219861981333233,340.29588097218954
55478,Lange Generating Station,SD,44.1218,-103.2641,WACM,40.0,40.0,0.0,1,115379.0,0.3292779680365297,0.17007816988808,0.17007816988808,40.8226584431245,3732.3573433713827,45.15136557319143,4128.124852406073,10.494256669183677,959.4748954682218,11.436654817754079,1045.6370119089443
55477,Neil Simpson Gas Turbine #2,WY,44.285,-105.3786,WACM,40.0,40.0,0.0,1,28484.001,0.0812899571917808,0.1685058217883187,0.1685058217883187,75.77756794201603,6928.234783270036,75.79251009555163,6929.600923021862,18.10467770599797,1655.2848188341,18.10467770599797,1655.2848188341
2131,Higginsville,MO,39.073315,-93.714748,SWPP,40.0,40.0,0.0,1,6100.224,0.0174093150684931,0.1614911716575978,0.1614911716575978,99.1898375806336,9068.785150229356,107.73813937076335,9850.344171041219,22.601223444383294,2066.397572057901,25.28142879833739,2311.4449187051327
2240,Lon Wright,NE,41.4281,-96.4623,SWPP,40.0,40.0,0.0,1,10477.0,0.0299001141552511,0.1635120155513541,0.1635120155513541,86.0310126949168,7865.692589249535,87.41264065904508,7992.01286025555,16.658763732472366,1523.0869698260447,16.78907321098044,1535.00097928964
7504,Neil Simpson II,WY,44.2856,-105.3833,WACM,40.0,40.0,0.0,1,53154.0,0.151695205479452,0.1685058217883187,0.1685058217883187,75.54648580012838,6907.107273154594,75.56038547783591,6908.3781008307105,18.303095605272933,1673.4258839106678,18.303095605272933,1673.4258839106678
7281,Gardner Energy Center,KS,38.830833,-94.890278,SWPP,39.2,39.2,0.0,2,346.0,0.0010075948187494,0.1635605456017254,0.1635605456017254,65.79377693664134,6015.431034207207,75.69104244828668,6920.32388098621,15.675709026607445,1433.2076824326805,17.522628701995234,1602.0689098967068
50028,Plant 31 Paper Mill,LA,32.486787,-92.149597,MISO,39.2,39.2,0.0,1,257440.12,0.7496974885844748,0.1581220794672253,0.1581220794672253,16.39675480768546,1499.131868131242,26.516762654593947,2424.3897284200175,1.3062222125649483,119.42603086308097,2.0578472845995277,188.14603744909965
50865,Salinas River Cogeneration,CA,35.9515,-120.8679,CISO,38.9,38.9,0.0,1,258145.0,0.7575477456538836,0.1945315329454609,0.1945315329454609,29.23275967864493,2672.7094563332503,29.300868099411815,2678.9365119462227,6.380647051640751,583.37344472144,6.389334350207956,584.167712019013
10883,Medical Area Total Energy Plant,MA,42.33685,-71.10815,ISNE,38.8,38.8,0.0,3,234159.63,0.6889317363366756,0.1509560966702412,0.1509560966702412,0.4493070818958442,41.079504630477174,2.7104371529679696,247.81139684278577,0.1383017931899041,12.64473537736266,0.8457953885030818,77.32986409171032
54518,Formosa Plastics,LA,30.4992,-91.1872,MISO,38.8,38.8,0.0,1,317275.0,0.93346926046227,0.166233095291067,0.166233095291067,18.95116807838643,1732.6782243096163,22.129329386212717,2023.252972453734,3.8575080557817216,352.6864508143288,4.277278322549069,391.0654466330577
50170,Berry Cogen,CA,35.093046,-119.443617,CISO,38.7,38.7,0.0,1,13121.0,0.0387036447087418,0.2008653384269361,0.2008653384269361,37.902683648715545,3465.388219311135,37.902683648715545,3465.388219311135,7.609726052928918,695.7463819820724,7.609726052928918,695.7463819820724
10864,Archer Daniels Midland Cedar Rapids,IA,41.9221,-91.6875,MISO,38.5,38.5,0.0,1,287174.0,0.8514914309434858,0.1546379124517866,0.1546379124517866,60.77738325199446,5556.789325896635,64.67172545370113,5912.843470052674,11.974224853092727,1094.7862722827635,12.329709110462757,1127.2876900994518
10568,Port Arthur Texas Refinery,TX,29.964938,-93.891283,MISO,38.4,38.4,0.0,1,169345.15,0.5034280762461948,0.1643375556495981,0.1643375556495981,4.467703907142203,408.47578579585854,4.582723740171998,418.9918848157255,1.1025919341496624,100.80840540796912,1.1043293938631036,100.96725886748374
55540,Chula Vista Energy Center,CA,32.591667,-117.058611,CISO,37.2,37.2,0.0,1,1733.999,0.0053211046054892,0.1999704082736828,0.1999704082736828,8.1139368617695,741.8456559332112,8.116021813425627,742.0362800846286,1.4990802407569002,137.0587648692023,1.4990802407569002,137.0587648692023
54004,"WestRock Southeast, LLC.",GA,32.5036,-82.8443,SOCO,37.1,37.1,0.0,1,44154.08,0.1358603798200593,0.1700891561889493,0.1700891561889493,33.36409138526495,3050.4312123670807,64.49971694207046,5897.116977560728,8.270655727921877,756.1742379814286,14.953968261644052,1367.219955350313
2903,Bryan (OH),OH,41.471822,-84.543148,PJM,36.8,36.8,0.0,3,2645.0,0.008204908675799,0.1497258621094971,0.1497258621094971,93.09100649451298,8511.177736641186,99.44107425519717,9091.755360475168,20.524611594878603,1876.5359172460435,21.8412585657242,1996.9150688662123
58084,"Kimberly Clark-Unit 1,2,3",CT,41.558333,-73.413611,ISNE,36.3,16.1,20.200000000000003,3,218986.0,0.6886612073411574,0.1459869455147988,0.1459869455147988,5.066432524393973,463.2166879445918,24.369609940723553,2228.0786231518673,1.416377158397108,129.49734019630702,5.891030904393075,538.6085398302239
10405,Kingsburg Cogen,CA,36.5397,-119.5794,CISO,36.2,0.0,36.2,2,10730.0,0.0338366255455485,0.1860452817728434,0.1860452817728434,100.7420840886218,9210.704830959705,100.7420840886218,9210.704830959705,22.600180968555232,2066.3022599821925,22.600180968555232,2066.3022599821925
1097,Merl Parr,IA,43.0563,-92.6932,MISO,36.0,36.0,0.0,2,432.0,0.0013698630136986,0.1533139154167737,0.1533139154167737,101.7814324892022,9305.730970441344,106.00345959286385,9691.744877061836,21.79677959706011,1992.8484203026383,22.672459292634375,2072.910563898
50368,Cornell University Central Heat,NY,42.4428,-76.4764,NYIS,35.7,0.0,35.7,3,222316.828,0.7108860877684408,0.1306473011565519,0.1306473011565519,30.05701056670134,2748.0695375269793,58.53988263302513,5352.217840733725,4.170250804201102,381.2800735269579,8.977801831292366,820.8275960038734
62289,Dearborn Energy Center,MI,42.2969,-83.23125,MISO,35.0,0.0,35.0,3,247309.0,0.806617742987606,0.1449118304599,0.1449118304599,0.8753322036315788,80.03037290345863,3.5555375575856747,325.07771955069023,0.04274150895064875,3.9077951040593137,0.7134009583388771,65.22523047669732
50969,MU Combined Heat and Power Plant,MO,38.9461,-92.3328,MISO,34.6,34.6,0.0,2,77849.7,0.2568483252830786,0.1611610651316259,0.1611610651316259,28.66078794098015,2620.414897461042,50.24837738854196,4594.137361238121,1.6679613249033658,152.49932113402198,4.490290883416936,410.5408807695484
63285,Valero Wilmington Cogeneration Plant,CA,33.778655,-118.23853,LDWP,33.5,33.5,0.0,1,228155.0,0.7774654126627139,0.1925233203591783,0.1925233203591783,1.2471485823079542,114.02501323958437,1.2679980988692463,115.93125475375965,0.2515841665062577,23.001980937714986,0.2536691181623869,23.192605089132513
10819,Ada Cogeneration LP,MI,42.962672,-85.494071,MISO,33.1,0.0,33.1,2,157931.52,0.5446740884823904,0.1411463535321935,0.1411463535321935,20.505152046088067,1874.7567584994802,45.44638623253371,4155.098169831653,3.0287397724703617,276.9133506258616,11.271248653034494,1030.5141625631536
10427,New-Indy Ontario Mill,CA,34.045361,-117.540193,CISO,33.0,33.0,0.0,2,245944.0,0.8507817905078179,0.1949079320429256,0.1949079320429256,9.772168412277594,893.4553976939513,9.772168412277594,893.4553976939513,1.6787335751267,153.48421258301255,1.6787335751267,153.48421258301255
57584,University of California San Diego Hybri,CA,32.8747,-117.2392,CISO,33.0,0.0,33.0,3,222032.0,0.768064203680642,0.1857752533042608,0.1857752533042608,5.594272785337352,511.47636894512925,5.605045035560686,512.4612603941198,0.7714321127678067,70.53093602448517,0.7776869677361943,71.10280847873776
54372,University of Colorado,CO,40.00759,-105.269204,PSCO,33.0,0.0,33.0,3,4613.628,0.0159596928185969,0.1702136273092171,0.1702136273092171,22.655779679385343,2071.38557068666,24.000573497588682,2194.3381483509647,0.9552553504498652,87.33763204113052,1.1248314184817074,102.8417296897561
2848,O H Hutchings,OH,39.6088,-84.2921,PJM,32.6,32.6,0.0,1,397.0,0.0013901728436563,0.1489845920799412,0.1489845920799412,39.59253696600827,3619.889094035041,55.35616145411583,5061.134761519161,10.247189897932365,936.8859335252447,13.705429711565344,1253.067859343117
7782,Hamilton Peaking,OH,39.3528,-84.5183,PJM,32.0,32.0,0.0,1,2488.0,0.0088755707762557,0.1495121586088987,0.1495121586088987,15.485630933957,1415.8291139617827,24.83142673255617,2270.3018726908495,3.7654226909693485,344.26721746005467,4.9548876107910615,453.0182958437541
50748,Agnews Power Plant,CA,37.4058,-121.9272,CISO,32.0,0.0,32.0,2,10346.0,0.0369078196347031,0.1863891472979341,0.1863891472979341,4.255386330159713,389.06389304317366,4.310290057104448,394.0836623638352,2.1575774721510412,197.26422602523803,2.1582724560364177,197.32776740904387
2909,West 41st Street,OH,41.474,-81.7145,PJM,32.0,32.0,0.0,2,0.0,0.0,0.1419642919267569,0.1419642919267569,1.5720535487214222,143.73061016881573,3.2733741001228553,299.27991772551815,0.5347900997971416,48.8950948385958,0.7693471611116774,70.34031187306765
58191,US Magnesium,UT,40.913333,-112.733889,PACE,32.0,32.0,0.0,2,9.8,3.496004566210046e-05,0.1657530143375989,0.1657530143375989,43.45664736870107,3973.179187995526,43.457342352586444,3973.2427293793316,13.939639280937191,1274.4813056856858,13.939639280937191,1274.4813056856858
7783,Bowling Green Peaking,OH,41.3884,-83.6402,PJM,32.0,32.0,0.0,1,2372.001,0.0084617615582191,0.1471292212307949,0.1471292212307949,97.21087096702429,8887.85105984222,100.87691096238481,9223.031859418039,17.691857278084388,1617.5412368534296,18.687421693886087,1708.5642691552991
673,Tom G Smith,FL,26.612767,-80.0677,FMPP,31.4,0.0,31.4,2,-86.0,-0.0003126545094959,0.1770192109932194,0.1770192109932194,0.2616614328442155,23.9233310028997,0.33046483749647937,30.21392799967811,0.12683455908119345,11.596302544566257,0.1424716965021625,13.025983680197712
50851,CSUCI Site Authority,CA,34.161951,-119.047916,CISO,31.1,0.0,31.1,2,2339.0,0.0085855026501637,0.1941352235229517,0.1941352235229517,38.036815538593196,3477.651706385663,38.06808981343513,3480.5110686569255,16.42038425978826,1501.2922751806407,16.421426735616325,1501.3875872563497
50850,CamChino Leasing LLC,CA,33.989626,-117.680911,CISO,30.8,0.0,30.8,2,6875.0,0.0254810828440965,0.1945238665925497,0.1945238665925497,17.784290134839452,1625.9922408996067,17.8270316437901,1629.9000360036662,5.74334682875059,525.1059957714824,5.744389304578655,525.2013078471912
50628,Paulsboro Refinery,NJ,39.84,-75.2583,PJM,30.5,30.5,0.0,1,208107.0,0.7789018639119695,0.1600503871275833,0.1600503871275833,16.4693806237073,1505.7719427389527,20.227853475822883,1849.403746360949,2.419586396937945,221.21932772004067,2.8671560191203485,262.13997889100324
56509,Tesoro SLC Cogeneration Plant,UT,40.7931,-111.9038,PACE,30.4,30.4,0.0,2,183750.68,0.6900034546983898,0.1730749262896886,0.1730749262896886,8.14277869301262,744.4826233611537,8.262663413240048,755.4435120676615,1.063672836568584,97.25008791484194,1.1237889426536427,102.74641761404732
3665,Bountiful City,UT,40.886867,-111.885332,PACE,30.4,30.4,0.0,3,28385.0,0.1065887106464792,0.1683177384529253,0.1683177384529253,8.510772660319425,778.1277860863473,8.649074453509328,790.77252146371,1.692633252834228,154.7550402591294,1.7051429627710033,155.89878516763457
57505,Monroe Generating Station,NC,34.985814,-80.506037,DUK,30.0,30.0,0.0,2,862.0,0.0032800608828006,0.1634604253398968,0.1634604253398968,53.608624474336864,4901.35995193937,86.84449133274987,7940.067778994273,8.246331291933704,753.9502895482242,16.759536395851946,1532.300470477892
56309,Trigen St. Louis,MO,38.6359,-90.1809,MISO,30.0,0.0,30.0,3,74522.0,0.2835692541856925,0.1592372878684774,0.1592372878684774,8.814480618228911,805.8953708095004,9.074404591359686,829.6598483528854,0.656064787795324,59.98306631271532,0.7300805715879107,66.75022368803755
2067,Yazoo,MS,32.8458,-90.4211,MISO,29.1,0.0,29.1,2,0.0,0.0,0.167205235063916,0.167205235063916,37.83561770377673,3459.256475773872,60.07753447942042,5492.803152404152,7.821001154083345,715.0629626590486,12.074302532586929,1103.9362315508047
57585,Oxnard Paper Mill,CA,34.1414,-119.1831,CISO,29.0,29.0,0.0,1,195695.0,0.7703314438671075,0.1800385050998745,0.1800385050998745,24.055824716476106,2199.3896883635293,24.05651970036148,2199.453229747335,4.736315178840183,433.03453063681667,4.736662670782871,433.0663013287196
10805,Kenilworth Energy Facility,NJ,40.6781,-74.2744,PJM,28.8,0.0,28.8,2,163529.391,0.6481853714802132,0.1504261941375277,0.1504261941375277,0.5862189073149955,53.59715724022815,3.3049958669074817,302.171050688684,0.030231799013873507,2.764050195554149,0.48336129227928787,44.193032436963456
50849,PE Berkeley,CA,37.870331,-122.26337,CISO,28.5,0.0,28.5,2,159644.0,0.6394456460786669,0.180966637984139,0.180966637984139,1.2627857197289232,115.45469437521582,2.195106601961367,200.6954607507535,0.36139162039572925,33.0415195790381,0.5330526400837007,48.7362413790812
52073,UCLA So Campus Cogen Project,CA,34.0692,-118.4439,LDWP,28.5,0.0,28.5,2,187463.0,0.7508731875350476,0.1872196643929611,0.1872196643929611,0.7092310550266187,64.84398217386227,0.8398880254773824,76.78976232936067,0.19390050402001627,17.728046081830055,0.2289971902315246,20.9368859640251
56668,NIH Cogeneration Facility,MD,39.0,-77.0939,PJM,28.0,28.0,0.0,1,155122.0,0.6324282452707111,0.1575845982737344,0.1575845982737344,0.4847512600500407,44.320115204575146,8.574363685831365,783.9418227045818,0.07366829184989866,6.735386683419305,1.8385798687632726,168.09873085835633
54410,Western Power & Steam Inc,CA,35.440539,-119.012861,CISO,27.7,27.7,0.0,1,23464.0,0.0966981520861151,0.1966432525930087,0.1966432525930087,34.75197420436163,3177.3233558273487,34.75197420436163,3177.3233558273487,7.476984130822026,683.6099776751565,7.476984130822026,683.6099776751565
57946,Fredericktown Energy Center,MO,37.571672,-90.317251,SWPP,27.6,27.6,0.0,2,8364.0,0.0345940043676791,0.159019704109895,0.159019704109895,35.56927525356428,3252.0480231830193,75.80189237800421,6930.458731703241,10.902212209899625,996.7736877622514,17.64703081747761,1613.4428175979526
2250,J Street,NE,40.80788,-96.710667,SWPP,27.0,27.0,0.0,1,356.567,0.0015075553864366,0.1669420342919976,0.1669420342919976,38.1160437015261,3484.895424139529,40.54466488897394,3706.9407898490454,4.015964381647541,367.17388632206087,4.306815137677566,393.76595544480597
55308,Calvert City,KY,37.048333,-88.353889,TVA,26.7,26.7,0.0,1,214208.4,0.915843209686522,0.1560714934106625,0.1560714934106625,38.78566067508627,3546.1175474364586,69.80765636663274,6382.4142963778495,10.206185848695158,933.1369918807001,16.140305753981572,1475.6850975068864
471,Fruita,CO,39.1364,-108.7347,PSCO,26.6,26.6,0.0,1,832.874,0.0035743210766642,0.1865667652174901,0.1865667652174901,40.73995536076471,3724.795918698487,40.847677862998054,3734.644833188393,6.716324268277553,614.0639330996619,6.717019252162929,614.1274744834677
55990,Ashtabula,OH,41.890026,-80.7612,PJM,26.1,0.0,26.1,7,165965.0,0.7258918105635158,0.1355832170312565,0.1355832170312565,14.123115026676562,1291.2562310104283,45.51310468552985,4161.198142677014,2.492212212959779,227.85940232775118,10.155452025062681,928.4984708628735
54780,University of Illinois Abbott Power Plt,IL,40.105169,-88.241528,MISO,26.0,26.0,0.0,2,137967.34,0.6057575518089217,0.1528895869865829,0.1528895869865829,72.38778404109264,6618.311683757041,73.5522295410408,6724.77527232373,4.12820427913583,377.43581980670444,4.394035615292305,401.74039911243926
68899,Mississippi State University,MS,33.452279,-88.80154,TVA,26.0,26.0,0.0,2,,,0.1617033371200822,0.1617033371200822,41.42034458454821,3787.0029334444075,70.63538217411603,6458.092084490608,7.8960594137039966,721.9254321100796,12.654266584933536,1156.9615163367803
54605,Pratt & Whitney,CT,41.748327,-72.636693,ISNE,25.8,25.8,0.0,1,121097.71,0.5358116084386394,0.147893272793545,0.147893272793545,4.929173207032134,450.66726464293794,15.027289061551262,1373.9235713418295,0.5240178495738075,47.91020338960525,2.16939219820244,198.34442954993733
58159,UCONN Cogen Facility,CT,41.809167,-72.254167,ISNE,25.700000000000003,0.0,25.700000000000003,4,122319.692,0.5433243252847217,0.1482553533698452,0.1482553533698452,6.06964176293481,554.9386754683254,47.186973373458905,4314.237565573385,1.1547157255528926,105.5740091934073,10.279506648602368,939.8406078722163
10195,CF Industries Yazoo City Complex,MS,32.90411,-90.3781,MISO,25.0,25.0,0.0,1,142972.0,0.6528401826484018,0.165945747101617,0.165945747101617,35.8100871698472,3274.0651126717435,59.77625896510975,5465.257962524319,7.969727705553895,728.6608187934988,13.845121472526001,1265.8396774880914
54802,Mead Coated Board,AL,32.1761,-85.0272,SOCO,25.0,25.0,0.0,1,157513.0,0.7192374429223745,0.1630641671117068,0.1630641671117068,23.177365085360332,2119.0733792329443,78.0022113591059,7131.630752832539,5.138363356530432,469.7932211684966,18.173133618707546,1661.5436451389753
7824,Rockwood,CA,32.9553,-115.5364,IID,24.9,24.9,0.0,1,6266.659,0.0287298004804606,0.2063488755202729,0.2063488755202729,104.88835794877741,9589.792726745362,104.89635026345924,9590.523452659128,22.90354143452203,2094.0380740134424,22.904583910350095,2094.1333860891514
1880,Claude Vandyke,MI,42.731,-85.8551,MISO,24.8,24.8,0.0,1,5421.0,0.0249530490499337,0.1407805646537128,0.1407805646537128,75.18022929253502,6873.620963888915,90.97339059577108,8317.567140184783,18.559544658976826,1696.872654535024,22.24886661449746,2034.1820904683389
7795,Custer Energy Center,WI,44.085437,-87.726102,MISO,24.5,24.5,0.0,1,5544.0,0.0258317025440313,0.1487782913533276,0.1487782913533276,63.53612178499609,5809.016848913928,67.05343522888606,6130.599792355296,14.959180640784375,1367.6965157288569,15.718798027500782,1437.1472482286426
3120,Blossburg,PA,41.706475,-77.08184,PJM,24.0,24.0,0.0,1,487.0,0.002316400304414,0.1345286857338116,0.1345286857338116,14.093578211548065,1288.55572219868,33.204940075513754,3035.880235475543,2.719471943477863,248.63743483226173,7.714321127678067,705.3093602448517
50751,Southeast Kern River Cogen,CA,35.4206,-118.9644,CISO,24.0,24.0,0.0,1,59022.0,0.280736301369863,0.1966432525930087,0.1966432525930087,32.02416245425925,2927.9234243894166,32.02416245425925,2927.9234243894166,6.650300799166795,608.0275016381069,6.650300799166795,608.0275016381069
1881,Vestaburg,MI,43.4016,-84.9141,MISO,23.7,23.7,0.0,1,2311.82,0.0111352908309731,0.1423233165181383,0.1423233165181383,57.41435623065804,5249.312569660164,80.75504252908183,7383.318174087481,12.207739438579196,1116.1361772415264,19.14228864686494,1750.1521048562229
55857,Oak Point Cogen,LA,29.811956,-90.00843,MISO,23.5,23.5,0.0,5,99155.0,0.4816622947634315,0.1681617636979656,0.1681617636979656,4.788091478300725,437.76836373035195,5.829872322479952,533.0168980553099,1.6644864054764839,152.18161421499278,1.897653499020267,173.49974848185295
10521,Lederle Laboratories,NY,41.0772,-74.0181,NYIS,23.4,0.0,23.4,5,149656.42200000002,0.73008830933146,0.1470807053555978,0.1470807053555978,1.0911247000409519,99.75997257517272,11.85573010063605,1083.9524663438674,0.42984753310530494,39.300345883913586,3.4519849586645908,315.61005336361967
54044,University of Illinois Cogen Facility,IL,41.8675,-87.6524,PJM,23.4,23.4,0.0,3,98597.8,0.4810024197010498,0.1519644846598602,0.1519644846598602,1.1720903226873027,107.16254378855338,1.2287315093454796,112.34116656872955,0.31760763561701594,29.038412399270026,0.3189976033877687,29.16549516688171
52122,Wasson CO2 Removal Plant,TX,33.009944,-102.756945,SWPP,23.4,23.4,0.0,1,145598.0,0.7102895835772548,0.2048739959956333,0.2048739959956333,105.27859140041626,9625.471213752342,105.27859140041626,9625.471213752342,24.971465985459517,2283.105461527727,24.971465985459517,2283.105461527727
2177,Miles City GT,MT,46.4112,-105.7953,MISO,23.3,23.3,0.0,1,321.2,0.0015736766809728,0.1531622446379794,0.1531622446379794,61.50503137998355,5623.317154741352,62.182293176282855,5685.2382332601455,16.050652832768016,1467.4882589959327,16.084012059266083,1470.538245418613
8026,Hartzog,WY,43.8294,-105.5322,WACM,22.5,22.5,0.0,3,178.0,0.0009030948756976,0.170827334750054,0.170827334750054,103.96194442957066,9505.092062132173,103.96194442957066,9505.092062132173,26.760007014475686,2446.6292127520624,26.760007014475686,2446.6292127520624
8030,Barber Creek,WY,43.7219,-105.7689,WACM,22.5,22.5,0.0,3,273.0,0.0013850837138508,0.1701546914137482,0.1701546914137482,104.9092074653387,9591.698968259536,104.91476733642172,9592.207299329984,27.440743730201874,2508.8679981898854,27.446303601284885,2509.376329260332
54851,MMSD Jones Island Wastewater,WI,43.0214,-87.9014,MISO,22.1,22.1,0.0,2,46658.788,0.2410111159321473,0.1500572599929964,0.1500572599929964,0.5486897775046697,50.165922514712655,1.011896537108042,92.51625482130667,0.2008503428737803,18.363459919888484,0.24532931153787005,22.4301084834624
3561,Bryan (TX),TX,30.64741,-96.372316,ERCO,22.0,22.0,0.0,1,1540.0,0.0079908675799086,0.1677933402202226,0.1677933402202226,44.60163331985869,4077.863617815651,58.74073297589891,5370.581300653614,4.59975084536372,420.5486487189686,6.625976363178621,605.8035532049024
56038,UMCP CHP Plant,MD,38.985844,-76.935478,PJM,22.0,22.0,0.0,2,67500.0,0.3502490660024906,0.1575845982737344,0.1575845982737344,4.130636722734648,377.65821465002495,14.62767332745983,1337.38727565347,0.8079187667500678,73.8668586742919,2.125608213423727,194.34132237016928
60025,Eight Flags Energy,FL,30.6608,-81.4706,JEA,21.6,21.6,0.0,1,162430.0,0.8584369186538137,0.173852402022417,0.173852402022417,3.4234906193641583,313.0048566275801,13.708557139049539,1253.3537955702434,0.5615469793841331,51.34143811512074,2.2586976274733077,206.5094973689881
2487,Coxsackie,NY,42.350889,-73.815798,NYIS,21.3,21.3,0.0,1,379.941,0.0020362563508907,0.1410468197506411,0.1410468197506411,21.751258152567956,1988.6864596633557,53.8754982863214,4925.759843320813,7.917256422207976,723.8634443161577,12.372103127470716,1131.163714511608
55799,Otsego Mill Power Plant,MI,42.4628,-85.6961,MISO,21.2,21.2,0.0,2,165451.44,0.8909033341948824,0.1427574507990344,0.1427574507990344,58.86444010749591,5381.891666971053,78.96615400812297,7219.762652171242,12.445771419320614,1137.8991011950275,17.24150772036048,1576.3664201472438
2126,Fulton (MO),MO,38.868095,-91.94778,AECI,21.2,21.2,0.0,1,161.0,0.0008669337468768,0.1565431893086151,0.1565431893086151,57.4894144902787,5256.175039111195,89.89686055732304,8219.141536669535,12.894731009273771,1178.9468351336018,20.10449383616857,1838.1251507354118
59197,Univ Minnesota CHP Plant,MN,44.978611,-93.240833,MISO,21.0,21.0,0.0,1,166150.91,0.9031904218308328,0.1525436025052686,0.1525436025052686,1.2249090979759092,111.9916889577974,2.199971489159002,201.14025043739443,0.3158701759035749,28.879558939755416,0.3745963142178809,34.248805871349106
10261,Enterprise Products Operating,TX,29.8247,-94.9197,ERCO,20.7,20.7,0.0,6,154745.0,0.8533794366135045,0.1613469515151865,0.1613469515151865,46.496854375280144,4251.140971454184,50.727916269451676,4637.980916064153,9.084134365754956,830.5494277261673,10.482441943132278,958.3946919435224
54321,Goodyear Beaumont Chemical Plant,TX,29.9728,-94.2142,MISO,20.0,20.0,0.0,4,172802.0,0.9863127853881278,0.1609863594001556,0.1609863594001556,73.34234440765712,6705.585774414365,75.32687089234945,6887.028195871949,22.10569993410992,2021.0925654043353,22.4125353195036,2049.1460863546145
7339,Wellington 2,KS,37.2678,-97.3497,SWPP,20.0,20.0,0.0,1,2421.0,0.0138184931506849,0.1757184731254875,0.1757184731254875,107.42053173514633,9821.305758641949,109.63718283755436,10023.971002290684,24.85679364437241,2272.621133199763,25.53648788427053,2334.764606561877
2914,Dover (OH),OH,40.520066,-81.46815,PJM,19.5,19.5,0.0,1,599.0,0.0035066151504507,0.1379436230793662,0.1379436230793662,19.65866167369961,1797.363353023964,31.395202037993602,2870.418472045129,4.113609617542926,376.1014507467818,6.0046607696521175,548.9975560824793
52147,CP Kelco San Diego Plant,CA,32.6947,-117.1436,CISO,19.2,19.2,0.0,2,70641.0,0.4200021404109589,0.1857752533042608,0.1857752533042608,1.4215895375374312,129.97390057485083,1.4254119489070014,130.32337818578296,0.46668167903025426,42.66803922562324,0.46911412262907165,42.89043406894369
2003,Owatonna,MN,44.0833,-93.23,MISO,19.0,19.0,0.0,1,0.0,0.0,0.1487263713808807,0.1487263713808807,91.9772948181973,8409.352669092323,95.19055281223508,8703.136257118635,14.574159568285847,1332.4945891004202,15.342811745512149,1402.771359589682
57122,UCI Facilities Management Central Plant,CA,33.6481,-117.8467,CISO,19.0,0.0,19.0,2,111760.0,0.6714732035568373,0.1931018754495271,0.1931018754495271,4.518785222717368,413.1460775055879,4.521217666316186,413.3684723489084,1.1821675890252605,108.08389385373809,1.1821675890252605,108.08389385373809
1743,St Clair,MI,42.7642,-82.4719,MISO,18.5,18.5,0.0,1,516.0,0.0031840059237319,0.1440925607031877,0.1440925607031877,20.326193695603642,1858.3948521694756,30.78361621886237,2814.502054295988,3.4488575311803973,315.32411713649344,5.632844390975742,515.0029157463534
10866,Archer Daniels Midland Peoria,IL,40.677188,-89.604911,MISO,18.0,18.0,0.0,1,78666.0,0.498896499238965,0.1571304034098408,0.1571304034098408,16.66606106326882,1523.7541543560062,27.595377644698125,2523.0059560866853,0.5504272372181107,50.32477597422726,1.4257594408496896,130.3551488776859
4118,Kaukauna Gas Turbine,WI,44.276199,-88.265445,MISO,18.0,18.0,0.0,1,1675.0,0.0106227803145611,0.1500534030490715,0.1500534030490715,69.51333069117584,6355.504520336076,73.45632176485886,6716.006561358523,11.59302619196377,1059.9338232652588,12.790830918409998,1169.4473982546283
2490,Arthur Kill Generating Station,NY,40.591564,-74.200035,NYIS,18.0,18.0,0.0,1,419.0,0.0026572805682394,0.1498588640853793,0.1498588640853793,1.7325948262433712,158.40866982796535,4.86627716540557,444.91676940850925,1.3534811167705438,123.74684496187828,2.3553003875406278,215.34174971800022
50622,Berry Cogen Tanne Hills 18,CA,35.089829,-119.440881,CISO,18.0,18.0,0.0,2,137748.0,0.8735920852359208,0.2008653384269361,0.2008653384269361,37.97565695668007,3472.0600646107487,37.97565695668007,3472.0600646107487,7.908916615583459,723.1009477104876,7.908916615583459,723.1009477104876
58199,Arizona State University CHP,AZ,33.417222,-111.928333,AZPS,17.1,7.9,9.2,2,42627.0,0.2845670111351438,0.2022058418275215,0.2022058418275215,12.616737455123209,1153.5302816112646,12.616737455123209,1153.5302816112646,2.2600875952440607,206.6365801365998,2.2600875952440607,206.6365801365998
2503,59th Street,NY,40.771285,-73.99115,NYIS,17.1,17.1,0.0,1,477.0,0.003184330689738,0.1509720791750741,0.1509720791750741,0.4882261794769227,44.63782212360436,0.673439384929734,61.57160090786139,0.07332079990721045,6.703615991516383,0.17791587465635902,16.26659425429568
54096,International Paper Riverdale Mill,AL,32.426016,-86.870912,SOCO,17.0,0.0,17.0,1,301624.472,2.025412785388128,0.1622687896537078,0.1622687896537078,33.57571397836207,3069.77956373596,68.12579536402185,6228.644147567712,9.094559124035602,831.5025484832549,18.12622220644464,1657.2546017320813
63423,BYU Central Heating Plant,UT,40.24724,-111.6462,PACE,16.5,16.5,0.0,1,115632.0,0.8,0.1722943307528541,0.1722943307528541,7.427640274960301,679.0985394249417,7.462041977286433,682.243837923331,0.8270308235979189,75.61424672895258,0.8273783155406071,75.6460174208555
58184,Rand Whitney CHP Plant,CT,41.452778,-72.136111,ISNE,16.5,16.5,0.0,1,133276.0,0.9220700152207002,0.1491146598290276,0.1491146598290276,4.393688123349616,401.70862842053623,41.18092263603604,3765.112926723294,1.0369159569815924,94.80374463831701,12.156310631061343,1111.4341148398942
58914,MCAGCC Cogen Plant,CA,34.237222,-116.054167,CISO,16.4,16.4,0.0,3,69172.0,0.4814845751197238,0.2157705591540246,0.2157705591540246,88.52113995622044,8093.361367425868,88.52183494010582,8093.424908809674,20.79600280211809,1901.348827622225,20.796697786003467,1901.412369006031
2917,Hamilton (OH),OH,39.4098,-84.5543,PJM,16.3,16.3,0.0,1,1119.0,0.0078367930078157,0.1501315281674155,0.1501315281674155,41.710847848635545,3813.563231875249,55.53998469179789,5077.941457535807,4.578553836859739,418.6106365128904,7.361269313906854,673.0303372714837
3470,W A Parish,TX,29.4828,-95.6311,ERCO,16.3,16.3,0.0,1,268.0,0.001876908423677,0.164858420997121,0.164858420997121,61.31460579539042,5605.906815578552,68.65850051216286,6277.3486182548895,14.299640933562168,1307.3957424971125,16.827297324676145,1538.4957553989616
57666,Foxwoods CoGen,CT,41.4731,-71.9606,ISNE,16.2,0.0,16.2,3,10820.0,0.0762444331698517,0.1487903819374777,0.1487903819374777,8.792241133896868,803.8620465277135,48.492153110195794,4433.568284360757,1.6968031561464865,155.13628856196445,11.834880584074757,1082.046224829692
9674,Nine Springs,WI,43.0386,-89.3586,MISO,16.2,16.2,0.0,1,82.0,0.0005778228761485,0.1524342607474161,0.1524342607474161,27.998815790159124,2559.8917293859768,33.359226498067315,3049.98642268044,3.90997933912764,357.4838252916699,4.945157836395792,452.12871647047234
1225,Colby,KS,39.403001,-101.038202,SWPP,16.0,16.0,0.0,1,1247.54,0.0089008276255707,0.1820518219602184,0.1820518219602184,111.89935538445455,10230.7982065787,112.07588129134017,10246.937718065385,25.511815956339667,2332.5088874367693,25.64282041873312,2344.4864382841706
4251,Logan City,UT,41.725833,-111.8433,PACE,15.9,15.9,0.0,3,4596.0,0.0329973291978978,0.1665132407589339,0.1665132407589339,47.43404014471022,4336.826527516362,47.43716757219441,4337.112463743489,9.841666800815235,899.8095360745356,9.843056768585988,899.9366188421474
58584,Princeton University Cogeneration,NJ,40.341389,-74.657222,PJM,15.5,15.5,0.0,1,33263.641,0.2449818898217705,0.1513118587708176,0.1513118587708176,19.36642094989883,1770.644201133607,38.87218616881563,3554.0284497202856,2.471362696398487,225.95316081357592,8.293937688081988,758.3028743389244
2144,Marshall (MO),MO,39.1228,-93.2064,SWPP,15.2,15.2,0.0,1,0.0,0.0,0.1596065315201588,0.1596065315201588,93.58861495644248,8556.673367446168,103.57101599404643,9469.350033741386,18.287458467851966,1671.9962027750366,21.371449459209753,1953.9610934134628
7930,Russell Energy Center,KS,38.899722,-98.839444,SWPP,15.0,15.0,0.0,2,700.0,0.0053272450532724,0.1765711996601041,0.1765711996601041,94.43093542551868,8633.68552461885,94.78711466677409,8666.250483819344,22.721455656553413,2077.390231456312,22.802421279199763,2084.7928026696923
8906,Astoria Generating Station,NY,40.787674,-73.912561,NYIS,15.0,15.0,0.0,1,486.0,0.0036986301369863,0.1509720791750741,0.1509720791750741,0.28181596552013116,25.76603113326913,0.9236335836652388,84.44649907796469,0.0861780017866739,7.8791315919244695,0.21162259309711454,19.34835136887904
57322,Mont Belvieu Cogeneration Unit,TX,29.838138,-94.900661,ERCO,15.0,15.0,0.0,1,95447.1,0.7263858447488585,0.1613469515151865,0.1613469515151865,45.68997808435814,4177.3694248556,49.93354968846645,4565.353114374075,9.31521650764261,851.67693784161,10.35282744850958,946.5442238637328
8028,Arvada,WY,44.69,-106.1092,WACM,15.0,15.0,0.0,2,199.0,0.0015144596651445,0.1630897897777299,0.1630897897777299,59.48749316073585,5438.856517552991,59.49826541095919,5439.841409001982,17.13552267784058,1566.6763591168528,17.137955121439397,1566.8987539601733
59860,HP Hood CT,VA,39.132519,-78.187474,PJM,15.0,15.0,0.0,1,102743.0,0.781910197869102,0.1490977494004001,0.1490977494004001,46.478089810374975,4249.425354091426,63.83774479124945,5836.593809485663,10.443870337493887,954.8681451422982,14.250644569643132,1302.9160749388004
10328,T B Simon Power Plant,MI,42.7178,-84.4836,MISO,14.3,14.3,0.0,1,27049.96,0.2159367116901363,0.1439464161990529,0.1439464161990529,18.668309637038234,1706.8168811006383,25.88432731890142,2366.567069156701,3.2059606632413447,293.1164034963515,4.256428805987777,389.15920511888237
57884,Lake Charles Polymers,LA,30.196571,-93.32197,MISO,14.3,14.3,0.0,1,110754.0,0.8841364115336718,0.1599841071722568,0.1599841071722568,19.092249807117838,1745.577125222202,25.783554655521844,2357.353568504854,1.9869589282911346,181.6648163009037,3.4978538950994333,319.8037846948053
50061,San Diego State University,CA,32.778225,-117.070114,CISO,14.3,0.0,14.3,3,59127.0,0.4720040233738864,0.1964272487265511,0.1964272487265511,4.875311955915463,445.74280739798513,4.881566810883851,446.31467985223776,0.4618167918326194,42.223249538982344,0.4652917112595014,42.54095645801155
7715,Pea Ridge,FL,30.59208,-87.135391,FPL,14.1,14.1,0.0,3,88215.0,0.7141989701739045,0.1664106615417484,0.1664106615417484,10.083173700983535,921.890166947066,31.77605320717987,2905.239150370731,2.3792773315861138,217.5339274593018,9.486530035387894,867.3398889497502
50906,Ford Utilities Center,NM,35.084078,-106.625191,PNM,13.7,13.7,0.0,2,77936.0,0.6494017264940173,0.2045388603970422,0.2045388603970422,23.839684728124045,2179.6283179999123,23.839684728124045,2179.6283179999123,0.9542128746218006,87.24231996542176,0.9542128746218006,87.24231996542176
971,Waterloo,IL,38.334786,-90.158939,MISO,13.6,13.6,0.0,2,338.259,0.002839267727639,0.1580693648090473,0.1580693648090473,70.23680891585268,6421.651100877958,89.86002641139808,8215.773843327823,15.49501321640958,1416.6869226431613,19.769511603417143,1807.4982037409957
7283,Paragould Turbine,AR,36.024272,-90.509229,SPA,13.6,13.6,0.0,4,145.0,0.0012170964276121,0.1629956275417098,0.1629956275417098,70.73059496641261,6466.797254072009,89.0997140407963,8146.2595694442325,16.344631016282232,1494.366264345804,18.637382854138984,1703.9892895212784
52086,Coalinga 25D Cogen,CA,36.1556,-120.3972,CISO,13.6,13.6,0.0,4,42334.0,0.3553417942519473,0.1969085553722215,0.1969085553722215,48.66103419434226,4449.008840625577,48.66207667017032,4449.104152701286,12.919402937204634,1181.2025542587091,12.919402937204634,1181.2025542587091
65512,"Kansas Ethanol, LLC",KS,38.286173,-98.192128,SWPP,13.5,13.5,0.0,1,116254.0,0.9830373752748182,0.180127340898016,0.180127340898016,108.528683540379,9922.622495120366,111.71865957425669,10214.277446789181,27.330241292427026,2498.764918164756,28.37619203991851,2594.3947007925494
52048,Vanderbilt University Power Plant,TN,36.145896,-86.803833,TVA,13.5,13.5,0.0,2,103822.0,0.8779130728902418,0.153701965124208,0.153701965124208,8.127489047534338,743.0847129174251,15.619067839949269,1428.0290596525044,0.6783042721273688,62.016390594502276,0.8451004046177054,77.26632270790448
63063,Duke Energy CHP at Clemson University,SC,34.6779,-82.8231,DUK,13.4,13.4,0.0,1,94991.0,0.8092329448647175,0.1647428454480075,0.1647428454480075,16.053085276366833,1467.7106538392532,37.59098337612423,3436.889908674215,2.3167287819022375,211.81520291677597,6.5550880068702275,599.3223320567064
58198,Parnassus Central Utility Plant,CA,37.762524,-122.456747,CISO,13.4,0.0,13.4,3,68951.871,0.5874043396033531,0.1645128841628347,0.1645128841628347,0.6369527309474728,58.235678258054655,1.103634409977727,100.9037174836779,0.3179551275597041,29.070183091172943,0.6661420541332818,60.90441637790004
56478,MJMEUC Generating Station #1,MO,39.251076,-91.640071,SWPP,13.3,13.3,0.0,1,86665.0,0.7438544992618532,0.1630453366393905,0.1630453366393905,107.03412069487705,9785.9767492459,111.54421861902722,10198.328559453916,28.0172328631216,2561.575576056832,28.432485734634,2599.5415528808226
65400,Purdue CHP,IN,40.417023,-86.915334,MISO,13.3,13.3,0.0,1,123106.0,1.0566313042881177,0.1521755207066818,0.1521755207066818,48.84659489173776,4465.974390101737,61.77850753887917,5648.320689268951,4.319324847614341,394.90970035331117,7.418257992507719,678.2407307435628
58140,Summit Street Power Plant,OH,41.143056,-81.340833,PJM,13.2,13.2,0.0,2,35515.607,0.3071434118583091,0.1376180807746075,0.1376180807746075,21.84647094486452,1997.391629244756,49.38346994319103,4515.060109091751,4.231756878056914,386.90348599377495,10.660705309731325,974.693056889721
54628,Phelps Dodge Refining,TX,31.764458,-106.391314,EPE,12.6,12.6,0.0,3,56067.76,0.507970573313039,0.2100759296298219,0.2100759296298219,16.490577632211277,1507.7099549450309,16.490577632211277,1507.7099549450309,1.3322841082665635,121.80883275580008,1.3322841082665635,121.80883275580008
2123,Columbia (MO),MO,38.964646,-92.316768,MISO,12.5,12.5,0.0,1,336.0,0.0030684931506849,0.1611610651316259,0.1611610651316259,31.543928589464155,2884.0163281795794,55.01978925359365,5030.380731757133,2.6833327814382897,245.33328287435788,6.395936697119032,584.7713551651685
52085,Taft 26C Cogen,CA,35.1133,-119.4706,CISO,12.4,12.4,0.0,4,54714.0,0.50370083959346,0.2008653384269361,0.2008653384269361,31.787867933231272,2906.31935389543,31.787867933231272,2906.31935389543,5.9567068815611455,544.6132005998761,5.9567068815611455,544.6132005998761
52104,Cymric 36W Cogen,CA,35.3633,-119.6756,CISO,12.4,12.4,0.0,4,59204.0,0.5450360877890705,0.2063057377686398,0.2063057377686398,43.954950814515946,4018.7383601843144,43.954950814515946,4018.7383601843144,11.45020700351892,1046.8760688931582,11.45020700351892,1046.8760688931582
58328,North Chicago Energy Center,IL,42.306389,-87.851944,PJM,12.4,12.4,0.0,2,38206.0,0.351727058476948,0.1488178886935325,0.1488178886935325,3.9210990812936624,358.5004874325634,9.483402607903699,867.0539527226238,0.5869138912003719,53.66069862403399,1.721822576020037,157.4237783789748
10061,"Mars Wrigley Confectionery US, LLC",NJ,40.8625,-74.825,PJM,12.3,0.0,12.3,2,41652.0,0.38656866020715,0.1488923504726794,0.1488923504726794,15.969687210121663,1460.0856877825518,32.70628913775619,2990.289292594851,2.89391289870734,264.5863221675282,7.245901988934372,662.4824675597139
52076,McKittrick Cogen,CA,35.3161,-119.6597,CISO,12.0,12.0,0.0,2,67450.0,0.6416476407914764,0.2063057377686398,0.2063057377686398,29.50241342617097,2697.363513249917,29.50241342617097,2697.363513249917,9.225911078371743,843.5118700225593,9.225911078371743,843.5118700225593
54550,W&T Onshore Treating Facility (OTF),AL,30.43203,-88.18241,SOCO,12.0,0.0,12.0,4,54636.0,0.5197488584474886,0.1697524469562692,0.1697524469562692,21.999019907704643,2011.3389629901385,41.54578917585865,3798.472153221362,5.225236342202482,477.73589414422685,12.026696136438645,1099.5836467601046
56039,H. Gonzales,CA,33.9986,-118.2219,CISO,11.8,11.8,0.0,2,178.36,0.001725485643526,0.1930893382022019,0.1930893382022019,0.3224725228146507,29.483202085910918,0.32629493418422095,29.832679696843055,0.022239484332044878,2.03332428178696,0.023281960160109482,2.128636357495724
62176,Berry NMW Cogens,CA,35.307555,-119.611551,CISO,11.4,11.4,0.0,2,75434.0,0.7553672995273573,0.1947774193917452,0.1947774193917452,25.462124608535255,2327.9656784946515,25.462124608535255,2327.9656784946515,6.592964628623242,602.7853374741248,6.592964628623242,602.7853374741248
62762,NASA Johnson Space Center CHP,TX,29.562372,-95.089302,ERCO,11.2,11.2,0.0,2,82715.0,0.8430671069797782,0.1676752495206271,0.1676752495206271,14.658252618416393,1340.1830965409272,19.886963880045755,1818.236697604183,2.0064184770816738,183.4439750474673,3.0728712491917634,280.9482284975326
61676,NCSU Cates Cogeneration Plant,NC,35.784027,-78.674704,CPLE,11.2,11.2,0.0,2,73652.493,0.7506981103228964,0.1599050601899247,0.1599050601899247,4.641102386543616,424.32936105541626,17.440968095463507,1594.6027972995205,0.43957730750057455,40.189925257195384,1.7954908678699357,164.1591650623941
1332,West 14th Street,KS,37.2354,-97.011,SWPP,11.0,11.0,0.0,1,1318.0,0.0136778746367787,0.1731701809273146,0.1731701809273146,96.34804847332948,8808.964431847266,102.58135894127044,9378.867103201866,19.793141055519943,1809.6586107903945,21.52816832536213,1968.2896754616802
68493,Central Heating Plant,MA,42.390084,-72.537141,ISNE,11.0,11.0,0.0,1,82545.168,0.8566331257783313,0.1457374153524451,0.1457374153524451,23.146438302461082,2116.2457876535846,44.90777372136699,4105.8535973821245,8.020114037243685,733.2675691194225,12.57225848645912,1149.4636330476908
54808,New York University Central Plant,NY,40.7899,-73.9233,NYIS,11.0,0.0,11.0,2,71266.038,0.7395811332503114,0.1509720791750741,0.1509720791750741,0.2922407238007772,26.71915189035677,0.8746372197462025,79.96683151965279,0.04760639614828357,4.352584790700211,0.1417767126167861,12.96244229639187
58161,Western Michigan University Power Plant,MI,42.28,-85.606389,MISO,10.9,0.0,10.9,3,52291.0,0.5476414896736626,0.1464944929141936,0.1464944929141936,17.253669938354566,1577.4783943638458,35.91085983322678,3283.278613323591,1.0164139323629886,92.92927381604466,2.485609866048703,227.2557591815957
57788,US GSA Heating and Transmission,DC,38.885709,-77.028373,PJM,10.8,10.8,0.0,2,44786.98,0.4733952731270083,0.1575845982737344,0.1575845982737344,0.5865663992576836,53.62892793213106,2.995728037914983,273.89513489508414,0.1125873894309772,10.293704176546486,0.17965333436980002,16.425447713810286
50366,University of Notre Dame,IN,41.7094,-86.2367,PJM,10.8,10.8,0.0,2,39285.26,0.4152424742093692,0.1466522360804935,0.1466522360804935,16.011386243244246,1463.8981708109022,26.87537433944817,2457.1770824638324,0.7318180313013518,66.90907714755215,1.5557214274150768,142.23738764937843
10275,Florida's Natural Growers,FL,27.9114,-81.6006,FPC,10.7,10.7,0.0,2,44016.7,0.4696016301796611,0.1786652366464443,0.1786652366464443,58.699381434719015,5366.800588317166,61.0352222734691,5580.363179288603,14.531765551277887,1328.6185646882639,14.881689937564905,1360.6116514345053
10123,Hoffmann LaRoche,NJ,40.8359,-74.155,PJM,10.6,10.6,0.0,2,50285.0,0.5415374343068837,0.1504261941375277,0.1504261941375277,0.5712767537794028,52.231017488402536,1.9633294761883369,179.50440925150505,0.04239401700796055,3.8760244121563923,0.1389967770752805,12.7082767611685
54520,Village Creek Water Reclamation Facility,TX,32.775093,-97.14209,ERCO,10.6,10.6,0.0,2,28078.0,0.3023821831653313,0.1746541816218205,0.1746541816218205,7.245207005048996,662.418926175908,12.779363684301288,1168.398965421832,3.438085280957063,314.33922568750285,6.027595237869538,551.094421748072
58181,Loyola University Health Plant,IL,41.855833,-87.835556,PJM,10.6,10.6,0.0,2,14764.0,0.1589988799862152,0.1519644846598602,0.1519644846598602,1.167572927432356,106.7495247938154,2.0630596637398506,188.62259782764346,0.09069539704162052,8.292150586662446,0.33081232943916755,30.24569869158103
50411,Rutgers Biomedical and Health Cogen,NJ,40.73928,-74.187633,PJM,10.5,10.5,0.0,3,35375.0,0.3845944770602305,0.1504261941375277,0.1504261941375277,0.6783042721273688,62.016390594502276,1.5393893061087314,140.74416512994114,0.020502024618603874,1.8744708222723538,0.056988678600865,5.210393472079085
52061,Hartford Hospital Cogeneration,CT,41.7631,-72.6733,ISNE,10.4,0.0,10.4,2,31431.0,0.3450013171759747,0.147893272793545,0.147893272793545,4.8124159142888985,439.9923121635564,14.033462105463006,1283.0593924994746,0.3836311047277741,35.074843860825055,1.217611767179457,111.32450442783606
10206,Loma Linda University Cogen,CA,34.050391,-117.248417,CISO,10.4,10.4,0.0,2,58812.0,0.6455479452054794,0.1990582354878506,0.1990582354878506,13.563652998948559,1240.1054170467253,13.608131967612648,1244.1720656102991,3.4248805871349113,313.13193939519186,3.4339153776448046,313.9579773846678
56127,Macon Energy Center,MO,39.748975,-92.384476,AECI,10.0,10.0,0.0,1,80702.0,0.921255707762557,0.1566049263996447,0.1566049263996447,80.43882486123557,7354.4068444558225,100.51308689839027,9189.767944995681,21.135154938181774,1932.3570229194763,25.210887933971687,2304.9954682488396
1124,Atlantic,IA,41.409,-95.0,MISO,10.0,10.0,0.0,1,110.0,0.001255707762557,0.1614836402185104,0.1614836402185104,95.3670787191207,8719.27576860532,96.06970742723624,8783.516107633026,21.840216089896135,1996.8197567905036,21.93369142247926,2005.3660729123892
753,Crisp Plant,GA,31.844708,-83.940734,SOCO,10.0,10.0,0.0,2,229.0,0.0026141552511415,0.171079337353304,0.171079337353304,44.37680603293943,4057.3079801544613,74.58949298996508,6819.610787653949,8.567066355034912,783.2746381746205,17.48683703189835,1598.796528630706
54236,Pfizer Groton Plant,CT,41.3315,-72.0786,ISNE,10.0,10.0,0.0,1,59188.338,0.6756659589041096,0.1474467991445155,0.1474467991445155,1.8625568128087586,170.2909085996579,15.071073046329975,1377.9266785215975,0.32837988584035016,30.023303848260582,2.0908590191549066,191.16425317987714
58947,Bristol Myers Squibb Lawrenceville,NJ,40.324722,-74.707778,PJM,9.9,9.9,0.0,2,43909.687,0.5063152875789863,0.1513118587708176,0.1513118587708176,17.553207992951798,1604.864730784164,37.15140606862366,3396.6999834170197,4.907281214642778,448.6657110530539,10.9088145568107,997.3773309084067
7480,Rowesville Rd Plant,SC,33.436637,-80.847389,SCEG,9.6,9.6,0.0,2,1019.0,0.012117104261796,0.1689970531236773,0.1689970531236773,38.74500411779175,3542.4003764838167,65.56165231892561,5994.208212016055,9.434406243984663,862.574285164312,15.152038668976326,1385.3292497349782
54829,Bristol Myers Squibb New Brunswick,NJ,40.475724,-74.446199,PJM,9.5,9.5,0.0,1,56056.0,0.6735880797885124,0.1511752459747932,0.1511752459747932,5.274232706121518,482.21556170253876,13.060137173993354,1194.0696844793922,0.8690773486631912,79.45850044920604,2.6298190222643067,240.44059632130802
58258,Central Utilities Plant LAX 2,CA,33.943889,-118.404167,LDWP,9.2,9.2,0.0,2,39271.54,0.4872883164582092,0.1872196643929611,0.1872196643929611,0.8197334928014667,74.94706219899123,0.8211234605722195,75.07414496660292,0.23594702908528864,21.57229980208353,0.23594702908528864,21.57229980208353
61703,Sikorsky Aircraft CHP,CT,41.250009,-73.09865,ISNE,9.2,9.2,0.0,1,53017.75,0.6578537571967441,0.149466660145887,0.149466660145887,1.1731327985153672,107.25785586426213,13.195659031641753,1206.4602543215315,0.23073464994496562,21.09573942353971,3.7056540768269777,338.8026584527522
56229,Cogeneration 1,AZ,32.229922,-110.952797,TEPC,9.0,0.0,9.0,1,54472.29,0.6909219939117199,0.2030157132657034,0.2030157132657034,15.304935123759135,1399.3083541722635,15.304935123759135,1399.3083541722635,1.013633996821483,92.67510828082128,1.013633996821483,92.67510828082128
10008,Baptist Medical Center,FL,30.314467,-81.662705,JEA,9.0,9.0,0.0,3,19932.22,0.2528186199898529,0.1679428838058684,0.1679428838058684,0.6067209319335993,55.4716280625005,4.9600999899313845,453.4948562222979,0.07332079990721045,6.703615991516383,0.35478927348465344,32.4378764328826
10431,Anheuser-Busch Jacksonville,FL,30.43424,-81.645351,JEA,8.7,8.7,0.0,1,73376.0,0.9627880123865008,0.1622680957479955,0.1622680957479955,5.972344018982114,546.0428817355075,23.226708941222057,2123.5848174831594,1.5463391449624955,141.37957896799958,4.871837036488581,445.4251004789559
57348,CityCenter Central Plant Cogen Units,NV,36.1039,-115.1794,NEVP,8.6,8.6,0.0,2,62224.0,0.8259530636083678,0.2084481424627513,0.2084481424627513,8.19837740384273,749.565934065621,8.19837740384273,749.565934065621,1.160275596635904,106.08234026385406,1.160275596635904,106.08234026385406
10188,Cutrale Citrus Juices USA II,FL,28.05485,-81.798166,TEC,8.2,8.2,0.0,2,33675.0,0.4688022051453391,0.1755224815486891,0.1755224815486891,17.510813975943837,1600.9887063720078,19.355996191618186,1769.6910803765195,3.386308981496521,309.6053925939676,4.243224112165625,387.9519188265714
58330,The Andersons Albion Ethanol LLC,MI,42.256111,-84.788333,MISO,8.1,8.1,0.0,1,60916.8,0.858515136140707,0.1445882634152513,0.1445882634152513,71.38665975420793,6526.780320384723,87.72017102832415,8020.1299225896355,15.292772905765048,1398.1963799556613,19.606885374239067,1792.6295199304286
56090,Blacksand Generating Facility,CA,33.9328,-117.855,CISO,8.0,8.0,0.0,3,39041.0,0.5570918949771689,0.1945238665925497,0.1945238665925497,3.7605578037717136,343.8224277734138,3.8366585392204295,350.7802093001535,1.189812411764401,108.78284907560236,1.2044070733573053,110.11721813552505
61282,APG Combined Heat and Power Plant,MD,39.3975,-76.2991,PJM,7.9,7.9,0.0,1,53000.0,0.7658516848737067,0.1587937554201918,0.1587937554201918,7.387678701551158,675.4449098561057,27.612404749889844,2524.562719989928,1.034483513382775,94.58134979499656,6.640571024771526,607.1379222648251
59452,East. Michigan Univ. Heating Plant,MI,42.248889,-83.628889,MISO,7.8,7.8,0.0,1,37235.1,0.5449464348436951,0.1466747084871884,0.1466747084871884,24.173624485047405,2210.1599529186196,40.202037833483374,3675.614887632765,3.3585096260814646,307.06373724173386,7.287601022056956,666.2949505880645
61238,New York Presbyterian Hospital- 68th Street,NY,40.764396,-73.95393,NYIS,7.7,7.7,0.0,1,53962.0,0.8000059301429164,0.1509720791750741,0.1509720791750741,0.21718246418012577,19.85668243932578,0.46807164680100705,42.79512199323492,0.049691347804412776,4.543208942117739,0.13169944627882826,12.041092231207154
50389,Port Allen (LA),LA,30.477,-91.211,MISO,7.6,7.6,0.0,2,43430.0,0.6523371785628455,0.166233095291067,0.166233095291067,23.374393016864545,2137.087361541901,24.801889917427673,2267.601363879101,8.49617799872652,776.7934170264245,8.875291708199347,811.4552418925116
61488,NYU LANGONE HEALTH,NY,40.746778,-73.972226,NYIS,7.5,7.5,0.0,1,45866.0,0.6981126331811264,0.1509720791750741,0.1509720791750741,0.35687422514078265,32.62850058430013,0.730428063530599,66.78199437994047,0.04482646060677796,4.098419255476841,0.08930542927086771,8.16506781905076
62492,"DTE Atlantic, LLC",NJ,39.3733,-74.4369,PJM,7.5,7.5,0.0,1,59094.0,0.8994520547945205,0.1599334704187305,0.1599334704187305,0.746065200951568,68.21167551557193,1.9716692828128537,180.26690585717517,0.31760763561701594,29.038412399270026,0.32108255504389793,29.356119318299235
63347,"AOC, Capitol Power Plant",DC,38.882704,-77.007443,PJM,7.5,7.5,0.0,1,54431.681,0.8284882952815829,0.1575845982737344,0.1575845982737344,0.5938637300541358,54.29611246209241,3.3595521019095296,307.1590493174427,0.07575324350602787,6.926010834836833,0.1424716965021625,13.025983680197712
61857,Toray Plastic America's CHP Plant,RI,41.593802,-71.427609,ISNE,7.5,7.5,0.0,1,51789.0,0.7882648401826484,0.1550404445431646,0.1550404445431646,3.648317906283425,333.5604942887702,24.54891578315066,2244.4723001737743,0.38745351609734435,35.424321471757196,3.7504805374337558,342.901077708229
54240,Louisiana Tech University Power Plant,LA,32.5256,-92.6497,MISO,7.5,7.5,0.0,1,42328.0,0.6442617960426179,0.1564293210623108,0.1564293210623108,15.38103585920785,1406.2661356990034,75.32652340040676,6886.996425180046,2.8032175016657193,256.29417158086574,13.305813977473912,1216.5315636547575
50087,Univ of Massachusetts Medical Center,MA,42.279015,-71.759772,ISNE,7.5,7.5,0.0,1,51444.526,0.783021704718417,0.1468963504967718,0.1468963504967718,2.342095693718476,214.1344634256892,18.563019578403708,1697.1903614540531,0.3179551275597041,29.070183091172943,2.333060903208583,213.3084254362133
58138,Otter Creek Ethanol Poet - Ashton,IA,43.275,-95.809722,MISO,7.5,7.5,0.0,1,43275.0,0.658675799086758,0.1593444143119755,0.1593444143119755,112.61310383473612,10296.055207747302,112.86121308181549,10318.739481765986,27.74236673645523,2536.444958761621,27.78858316483276,2540.670460784709
58597,HTW Plant 303 COGEN,UT,40.763056,-111.841667,PACE,7.4,7.4,0.0,1,45697.0,0.7049395285696656,0.1707509414519789,0.1707509414519789,1.1779976857130021,107.70264555090304,1.3545235925986083,123.84215703758703,0.22308982720582518,20.39678420167544,0.24776175513668747,22.652503326782853
58254,Chatham,MI,42.934444,-85.3475,MISO,7.300000000000001,7.300000000000001,0.0,2,42.0,0.0006567836367048,0.1454602260606392,0.1454602260606392,44.33962439507179,4053.9085161208486,72.28979131325457,6609.3523486404165,3.988860010117862,364.69577235363306,12.276195351288772,1122.3950035464018
550,Kettle Falls Generating Station,WA,48.620336,-118.111059,AVA,7.2,7.2,0.0,1,37056.0,0.5875190258751902,0.1340146869838903,0.1340146869838903,10.015412772159335,915.6948820259962,15.854319885149181,1449.5378180707821,2.270859845467395,207.62147158559037,4.349556646628215,397.6737505488653
54225,Gillette SBMC,MA,42.3436,-71.0559,ISNE,7.2,7.2,0.0,1,54626.39,0.866095731861999,0.1509560966702412,0.1509560966702412,0.5900413186845657,53.94663485116028,1.8761089985735984,171.5299655838718,0.1143248491444182,10.452557636061092,0.18208577796861744,16.647842557130737
61927,Georgia-Pacific Taylorsville Plywood,MS,31.837173,-89.4635,SOCO,7.2,7.2,0.0,1,54552.0,0.8649162861491628,0.1590508864601549,0.1590508864601549,24.250767696324186,2217.213046521068,76.70224400150934,7012.776594423711,5.683925706550907,519.6732074560829,20.515576804368713,1875.7098792565678
52077,Lost Hills Cogeneration Plant,CA,35.666111,-119.766944,CISO,7.0,7.0,0.0,2,9216.0,0.150293542074364,0.1908267201369607,0.1908267201369607,109.33799227489983,9996.61643656227,109.33799227489983,9996.61643656227,25.684171959913016,2348.2671506206184,25.684171959913016,2348.2671506206184
58195,East Campus Steam Plant,PA,40.809167,-77.8475,PJM,7.0,7.0,0.0,1,45239.216,0.7377562948467058,0.1363153918642898,0.1363153918642898,28.99125277847663,2650.62882546072,43.63803816278431,3989.763489168851,6.398021648775161,584.961979316586,9.196721755185933,840.8431319027138
54800,Saint Agnes Medical Center,CA,36.8347,-119.7667,CISO,7.0,7.0,0.0,2,24964.0,0.4071102413568167,0.1870090457028143,0.1870090457028143,29.644190138787756,2710.3259555463087,29.644885122673134,2710.3894969301145,2.5589306659559137,233.95937517311208,2.5589306659559137,233.95937517311208
50621,Central Power Plant,RI,41.744973,-71.458415,ISNE,7.0,7.0,0.0,2,19044.0,0.3105675146771037,0.1528226022502862,0.1528226022502862,3.021789933616598,276.2779367878032,14.514738446086165,1327.0618007850205,0.514635567121226,47.05239470822637,2.506111890667307,229.13023000386806
52081,Cymric 31X Cogen,CA,35.3639,-119.6592,CISO,6.8,6.8,0.0,2,20220.0,0.3394439967767929,0.2063057377686398,0.2063057377686398,41.55725640996736,3799.520586054158,41.55725640996736,3799.520586054158,9.360042968249388,855.7753570970868,9.360042968249388,855.7753570970868
50750,Coalinga Cogeneration Facility,CA,36.170317,-120.364084,CISO,6.8,6.8,0.0,2,35916.0,0.6029411764705882,0.1973889645915588,0.1973889645915588,60.86634118932264,5564.922623023784,60.86634118932264,5564.922623023784,21.701219312820854,1984.1114800293349,21.701219312820854,1984.1114800293349
52082,Cymric 6Z Cogen,CA,35.346102,-119.643431,CISO,6.8,6.8,0.0,2,33298.0,0.5589914047810906,0.2063057377686398,0.2063057377686398,35.479969824293406,3243.882955363968,35.479969824293406,3243.882955363968,6.241997766508159,570.6969386521745,6.241997766508159,570.6969386521745
54630,American Gypsum Cogeneration,CO,39.648565,-106.949394,PSCO,6.4,6.4,0.0,2,23041.0,0.4109767408675799,0.1737954902640909,0.1737954902640909,6.788602592356699,620.6722370154695,6.884162876595954,629.4091772887729,3.04263945017789,278.1841783019785,3.065226426452623,280.2492732756684
63501,Montclair State University Cogen,NJ,40.865207,-74.196651,PJM,6.4,6.4,0.0,1,44419.723,0.7923038491723744,0.1504261941375277,0.1504261941375277,0.37946120141551576,34.69359555799001,2.854646309183573,260.9962339824981,0.15324394672549674,14.010875129188271,0.8715097922620086,79.6808952925265
56163,Kennecott Power Plant,UT,40.7119,-112.1225,PACE,6.4,6.4,0.0,1,43067.0,0.768175656392694,0.1730749262896886,0.1730749262896886,36.85430045762524,3369.536041840022,36.88696470023793,3372.5224868788964,9.824987187566201,898.2845428631954,9.824987187566201,898.2845428631954
60742,Argonne National Laboratory CHP,IL,41.716534,-87.970608,PJM,6.3,6.3,0.0,1,47854.0,0.867108791766326,0.1472016301328464,0.1472016301328464,3.802951820779674,347.69845218557015,12.764769022708384,1167.0645963619093,0.6439025698012368,58.871092096113074,2.5123667456356946,229.7021024581206
50200,B Braun Medical,CA,33.688721,-117.834793,CISO,6.1,6.1,0.0,2,32911.34,0.6159020136237742,0.1931018754495271,0.1931018754495271,3.852990660526775,352.2734318195908,3.8623729429793565,353.1312405009697,0.9288459628055619,84.9230594565085,0.9288459628055619,84.9230594565085
58194,West Campus Steam Plant,PA,40.792778,-77.864722,PJM,6.1,6.1,0.0,1,29868.539,0.5589591099633207,0.1363153918642898,0.1363153918642898,27.552983627690164,2519.129931674529,41.81718038309813,3823.2850635975433,7.5044359942943935,686.1198623354873,10.547422936414971,964.3358113293687
54449,Dome Project,CA,35.220833,-119.583056,CISO,6.0,6.0,0.0,2,47543.0,0.904547184170472,0.1947774193917452,0.1947774193917452,22.333307156570694,2041.9023686007488,22.333307156570694,2041.9023686007488,7.021074702015105,641.9268298985238,7.021074702015105,641.9268298985238
10548,San Jose Cogeneration,CA,37.336113,-121.878332,CISO,6.0,6.0,0.0,1,34636.0,0.6589802130898021,0.1906197454907435,0.1906197454907435,0.9795797864380392,89.561580474335,1.0157189484776121,92.86573243223881,0.1977229153895865,18.077523692762192,0.1991128831603393,18.204606460373874
50537,SRI International Cogen Project,CA,37.455314,-122.172797,CISO,6.0,6.0,0.0,1,25354.0,0.4823820395738204,0.1899504261419824,0.1899504261419824,3.965230558015064,362.53536530423435,4.492723327015754,410.7632756128689,0.8179960330880257,74.78820873947663,0.8280732994259835,75.70955880466134
54333,Bucknell University,PA,40.955015,-76.878843,PJM,5.9,0.0,5.9,2,43186.181,0.835581243711787,0.1415986468764515,0.1415986468764515,50.927029152612015,4656.185522524526,62.51623293320622,5715.769868178853,11.06344847130695,1011.5152888052068,13.557050652037482,1239.5017739005696
50203,US Gypsum Oakfield,NY,43.0647,-78.2972,NYIS,5.8,5.8,0.0,1,1293.6,0.0254605573925366,0.1310722119744784,0.1310722119744784,66.84841498270002,6111.855084132572,76.05764644782273,6953.8419609437915,20.90442028823681,1911.2612834959366,22.848637707577296,2089.018304692781
54228,Erving Paper Mills,MA,42.5983,-72.3875,ISNE,5.6,5.6,0.0,1,38957.066,0.7941345808871494,0.1457374153524451,0.1457374153524451,4.549364513673931,415.94189839304505,26.076837855150686,2384.1680324709196,0.46841913874369523,42.82689268513784,4.13028923079196,377.626443958122
61675,NCSU CCUP Cogeneration Plant,NC,35.775583,-78.673723,CPLE,5.6,5.6,0.0,1,27307.606,0.5566618966079583,0.1599050601899247,0.1599050601899247,4.7599446309429805,435.1949376862153,18.643290217164683,1704.529391283628,0.9368382774873905,85.65378537027568,2.8087773727487306,256.80250265131247
60536,UA Central Utility Plant,AR,36.066336,-94.172254,SWPP,5.6,5.6,0.0,1,33403.0,0.6809156881930855,0.1621146252061511,0.1621146252061511,33.630617705306804,3074.799333056622,49.58049787469524,4533.074091400707,4.662994378932972,426.33091464530025,7.660459876561396,700.3849029998989
63485,ECP Uptown Campus,PA,40.43727,-79.98741,PJM,5.6,5.6,0.0,1,28202.44,0.5749029680365296,0.1393396138790007,0.1393396138790007,0.1963329476188337,17.950440925150506,1.300314849539249,118.88592910073132,0.021544500446668474,1.9697828979811174,0.1146723410871064,10.484328327964013
59496,BYUI Central Energy Facility,ID,43.816944,-111.785833,PACE,5.6,5.6,0.0,1,39684.0,0.8089530332681018,0.1583199681441607,0.1583199681441607,84.03362900834502,7683.0746521915435,84.03362900834502,7683.0746521915435,20.34773819605031,1860.364635067457,20.34773819605031,1860.364635067457
63483,ACM - Midtown Thermal,NJ,39.359831,-74.434228,PJM,5.5,5.5,0.0,1,46501.967,0.9651715857202158,0.1599334704187305,0.1599334704187305,0.5879563670284365,53.75601069974275,0.7540575156333966,68.94240142933911,0.30579290956561705,27.958208874570698,0.3092678289924991,28.275915793599914
57653,Oregon State University Energy Center,OR,44.564333,-123.289089,BPAT,5.5,0.0,5.5,1,45937.0,0.9534454130344542,0.136602350932792,0.136602350932792,46.59554208700359,4260.163847954613,48.687443581986564,4451.423413210199,6.667327904358517,609.5842655413501,7.046441613831345,644.2460904074371
58400,Central Energy Facility,SC,34.679444,-82.840278,DUK,5.5,5.5,0.0,1,2.0,4.1511000415110007e-05,0.1647428454480075,0.1647428454480075,12.524652090310836,1145.1110482569904,32.728528622088234,2992.322616876638,1.7659540527414386,161.4586562506458,5.430604080331209,496.5123730588533
59233,Cogeneration 2,AZ,32.240833,-110.948333,TEPC,5.5,0.0,5.5,1,36974.46,0.7674234122042342,0.2030157132657034,0.2030157132657034,15.62254275937615,1428.3467665715336,15.62254275937615,1428.3467665715336,0.9622051893036292,87.97304587918894,0.9622051893036292,87.97304587918894
58166,Smith College Central Heating Plant,MA,42.3125,-72.639444,ISNE,5.3,5.3,0.0,1,14161.0,0.30500990781425,0.1462592596984383,0.1462592596984383,16.33768117742847,1493.7308505077456,38.94620195260821,3560.7956070956075,4.49932567392683,411.3669187590244,7.824476073510227,715.3806695780778
50963,Naval Hospital Medical Center,CA,32.7261,-117.1464,CISO,5.3,5.3,0.0,1,15350.72,0.3306349616610666,0.1857752533042608,0.1857752533042608,2.2197785298922295,202.95117987586096,2.2281183365167463,203.71367648153105,0.26722130392722676,24.431662073346445,0.27104371529679694,24.781139684278575
58507,Montefieor Medical Center Moses Division,NY,40.881389,-73.880278,NYIS,5.3,5.3,0.0,1,30652.806,0.6602224088911863,0.1470807053555978,0.1470807053555978,0.6637096105344643,60.68202153457958,3.740403271095798,341.9797276430443,0.08131311458903909,7.434341905283572,0.8732472519754496,79.8397487520411
10108,Hampton Facility,NH,42.9383,-70.8406,ISNE,5.0,5.0,0.0,1,23440.18,0.5351639269406393,0.1506237529745911,0.1506237529745911,5.62728451989273,514.4945846759067,25.339459952766322,2316.7506242529207,1.0921671758690163,99.85528465088149,5.999448390511794,548.5209957039353
55278,Beaver Creek Gas Plant,WY,42.8475,-108.3136,WACM,5.0,5.0,0.0,2,4489.0,0.1024885844748858,0.1824149716393334,0.1824149716393334,20.892258070242722,1910.1493092793344,20.892258070242722,1910.1493092793344,0.3749438061605691,34.280576563252026,0.3749438061605691,34.280576563252026
55036,University of Tennessee Steam Plant,TN,35.949209,-83.926065,TVA,5.0,5.0,0.0,1,35418.56,0.8086429223744291,0.1583469050783364,0.1583469050783364,6.060954464367605,554.1444081707524,12.803688120289463,1170.6229138550364,0.5719717376647792,52.29455887220837,1.63043219509304,149.0680864085065
59381,"The Methodist Hospital, Gas Turbine",TX,29.709444,-95.400278,ERCO,5.0,5.0,0.0,1,0.0,0.0,0.1623211525489946,0.1623211525489946,4.046543672604103,369.96970720951794,6.548833151901841,598.7504596024539,0.03961408146645494,3.6218588769330227,0.05351375917398299,4.892686553049873
10122,CIP II/AR Bridgewater Holdings - NJCOE,NJ,40.624,-74.634,PJM,5.0,5.0,0.0,1,26470.508,0.6043494977168951,0.1464764289399665,0.1464764289399665,17.540698283015022,1603.720985875659,42.20949878639311,3859.1541747559413,3.161829186519943,289.08152562468047,9.315563999585299,851.7087085335129
58179,MTSU Power Co-Gen Plant,TN,35.851389,-86.365,TVA,5.0,5.0,0.0,1,37435.0,0.8546803652968037,0.1542621143448774,0.1542621143448774,34.41073711664181,3146.1245363786797,56.88512600194392,5200.925805892015,4.1622584895192745,380.5493476131908,8.293590196139299,758.2711036470215
54447,Welport Lease Project,CA,35.354444,-119.6617,CISO,5.0,5.0,0.0,1,35383.0,0.8078310502283105,0.2063057377686398,0.2063057377686398,40.28508840778586,3683.2080829975635,40.28508840778586,3683.2080829975635,8.32416948709586,761.0669245344785,8.32416948709586,761.0669245344785
58139,Central Energy Plant USU,UT,41.748611,-111.811667,PACE,5.0,5.0,0.0,1,29016.0,0.6624657534246575,0.1665132407589339,0.1665132407589339,36.35113212461273,3323.5320799645924,36.355649519867676,3323.9450989593297,5.138015864587743,469.76145047659355,5.139058340415808,469.85676255230237
58136,Adkins Energy LLC,IL,42.362222,-89.803611,PJM,5.0,5.0,0.0,1,29803.0,0.6804337899543379,0.1511578199806414,0.1511578199806414,97.81064206010413,8942.687274066662,106.19319019357161,9709.09167484083,22.68184157508696,2073.768372579379,24.74837615825369,2262.7086773260517
54918,Ergon Refining Vicksburg,MS,32.388271,-90.908344,MISO,4.8,4.8,0.0,1,31835.0,0.7571109208523592,0.1647923352855617,0.1647923352855617,19.377888184007542,1771.6926339664037,23.87686636599168,2183.027782033525,4.594538466223397,420.0720883404248,4.928478223146758,450.6037232591321
10175,Childrens Hospital,CA,32.7992,-117.1517,CISO,4.8,4.8,0.0,1,26329.0,0.6261653348554034,0.1857752533042608,0.1857752533042608,10.269429382264411,938.9192578070317,10.279506648602368,939.8406078722163,0.8753322036315788,80.03037290345863,0.8767221714023317,80.15745567107031
54975,New Mexico State University,NM,32.164818,-106.451281,EPE,4.7,4.7,0.0,1,31356.0,0.7615855435733022,0.2107980886180007,0.2107980886180007,114.54585401996789,10472.763796111349,114.54585401996789,10472.763796111349,29.952068000009504,2738.4747885722973,29.952068000009504,2738.4747885722973
54262,Saint Marys Hospital Power Plant,MN,44.09785,-92.479815,MISO,4.7,4.7,0.0,1,37268.42,0.90518847760614,0.1505049666922427,0.1505049666922427,59.163630670150454,5409.246232699469,66.79698617518217,6107.15302173094,11.396345752402247,1041.9516116482052,13.879175682909445,1268.9532052945776
54933,Mondelez Global LLC,IL,42.3156,-89.0356,PJM,4.7,4.7,0.0,1,,,0.1539297376616198,0.1539297376616198,30.98446656173615,2832.865514215876,39.48029706851998,3609.627160550398,0.9535178907364241,87.1787785816159,2.440088421556549,223.09379854231304
59373,Broshco Fabricated Products,OH,40.776111,-82.568611,PJM,4.7,4.7,0.0,4,2505.0,0.0608423200233168,0.1413987674137632,0.1413987674137632,40.86018757293483,3735.7885780968977,72.9250065844886,6667.429173438957,6.332345671607091,578.957318546934,14.133539784957208,1292.209351767516
61822,"Princeton Energy Center, LLC",NJ,40.339838,-74.62393,PJM,4.6,4.6,0.0,1,24558.0,0.6094401429422275,0.1540807887997818,0.1540807887997818,19.533564574331855,1785.9259039389121,38.071217240919324,3480.797004884052,2.943951738454441,269.16130180154886,6.329218244122897,578.6713823198077
58664,Frito Lay Incorporated,CT,41.862778,-71.891667,ISNE,4.6,4.6,0.0,1,24122.7,0.5986375818939845,0.1483002339022323,0.1483002339022323,9.737071726066086,890.2465578117562,49.81574991989515,4554.582849818984,2.2805896198626647,208.51105095887218,10.875802822255322,994.3591151776293
58169,CSUF Trigeneration,CA,33.880638,-117.88656,CISO,4.6,4.6,0.0,1,30048.0,0.7456819535437761,0.1951881172192323,0.1951881172192323,2.350435500342993,214.89696003135933,2.3636401941651446,216.10424632367034,0.3096153209351873,28.307686485502835,0.3127427484193811,28.593622712629124
59458,W Plant,CA,32.903333,-117.195556,CISO,4.6,4.6,0.0,1,30096.0,0.7468731387730793,0.1882828226859617,0.1882828226859617,10.77781009441725,985.3997800610056,10.802134530405423,987.62372849421,2.1064961565758757,192.59393431550862,2.113793487372328,193.26111884546998
56374,Robert Mueller Energy Center,TX,30.304994,-97.707675,ERCO,4.6,4.6,0.0,1,32162.0,0.7981437363510026,0.167910256525166,0.167910256525166,11.947815465448423,1092.3716996981414,18.496648617350264,1691.1221593005953,0.41177795208551843,37.64826990496168,1.1842525406813897,108.27451800515561
66018,Norton Powerhouse 2,MA,42.299,-71.804,ISNE,4.6,4.6,0.0,1,28601.0,0.7097726821520747,0.1468963504967718,0.1468963504967718,2.2378481109120156,204.60325585481283,17.31691347192382,1583.2606602901776,0.32073506310120975,29.324348626396315,2.939086851256806,268.71651211490797
57798,OBP Cogen,NY,40.754865,-73.983248,NYIS,4.6,4.6,0.0,1,-397062.0,-9.853633114949377,0.1509720791750741,0.1509720791750741,0.38745351609734435,35.424321471757196,0.6136707707873633,56.107041900558926,0.045868936434842564,4.193731331185606,0.10841748611871878,9.91245587371143
63478,Ross Hall Central Utility Plant,DC,38.900216,-77.050788,PJM,4.6,4.6,0.0,1,11.0,0.0002729799483819,0.1575845982737344,0.1575845982737344,0.4295000411626167,39.268575192010665,3.34982232751426,306.26946994416085,0.13482687376302208,12.327028458333446,0.38050367724358036,34.78890763369877
58100,Kern Oil & Refining Co,CA,35.295556,-118.918333,CISO,4.5,4.5,0.0,1,35292.0,0.8952815829528158,0.1916153936204125,0.1916153936204125,87.9863498564233,8044.466272587272,87.9863498564233,8044.466272587272,26.157455985854348,2391.538832992397,26.157455985854348,2391.538832992397
56928,Fairfield University CHP Plant,CT,41.1589,-73.2572,ISNE,4.5,4.5,0.0,1,26109.0,0.6623287671232877,0.1497905851981978,0.1497905851981978,1.0650628043393366,97.37717068245362,12.379400458267169,1131.8308990415696,0.3725113625617517,34.05818171993158,2.7795880495629217,254.1337645314671
55037,Opryland USA,TN,36.211389,-86.694444,TVA,4.5,4.5,0.0,1,24369.0,0.6181887366818873,0.153701965124208,0.153701965124208,11.406075526797517,1042.8411910214872,22.258943880835417,2035.1034405335236,4.53198991653952,414.3533637978989,8.14833856409563,744.9909544316004
10115,Grossmont Hospital,CA,32.77973,-117.006397,CISO,4.5,4.5,0.0,1,25492.0,0.6466768138001014,0.1964272487265511,0.1964272487265511,3.14306462161478,287.3659082619227,3.149319476583168,287.9377807161753,0.23698950491335324,21.667611877792293,0.23698950491335324,21.667611877792293
50064,University of California Santa Cruz,CA,36.9997,-122.0622,CISO,4.4,4.4,0.0,1,32276.0,0.8373806558738066,0.1832579446882936,0.1832579446882936,6.690262372575938,611.6811312069428,10.960938348213931,1002.142934693845,2.7010548705153883,246.95358816140688,5.050100403087629,461.72346542515453
58152,Danbury Hospital Cogen Plant,CT,41.405278,-73.4475,ISNE,4.3,4.3,0.0,1,28095.0,0.7458585536795158,0.1459869455147988,0.1459869455147988,1.804873150322517,165.01697374377298,22.744390124770835,2079.4870971219048,0.21683497223743756,19.82491174742286,2.592289892453981,237.0093615957925
54790,CSL Behring LLC,IL,41.1603,-87.8542,PJM,4.2,4.2,0.0,1,9097.0,0.2472548380082626,0.1513123718422094,0.1513123718422094,81.38852034060243,7441.2361454265065,83.22223532216806,7608.890086598221,12.150055776092955,1110.8622423856414,12.410674733109106,1134.6902613128325
60276,West Groton CHP,MA,42.61343,-71.633767,ISNE,4.1,4.1,0.0,1,21969.0,0.6116772469094554,0.149851516215455,0.149851516215455,7.955480535903678,727.3582204254791,44.28263571647092,4048.698122648769,2.147847697755772,196.37464665195625,11.677466734037003,1067.6541013976687
56518,South Energy Center,FL,29.6383,-82.34,GVL,4.1,4.1,0.0,1,14304.0,0.3982626127631139,0.1636125426667132,0.1636125426667132,5.002146514996657,457.3391099425514,29.36550160075182,2684.845860640166,1.120661515169449,102.46048138692103,5.885818525252752,538.1319794516801
59453,Albany Medical Ctr Cogen Plant,NY,42.655,-73.7777,NYIS,4.1,4.1,0.0,1,28801.0,0.8018988751531351,0.1424888566926521,0.1424888566926521,9.647071312909842,882.0179486088998,27.204449209173898,2487.263927695899,0.8242508880564133,75.36008119372921,2.6670006601319445,243.8400603549206
10020,Cutrale Citrus Juices USA I,FL,28.811828,-81.865273,FPC,4.1,4.1,0.0,1,10873.0,0.3027341574785611,0.1829385296335074,0.1829385296335074,16.984016190828523,1552.824337447179,23.285782571479054,2128.985835106656,1.556068919357765,142.26915834128135,2.791055283671632,255.18219736426346
50326,Nalco,IL,41.800909,-88.197156,PJM,4.0,0.0,4.0,1,20322.0,0.5799657534246575,0.1506511762805725,0.1506511762805725,10.847655974897577,991.7856891334926,15.228139404425042,1392.2870312617179,2.9922531184881005,273.5774279760549,4.467703907142203,408.47578579585854
57179,HSCo CHP,CT,41.7614,-72.6686,ISNE,4.0,4.0,0.0,1,27334.0,0.7800799086757991,0.147893272793545,0.147893272793545,4.822840672569544,440.945432920644,13.811414754085245,1262.757920373508,0.41143046014283025,37.61649921305876,1.454253780150122,132.96034561372542
50054,Rice University,TX,29.721048,-95.39536,ERCO,3.8,3.8,0.0,1,17683.12,0.5312160538332131,0.1623211525489946,0.1623211525489946,3.159049250978437,288.82736008945704,5.435816459471532,496.9889334373971,0.0038224113695702134,0.34947761093213375,0.01389967770752805,1.27082767611685
58153,Eastern Maine Medical Center,ME,44.808333,-68.750833,ISNE,3.8,3.8,0.0,1,31101.173,0.9343058459504926,0.1448003908735754,0.1448003908735754,11.798741422035183,1078.742072871788,59.59417318714113,5448.610119967188,2.501594495412361,228.7172110091301,9.572708037174568,875.2190205416747
56190,Central Michigan University,MI,43.590456,-84.779,MISO,3.8,3.8,0.0,1,22552.74,0.6775036049026677,0.1422927036890546,0.1422927036890546,73.23392692153841,6695.673318540654,81.21790179674252,7425.636735702173,12.619169898722028,1153.7526764545853,13.676587880322224,1250.4308919151745
54330,Westhollow Technology Center,TX,29.726017,-95.638249,ERCO,3.7,3.7,0.0,1,17426.36,0.5376514871035419,0.1624029588367502,0.1624029588367502,9.231123457512066,843.9884304011031,15.106169732541483,1381.1355184037925,2.5825601180587117,236.11978222251074,3.303953391079417,302.0757386129753
63492,DCO Burlington,NJ,40.108316,-74.826404,PJM,3.5,3.5,0.0,1,16847.0,0.5494781474233529,0.1553118853694629,0.1553118853694629,14.940416075879211,1365.9808983660992,24.26570984985978,2218.579186272894,2.1874617792222266,199.99650552888926,4.256428805987777,389.15920511888237
59794,Chicago West Side Energy Center,IL,41.870751,-87.678378,PJM,3.5,3.5,0.0,1,15192.0,0.4954990215264188,0.1519644846598602,0.1519644846598602,1.171047846859238,107.0672317128446,1.2190017349502098,111.45158719544774,0.30892033704981087,28.24414510169699,0.3123952564766929,28.561852020726207
59448,Waxdale,WI,42.709444,-87.885278,MISO,3.5,3.5,0.0,1,17915.377,0.5843241030658839,0.1493376890266989,0.1493376890266989,54.85090816944719,5014.940175492314,61.39244399055257,5613.023450564806,13.312763816327678,1217.1669774928162,14.487981566499174,1324.6154575084959
61956,MCRD Parris Island PV Hybrid,SC,32.329402,-80.694722,SCEG,3.5,3.5,0.0,1,22393.0,0.7303652968036529,0.1744245056768633,0.1744245056768633,5.286742416058293,483.35930661104385,16.668493506867637,1523.9765491993267,0.3662565075933641,33.486309265679,2.162442359348676,197.70901571187895
10042,Kaweah Delta District Hospital,CA,36.3275,-119.2947,CISO,3.5,3.5,0.0,1,21250.66,0.6931069797782127,0.1853205195435305,0.1853205195435305,81.14006360158037,7418.5201007159185,81.14006360158037,7418.5201007159185,7.8505379692118415,717.7634714707968,7.8505379692118415,717.7634714707968
57573,CCCSD Wastewater Treatment Plnt,CA,37.9978,-122.0697,CISO,3.5,3.5,0.0,1,18613.14,0.6070821917808219,0.1932044615490191,0.1932044615490191,6.56030038601055,599.7988924352502,6.778177834076053,619.7191162583819,1.8215527635715507,166.5419669551132,1.8330199976802615,167.5903997879096
55184,Aera San Ardo Cogen Facility,CA,35.953293,-120.859952,CISO,3.2,3.2,0.0,1,17238.0,0.6149400684931506,0.1945315329454609,0.1945315329454609,28.762950572130478,2629.7554808805007,28.82897404124124,2635.7919123420556,6.483504666676458,592.7775695247046,6.491149489415599,593.476524746569
54604,Warner Lambert,MI,42.299332,-83.705318,MISO,3.0,3.0,0.0,1,23206.0,0.8830289193302892,0.1466747084871884,0.1466747084871884,25.625098329656023,2342.866132997122,44.03174653385004,4025.75968309486,2.7045297899422702,247.2712950804361,6.735088833182716,615.7795504624197
58265,NCAH Central Utility Plant,IA,42.046111,-93.579444,MISO,3.0,3.0,0.0,1,13705.3,0.5215106544901065,0.1548159360990852,0.1548159360990852,84.44853438791472,7721.00885832363,87.94048091998846,8040.272541256087,16.888455906589268,1544.0873971738758,17.930236750768493,1639.3359314988334
58585,Sierra Nevada Brewing Co Hybrid,CA,39.724167,-121.815278,CISO,2.0,2.0,0.0,1,7413.601,0.4231507420091324,0.17325702570759,0.17325702570759,66.52455249211462,6082.24479927905,66.6458271801128,6093.33277075317,11.678509209865066,1067.7494134733772,11.68372158900539,1068.2259738519213
59727,Bull Street Plant,SC,33.489767,-80.870272,SCEG,2.0,2.0,0.0,1,37.0,0.0021118721461187,0.1689970531236773,0.1689970531236773,33.221619688762786,3037.4052286868828,59.09239482189937,5402.73324085937,3.3574671502534,306.9684251660251,5.842034540474039,534.1288722719121
59728,Substation 20 Plant,SC,33.440183,-80.8417,SCEG,2.0,2.0,0.0,1,751.0,0.0428652968036529,0.1689970531236773,0.1689970531236773,39.327053121794485,3595.61628542121,65.45497229252034,5984.4546096018585,9.449000905577568,863.9086542242347,15.212154775061384,1390.8255794341835
62757,Bridgewater Complex Co-Generation Plant,MA,41.931838,-70.958393,ISNE,1.5,1.5,0.0,1,1117.2,0.0850228310502283,0.1469463265515087,0.1469463265515087,12.011753982903052,1098.217507008279,43.69016195418754,3994.5290929542884,3.101365588492196,283.55342523357217,12.67094619818257,1158.4865095481205
10302,Juniata Locomotive Shop,PA,40.533299,-78.384125,PJM,1.5,1.5,0.0,1,0.0,0.0,0.1402782491082779,0.1402782491082779,6.177711757110841,564.819360650134,21.954888430983242,2007.3040851184676,0.9000041315624412,82.28609202856605,3.949245928651407,361.0739134767
50610,Saint Johns Health Center,CA,34.030318,-118.47844,CISO,1.2,1.2,0.0,1,,,0.1872196643929611,0.1872196643929611,0.7498876123211382,68.56115312650405,0.865254937293621,79.10902283827392,0.20502024618603873,18.74470822272354,0.23386207742915943,21.381675650666
58185,Amherst College Co Gen,MA,42.371667,-72.512222,ISNE,1.2,1.2,0.0,1,6944.0,0.6605783866057838,0.1467159086364081,0.1467159086364081,20.37310510786655,1862.68389557637,42.689037667302834,3902.997729581973,5.397939837718518,493.5259280199787,10.674952479381542,975.9956552577409
64241,Maryland Bioenergy Center (Jessup),MD,39.1578,-76.78042,PJM,1.1,1.1,0.0,1,1863.0,0.1933374844333748,0.1610104308052045,0.1610104308052045,3.8019093449516097,347.6031401098614,21.693574490081716,1983.4125248074708,0.8391930415920059,76.72622094555481,5.8048529026064015,530.7294082382995
62901,Phoenix Contact - CCHP Plant,PA,40.229379,-76.75007,PJM,1.0,1.0,0.0,1,4684.0,0.534703196347032,0.1467307856838756,0.1467307856838756,22.143924047805623,2024.5873415136566,33.104514904076865,3026.6985055155988,4.913883561553853,449.2693541992094,6.566555240978938,600.3707648895029
63535,Solar BESS Hybrid,GA,33.979348,-84.556128,SOCO,1.0,1.0,0.0,1,127.0,0.0144977168949771,0.1582400364165795,0.1582400364165795,2.370590033018909,216.73966016172878,16.971506480891748,1551.6805925386739,0.400658209919496,36.6316077640682,2.7674258315688345,253.02179031486483
58168,Energy Center,CA,34.063056,-117.163889,CISO,0.8999999999999999,0.8999999999999999,0.0,3,1486.0,0.1884830035514967,0.1990582354878506,0.1990582354878506,16.143085689523076,1475.9392630421096,16.307449378414596,1490.9668003121915,3.9416011059122664,360.37495825483575,4.050713575916362,370.35095551235304
62736,Harbec Energy,NY,43.22731,-77.364092,NYIS,0.5,0.5,0.0,1,582.0,0.1328767123287671,0.1413272737596255,0.1413272737596255,36.22047515416197,3311.586299809094,61.36290717542408,5610.322941753057,11.040861495032217,1009.4501938315169,20.667778275266144,1889.6254423100472
