plant_code,name,state,lat,lon,ba,nameplate_MW_total,nameplate_MW_peaker,nameplate_MW_ccgt,n_units,cf_ac,cf_dc
56407,West County Energy Center,FL,26.6986,-80.3747,FPL,4263.0,0.0,4263.0,12,0.2244003843991698,0.17261568030705368
710,Jack McDonough,GA,33.8239,-84.4758,SOCO,2764.8,0.0,2764.8,9,0.21088152668008908,0.1622165589846839
612,Fort Myers,FL,26.6967,-81.7831,FPL,2556.9,835.4,1721.5,12,0.2347028757639963,0.18054067366461252
6043,Martin,FL,27.0536,-80.5628,FPL,2448.5,0.0,2448.5,11,0.23063613926044627,0.1774124148157279
55380,Union Power Station,AR,33.296146,-92.589364,MISO,2428.0,0.0,2428.0,12,0.19647489066954968,0.15113453128426899
620,Sanford,FL,28.8419,-81.3256,FPL,2377.8,0.0,2377.8,10,0.22481124261316668,0.1729317250870513
7873,H L Culbreath Bayside Power Station,FL,27.9072,-82.4231,TEC,2293.7,279.6,2014.1,13,0.23391805055955323,0.1799369619688871
7277,Lincoln Combustion,NC,35.4317,-81.0347,DUK,2290.0,2290.0,0.0,17,0.2169777636477095,0.1669059720366996
7302,Hines Energy Complex,FL,27.788215,-81.869983,FPC,2266.3,0.0,2266.3,12,0.22983308654873855,0.1767946819605681
7805,Sherwood H Smith Jr Energy Complex,NC,34.8392,-79.7406,CPLE,2244.8,997.0,1247.8,11,0.20847500988738396,0.16036539222106458
62949,Guernsey Power Station,OH,39.9364,-81.5354,PJM,2055.0,0.0,2055.0,3,0.17886197389518407,0.1375861337655262
7710,H Allen Franklin Combined Cycle,AL,32.6078,-85.0975,SOCO,1995.7,0.0,1995.7,9,0.21229565131616204,0.16330434716627848
628,Crystal River,FL,28.9656,-82.6977,FPC,1970.6,0.0,1970.6,6,0.23594672232389663,0.18149747871068972
55480,Forney Energy Center,TX,32.7563,-96.4916,ERCO,1894.2,0.0,1894.2,8,0.22385326923127882,0.17219482248559909
1378,Paradise,KY,37.2608,-86.9783,TVA,1853.6,693.5999999999999,1160.0,7,0.20083055664696167,0.1544850435745859
3,Barry,AL,31.0069,-88.0103,SOCO,1844.8,0.0,1844.8,8,0.20546252978265692,0.158048099832813
59913,Greensville County Power Station,VA,36.718236,-77.649559,PJM,1773.3,0.0,1773.3,4,0.20204379661082097,0.1554183050852469
2406,PSEG Linden Generating Station,NJ,40.6217,-74.2072,PJM,1740.0,384.4,1355.6,10,0.19481652331099308,0.1498588640853793
55091,Midlothian Energy Facility,TX,32.4302,-97.0537,ERCO,1734.0,0.0,1734.0,6,0.22528631512376535,0.1732971654798195
55199,Elwood Energy LLC,IL,41.4388,-88.1236,PJM,1728.0,1728.0,0.0,9,0.1978908679317843,0.152223744562911
60345,Okeechobee Clean Energy Center,FL,27.634167,-80.791111,FPL,1723.1,0.0,1723.1,4,0.22871920454329647,0.17593784964868958
7845,Lagoon Creek,TN,35.6578,-89.3964,TVA,1625.2,1020.8,604.4000000000001,15,0.20998209678234464,0.1615246898325728
58001,Temple Power Station,TX,31.055833,-97.317222,ERCO,1606.4,0.0,1606.4,6,0.22421871738125954,0.17247593644712272
7242,Polk,FL,27.7286,-81.9897,TEC,1591.6,0.0,1591.6,7,0.22920065630719544,0.1763081971593811
60357,Lackawanna Energy Center,PA,41.471389,-75.544167,PJM,1498.5,0.0,1498.5,3,0.17613798160988522,0.1354907550845271
55939,Warren County,VA,38.971667,-78.177222,PJM,1472.2,0.0,1472.2,4,0.19559961059609504,0.1504612389200731
58260,Brunswick County Power Station,VA,36.765,-77.713889,PJM,1472.2,0.0,1472.2,4,0.20204379661082097,0.1554183050852469
10745,Midland Cogeneration Venture,MI,43.5861,-84.2242,MISO,1468.6,0.0,1468.6,14,0.18718497415928412,0.1439884416609878
55322,Chuck Lenzie Generating Station,NV,36.383719,-114.921779,NEVP,1465.6,0.0,1465.6,6,0.2676994675528917,0.20592266734837822
55524,York Energy Center,PA,39.7375,-76.306666,PJM,1449.4,0.0,1449.4,7,0.20011043520277327,0.15393110400213328
65978,Dania Beach 7,FL,26.0686,-80.1984,FPL,1447.7,0.0,1447.7,3,0.2302630985202548,0.177125460400196
55358,Cottonwood Energy Company LP,TX,30.2588,-93.7353,MISO,1433.6,0.0,1433.6,8,0.20709057912980908,0.1593004454844685
55463,Redbud Power Plant,OK,35.6856,-97.2264,SWPP,1433.6,0.0,1433.6,8,0.2270391013700082,0.174645462592314
55736,Hanging Rock Energy Facility,OH,38.5731,-82.7833,PJM,1429.8000000000002,0.0,1429.8000000000002,6,0.1855587190346651,0.1427374761805116
3406,Johnsonville,TN,36.0278,-87.9861,TVA,1426.0,1426.0,0.0,20,0.1947782052192543,0.1498293886301956
2398,Bergen Generating Station,NJ,40.8375,-74.0244,PJM,1400.8,0.0,1400.8,8,0.19626370292759635,0.1509720791750741
260,Dynegy Moss Landing Power Plant Hybrid,CA,36.804837,-121.782241,CISO,1398.0,0.0,1398.0,6,0.22938845384685982,0.17645265680527678
55173,Acadia Energy Center,LA,30.428611,-92.413056,MISO,1389.1999999999998,0.0,1389.1999999999998,6,0.21370215035012038,0.1643862695000926
56150,McIntosh Combined Cycle Facility,GA,32.3478,-81.1817,SOCO,1376.6,0.0,1376.6,6,0.21382510665027812,0.1644808512694447
2322,Clark (NVE),NV,36.0875,-115.0507,NEVP,1375.6,796.8,578.8,19,0.2678131065536317,0.2060100819643321
55501,Kiamichi Energy Facility,OK,34.6831,-95.9349,ERCO,1370.0,0.0,1370.0,6,0.21970483251345058,0.1690037173180389
634,P L Bartow,FL,27.859535,-82.601759,FPC,1364.8,110.8,1254.0,7,0.23602397652101073,0.1815569050161621
617,Port Everglades,FL,26.0856,-80.1253,FPL,1352.0,0.0,1352.0,4,0.2302630985202548,0.177125460400196
55298,Fairless Energy Center,PA,40.1475,-74.7411,PJM,1338.0,0.0,1338.0,6,0.19670541640206288,0.1513118587708176
8068,Santan,AZ,33.3325,-111.7503,SRP,1326.0,0.0,1326.0,9,0.26493653721367766,0.2037973363182136
52019,Doswell Energy Center,VA,37.820805,-77.446246,PJM,1313.0,561.0,752.0,9,0.2004083503651394,0.1541602695116457
57185,Cricket Valley Energy,NY,41.676111,-73.581111,NYIS,1312.5,0.0,1312.5,6,0.18901284749736233,0.1453944980748941
645,Big Bend,FL,27.7944,-82.4036,TEC,1311.0,69.9,1241.1,4,0.23602397652101073,0.1815569050161621
7897,E B Harris Electric Generating Plant,AL,32.381352,-86.574366,SOCO,1304.0,0.0,1304.0,6,0.21617811295136788,0.16629085611643682
63931,CPV Three Rivers Energy Center,IL,41.372222,-88.284444,PJM,1300.0,0.0,1300.0,2,0.19655158399639908,0.1511935261510762
619,Riviera,FL,26.7653,-80.0525,FPL,1295.0,0.0,1295.0,4,0.2264022480038423,0.17415557538757098
609,Cape Canaveral,FL,28.4698,-80.7644,FPL,1295.0,0.0,1295.0,4,0.22850940169688683,0.17577646284375908
62926,"Jackson Generation, LLC",IL,41.438536,-88.110626,PJM,1288.6,0.0,1288.6,2,0.1978908679317843,0.152223744562911
55230,Jack County,TX,33.101,-97.9574,ERCO,1280.0,0.0,1280.0,6,0.2310190476789125,0.1777069597530096
400,Haynes,CA,33.764741,-118.09913,LDWP,1279.1,649.2,629.9000000000001,9,0.25060259832386783,0.1927712294798983
55372,Harquahala Generating Project,AZ,33.47596,-113.113434,HGMA,1277.1,0.0,1277.1,6,0.2687304295827328,0.20671571506364061
62192,Blue Water Energy Center,MI,42.773716,-82.479331,MISO,1267.4,0.0,1267.4,3,0.18732032891414402,0.1440925607031877
55131,Kendall County Generation Facility,IL,41.4797,-88.2581,PJM,1256.0,0.0,1256.0,8,0.19946018469551072,0.153430911304239
56237,Lake Side Power Plant,UT,40.331667,-111.754167,PACE,1246.5,0.0,1246.5,6,0.22398262997871035,0.1722943307528541
55965,Wansley Combined Cycle,GA,33.406385,-85.036988,SOCO,1239.0,0.0,1239.0,6,0.20220578690770422,0.15554291300592632
55502,"Lawrenceburg Power, LLC",IN,39.0911,-84.8669,PJM,1232.0,0.0,1232.0,6,0.19084259264054676,0.1468019943388821
59812,Wolf Hollow II,TX,32.337679,-97.734612,ERCO,1231.2,0.0,1231.2,3,0.23058158343453455,0.1773704487957958
60122,Colorado Bend II,TX,29.289415,-96.065399,ERCO,1230.3,0.0,1230.3,3,0.2161888294030561,0.16629909954081237
4040,Port Washington Generating Station,WI,43.3842,-87.8689,MISO,1229.6,0.0,1229.6,6,0.18625874357190517,0.1432759565937732
6042,Manatee,FL,27.6058,-82.3456,FPL,1224.6,0.0,1224.6,5,0.23357568039371113,0.1796736003028547
621,Turkey Point,FL,25.4356,-80.3308,FPL,1224.0,0.0,1224.0,5,0.2356236547504207,0.1812489651926313
55405,Athens Generating Plant,NY,42.2728,-73.8492,NYIS,1221.6,0.0,1221.6,6,0.18336086567583343,0.1410468197506411
613,Lauderdale,FL,26.0686,-80.1984,FPL,1215.9,1215.9,0.0,7,0.2302630985202548,0.177125460400196
55225,Oneta Energy Center,OK,36.0119,-95.6967,SWPP,1214.0,0.0,1214.0,6,0.2164798856643267,0.166522988972559
60356,South Field Energy,OH,40.63534,-80.678245,PJM,1210.4,0.0,1210.4,4,0.1795415077209303,0.13810885209302332
117,West Phoenix,AZ,33.4417,-112.1583,AZPS,1207.4,106.2,1101.2,10,0.26634486431934035,0.20488066486103101
60589,CPV Fairview Energy Center,PA,40.412,-78.855,PJM,1197.0,0.0,1197.0,3,0.17366941595068858,0.1335918584236066
60368,Hummel Station LLC,PA,40.839014,-76.825517,PJM,1194.4,0.0,1194.4,4,0.18548335282113626,0.1426795021701048
6071,Trimble County,KY,38.5847,-85.4117,LGEE,1194.0,1194.0,0.0,6,0.1993742023742348,0.1533647710571037
7826,Rowan,NC,35.7314,-80.6019,DUK,1192.0,598.2,593.8,6,0.21819244507398822,0.16784034236460632
55382,Thomas A Smith Energy Facility,GA,34.7094,-84.9175,SOCO,1192.0,0.0,1192.0,6,0.20386670901578954,0.15682054539676119
3469,T H Wharton,TX,29.9417,-95.5306,ERCO,1189.9,526.3,663.6,17,0.20825496387049483,0.16019612605422678
136,Seminole (FL),FL,29.733056,-81.632778,SEC,1183.2,0.0,1183.2,3,0.2220778888267666,0.17082914525135892
55297,New Covert Generating Facility,MI,42.32238,-86.29368,PJM,1176.0,0.0,1176.0,6,0.18906163455678215,0.1454320265821401
55464,Deer Park Energy Center,TX,29.713414,-95.134508,ERCO,1176.0,0.0,1176.0,6,0.21445196458562255,0.16496304968124811
55460,Indeck Niles Energy Center,MI,41.862114,-86.221394,PJM,1174.4,0.0,1174.4,3,0.19064790690464153,0.1466522360804935
3393,Allen,TN,35.074087,-90.14868,TVA,1170.9,0.0,1170.9,3,0.20907255964787985,0.1608250458829845
47,Colbert,AL,34.7439,-87.8486,TVA,1169.6,1169.6,0.0,11,0.20732858489903755,0.1594835268454135
54547,Sithe Independence Station,NY,43.495,-76.4511,NYIS,1157.8,0.0,1157.8,6,0.17902454837224258,0.1377111910555712
55151,La Paloma Generating Plant,CA,35.2956,-119.5919,CISO,1156.0,0.0,1156.0,4,0.2532106452092689,0.19477741939174528
7834,John S Rainey,SC,34.347734,-82.774478,SC,1154.3,609.7,544.6,8,0.20899071586665458,0.1607620891281958
55690,Bethlehem Power Plant,PA,40.6175,-75.3147,PJM,1153.0,0.0,1153.0,8,0.19152781181039594,0.14732908600799688
55215,Odessa-Ector Power Plant,TX,31.8403,-102.3264,ERCO,1152.8,0.0,1152.8,6,0.2621960889713425,0.201689299208725
55198,Riverside Generating LLC,KY,38.191661,-82.604586,PJM,1150.0,1150.0,0.0,5,0.18397156247659982,0.1415165865204614
6112,Fort St Vrain,CO,40.2461,-104.8742,PSCO,1148.5,280.6,867.9,6,0.2365189407706719,0.18193764674667068
60464,Tenaska Westmoreland Generating Station,PA,40.175249,-79.696665,PJM,1134.0,0.0,1134.0,3,0.17773059005619007,0.1367158385047616
6073,Victor J Daniel Jr,MS,30.5322,-88.5553,SOCO,1132.4,0.0,1132.4,6,0.2182580935132344,0.16789084116402647
55455,Red Hawk,AZ,33.334562,-112.840641,SRP,1127.0,0.0,1127.0,6,0.26692410372745795,0.20532623363650612
55841,Silverhawk,NV,36.4078,-114.9606,NEVP,1120.3,455.6,664.7,5,0.2676994675528917,0.20592266734837822
59220,Wildcat Point Generation Facility,MD,39.719364,-76.161625,PJM,1113.6,0.0,1113.6,3,0.20011043520277327,0.15393110400213328
55097,Lamar Power Project,TX,33.6308,-95.59,ERCO,1112.6,0.0,1112.6,6,0.21355255469205778,0.1642711959169675
59906,Moxie Freedom Generation Plant,PA,41.113056,-76.158056,PJM,1105.0,0.0,1105.0,2,0.18070538039705933,0.1390041387669687
55061,Tenaska Georgia Generation Facility,GA,33.3516,-84.9996,SOCO,1099.1999999999998,1099.1999999999998,0.0,6,0.20344456904175484,0.1564958223398114
7153,Hay Road,DE,39.7436,-75.5072,PJM,1098.2,0.0,1098.2,8,0.19995632126565344,0.1538125548197334
55153,Guadalupe Generating Station,TX,29.6244,-98.1419,ERCO,1088.2,0.0,1088.2,6,0.2214454175067724,0.1703426288513634
55279,Aurora,IL,41.8151,-88.2265,PJM,1086.2,1086.2,0.0,10,0.19584652916474427,0.1506511762805725
55419,Plaquemine Cogeneration Plant,LA,30.3217,-91.2347,MISO,1084.8,0.0,1084.8,7,0.21849128244026553,0.1680702172617427
7757,Chouteau,OK,36.222058,-95.277064,AECI,1069.6,0.0,1069.6,6,0.2194577972272914,0.16881369017483952
55927,Jasper,SC,32.3594,-81.1242,SCEG,1068.2,0.0,1068.2,4,0.21096498659859506,0.1622807589219962
58215,Lee Combined Cycle Plant,NC,35.373611,-78.089444,DUK,1068.0,0.0,1068.0,4,0.21810454100648735,0.1677727238511441
59764,Oregon Clean Energy Center,OH,41.667928,-83.443664,PJM,1060.0,0.0,1060.0,3,0.19230013040865981,0.14792317723743062
54,J K Smith,KY,37.8833,-84.1017,PJM,1055.0,1055.0,0.0,9,0.19580574914998733,0.1506198070384518
358,Mountainview Generating Station,CA,34.0818,-117.2418,CISO,1036.8,0.0,1036.8,6,0.25877570613420586,0.19905823548785068
55226,Freestone Energy Center,TX,31.8907,-96.1131,ERCO,1036.0,0.0,1036.0,6,0.21778006602598754,0.1675231277122981
61028,Hickory Run Energy Station,PA,40.994444,-80.43,PJM,1033.7,0.0,1033.7,3,0.1700356958885884,0.130796689145068
2706,Asheville,NC,35.4731,-82.5417,CPLE,1011.5,423.5,588.0,6,0.2092627034510537,0.16097131034696438
55439,Tenaska Virginia Generating Station,VA,37.8667,-78.3813,PJM,1011.4,0.0,1011.4,4,0.2009407789947055,0.1545698299959273
55451,Magnolia Power Plant,MS,34.835,-89.2026,TVA,1003.5,0.0,1003.5,6,0.20538415613358918,0.1579878124104532
60926,St. Charles Power Station (LA),LA,30.01,-90.460833,MISO,1000.0,0.0,1000.0,3,0.22235447731350894,0.1710419056257761
60925,Montgomery County,TX,30.44083,-95.5275,MISO,1000.0,0.0,1000.0,3,0.20700902856789244,0.15923771428299419
60927,Lake Charles Power,LA,30.27099,-93.28861,MISO,1000.0,0.0,1000.0,3,0.20797933932393387,0.1599841071722568
3405,John Sevier,TN,36.3767,-82.9639,TVA,996.9,0.0,996.9,4,0.19846038604119348,0.15266183541630268
55286,Oleander Power Project LP,FL,28.3661,-80.7947,FPL,994.4,994.4,0.0,5,0.23775938606521335,0.1828918354347795
55144,Hays Energy Project,TX,29.7806,-97.9894,ERCO,989.0,0.0,989.0,4,0.22220655925133878,0.17092812250102982
55166,Broad River Energy Center,SC,35.0786,-81.575,DUK,985.0,985.0,0.0,5,0.21601811045796815,0.1661677772753601
1355,E W Brown,KY,37.78831,-84.71257,LGEE,980.6,980.6,0.0,7,0.2009688199511452,0.15459139996241938
7538,Wayne County Energy Complex,NC,35.375789,-78.098052,CPLE,979.7,979.7,0.0,5,0.2201043910188938,0.1693110700145337
55401,Rolling Hills Generating,OH,39.0839,-82.3328,PJM,977.5,977.5,0.0,5,0.18330653898125338,0.1410050299855795
50006,Linden Cogen Plant,NJ,40.6322,-74.2156,NYIS,974.1,0.0,974.1,9,0.195554052378786,0.1504261941375277
641,Gulf Clean Energy Center,FL,30.5661,-87.2244,FPL,972.4,972.4,0.0,4,0.21633386000427293,0.1664106615417484
55087,Zeeland Generating Station,MI,42.8206,-85.9975,MISO,968.2,377.4,590.8,5,0.1849141680993638,0.1422416677687414
60376,"Clean Energy Future-Lordstown, LLC",OH,41.14889,-80.85162,PJM,962.0,0.0,962.0,3,0.17021915870652368,0.1309378143896336
55518,High Desert Power Plant,CA,34.5953,-117.3647,CISO,960.0,0.0,960.0,4,0.2778907489914876,0.2137621146088366
3264,W S Lee,SC,34.6022,-82.435,DUK,954.7,108.0,846.7,5,0.21474449079056857,0.1651880698388989
55333,Delta Energy Center,CA,38.0169,-121.8439,CISO,943.5,0.0,943.5,4,0.24753895648957785,0.1904145819150599
55137,Rio Nogales Power Project,TX,29.593056,-97.973215,ERCO,940.2,0.0,940.2,4,0.22245154500384584,0.1711165730798814
55062,Tenaska Frontier Generation Station,TX,30.5924,-95.9178,ERCO,939.7,0.0,939.7,4,0.21182775139387633,0.16294442414913562
55132,Tenaska Gateway Generating Station,TX,32.017826,-94.619743,ERCO,939.6,0.0,939.6,4,0.207337999817878,0.1594907690906754
55271,Tenaska Lindsay Hill Generating Station,AL,32.6514,-86.7386,SOCO,939.4,0.0,939.4,4,0.20911349221546158,0.16085653247343198
10554,Formosa Utility Venture Ltd,TX,28.6917,-96.5417,ERCO,933.4,0.0,933.4,13,0.21920270895194163,0.16861746842457048
55327,Baytown Energy Center,TX,29.7731,-94.9019,ERCO,932.9,0.0,932.9,4,0.20975103696974245,0.1613469515151865
55440,Central Alabama Generating Station,AL,32.6497,-86.74,SOCO,927.1,0.0,927.1,4,0.20911349221546158,0.16085653247343198
55299,Channel Energy Center LLC,TX,29.7189,-95.2319,ERCO,923.8,0.0,923.8,4,0.21445196458562255,0.16496304968124811
1396,Coughlin Power Station,LA,30.8439,-92.261111,MISO,922.8,0.0,922.8,5,0.2124861311155107,0.1634508700888544
55503,"Waterford Power, LLC",OH,39.5333,-81.7178,PJM,921.6,0.0,921.6,4,0.18227446195485814,0.1402111245806601
7709,Dahlberg,GA,34.042267,-83.397721,SOCO,919.0,919.0,0.0,10,0.20799671461418406,0.1599974727801416
55187,Channelview Cogeneration Plant,TX,29.836952,-95.121744,ERCO,918.3,0.0,918.3,5,0.20975103696974245,0.1613469515151865
2336,Tracy,NV,39.5625,-119.525,NEVP,913.1,170.0,743.1,7,0.25430356687796657,0.1956181283676666
55146,Green Country Energy LLC,OK,35.9833,-95.9346,SWPP,903.9,0.0,903.9,6,0.22125833572553974,0.1701987197888767
55269,TVA Southaven Combined Cycle,MS,34.9939,-90.0378,TVA,903.9,0.0,903.9,6,0.20847707650063674,0.16036698192356671
55467,Ouachita,LA,32.7061,-92.0683,MISO,903.9,0.0,903.9,6,0.20893615155341813,0.1607201165795524
55292,Decatur Energy Center,AL,34.6292,-87.0214,TVA,902.4,0.0,902.4,4,0.20942344479074612,0.16109495753134317
55293,Morgan Energy Center,AL,34.6397,-87.0639,TVA,900.0,0.0,900.0,4,0.20942344479074612,0.16109495753134317
55706,Choctaw County,MS,33.2881,-89.4201,TVA,899.0,0.0,899.0,4,0.20924802092822226,0.1609600160986325
55976,Hunterstown Power Plant,PA,39.8725,-77.1672,PJM,898.0,0.0,898.0,4,0.1969601560574964,0.1515078123519203
55089,Taft Cogeneration Facility,LA,29.9888,-90.4599,MISO,894.2,0.0,894.2,4,0.22235447731350894,0.1710419056257761
2539,Bethlehem Energy Center,NY,42.594196,-73.763752,NYIS,893.1,0.0,893.1,4,0.18422787418706985,0.1417137493746691
7839,Ladysmith,VA,38.0722,-77.5133,PJM,892.5,892.5,0.0,5,0.19865732705423644,0.1528133285032588
55063,Batesville Generation Facility,MS,34.3356,-89.9275,TVA,891.0,0.0,891.0,6,0.21142222461428953,0.1626324804725304
55317,Fore River Generating Station,MA,42.2422,-70.9661,ISNE,872.2,0.0,872.2,3,0.19624292567131357,0.1509560966702412
58420,Hamilton Liberty,PA,41.7675,-76.39,PJM,870.0,0.0,870.0,2,0.17695104304085757,0.1361161869545058
58426,Hamilton Patriot Generation Plant,PA,41.180833,-76.839167,PJM,870.0,0.0,870.0,2,0.17816744556730574,0.13705188120561979
7380,Midulla Generating Station,FL,27.641667,-81.9625,SEC,853.3,310.0,543.3,8,0.22920065630719544,0.1763081971593811
58697,L V Sutton Combined Cycle,NC,34.283056,-77.985278,CPLE,851.0,121.0,730.0,5,0.20720774050771418,0.1593905696213186
55694,Quantum Choctaw Power LLC,MS,33.3792,-89.2089,TVA,850.5,0.0,850.5,3,0.20719341805215558,0.15937955234781198
56047,CPV Towantic Energy Center,CT,41.481243,-73.123108,ISNE,841.5,0.0,841.5,3,0.1947271112633643,0.1497900855872033
55149,Lake Road Generating Plant,CT,41.872043,-71.895799,ISNE,840.0,0.0,840.0,3,0.19279030407290199,0.1483002339022323
57037,Ratcliffe,MS,32.654722,-88.762222,SOCO,840.0,0.0,840.0,3,0.2049159438869378,0.1576276491437983
55801,Marcus Hook Energy LP,PA,39.807038,-75.421606,PJM,836.0999999999999,0.0,836.0999999999999,4,0.19995632126565344,0.1538125548197334
59773,Carroll County Energy,OH,40.60441,-81.05918,PJM,832.3,0.0,832.3,3,0.18118876000003337,0.1393759692307949
60302,Keys Energy Center,MD,38.695519,-76.827785,PJM,830.6,0.0,830.6,3,0.20696305490876366,0.1592023499298182
57267,Marsh Landing Generating Station,CA,38.016944,-121.765,CISO,828.0,828.0,0.0,4,0.24753895648957785,0.1904145819150599
3456,Newman,TX,31.983587,-106.431777,EPE,824.8,227.8,597.0,7,0.27209566606136204,0.20930435850874002
55620,Perryville Power Station,LA,32.6908,-92.0183,MISO,824.1,186.2,637.9,4,0.20893615155341813,0.1607201165795524
55411,Hillabee Energy Center,AL,33.000669,-85.903278,SOCO,822.8,0.0,822.8,3,0.20692771633782572,0.1591751664137121
55320,Wise County Power LLC,TX,33.0583,-97.9103,ERCO,821.7,0.0,821.7,3,0.2310190476789125,0.1777069597530096
55239,Red Oak Power LLC,NJ,40.448674,-74.348879,PJM,821.0999999999999,0.0,821.0999999999999,4,0.19481652331099308,0.1498588640853793
55047,Pasadena Cogeneration,TX,29.72475,-95.176479,ERCO,815.0,0.0,815.0,5,0.21445196458562255,0.16496304968124811
55234,Audrain Generating Station,MO,39.3092,-91.5369,MISO,814.4,814.4,0.0,8,0.21010947733434868,0.1616226748725759
59004,"Potomac Energy Center, LLC",VA,39.058056,-77.545,PJM,812.0,0.0,812.0,3,0.20092503769505152,0.1545577213038858
6124,McIntosh,GA,32.356287,-81.168347,SOCO,810.4,810.4,0.0,8,0.21382510665027812,0.1644808512694447
1363,Cane Run,KY,38.1831,-85.8892,LGEE,807.0,0.0,807.0,3,0.20076286978487637,0.1544329767575972
55172,Thad Hill Energy Center,TX,31.8594,-97.3586,ERCO,807.0,0.0,807.0,5,0.22403039667913177,0.1723310743685629
116,Ocotillo,AZ,33.4225,-111.9122,AZPS,806.2,806.2,0.0,7,0.26286759437577806,0.20220584182752158
58005,Rayburn Energy Station LLC,TX,33.582573,-96.617893,ERCO,803.2,0.0,803.2,3,0.2242846206375819,0.17252663125967838
55197,Caledonia,MS,33.6464,-88.2717,TVA,801.0,0.0,801.0,6,0.20421989775227742,0.1570922290402134
55123,Magic Valley Generating Station,TX,26.3403,-98.19,ERCO,801.0,0.0,801.0,3,0.22919822831665124,0.1763063294743471
57482,"Sentinel Energy Center, LLC",CA,33.934167,-116.571388,CISO,800.0,800.0,0.0,8,0.2787518969663846,0.21442453612798812
7981,Mill Creek (SC),SC,35.1597,-81.4306,DUK,799.2,799.2,0.0,8,0.21738032210804026,0.1672156323908002
60903,Salem Harbor Power Development LP,MA,42.525486,-70.878239,ISNE,798.2,0.0,798.2,4,0.19743105391063615,0.1518700414697201
55348,Troy Energy LLC,OH,41.47724,-83.45983,PJM,795.6,795.6,0.0,4,0.18702830884799462,0.1438679298830728
55332,Washington County Power LLC,GA,33.092239,-82.979992,SOCO,795.6,795.6,0.0,4,0.21167385429893182,0.1628260417684091
7835,Essential Power Rock Springs LLC,MD,39.71901,-76.15976,PJM,795.6,795.6,0.0,4,0.20011043520277327,0.15393110400213328
55170,Granite Ridge,NH,42.9042,-71.4261,ISNE,790.0,0.0,790.0,3,0.1916881876431331,0.1474524520331793
55139,Wolf Hollow I LP,TX,32.33422,-97.731686,ERCO,788.4000000000001,0.0,788.4000000000001,3,0.23058158343453455,0.1773704487957958
7846,Brandy Branch,FL,30.320556,-81.947222,JEA,783.1,185.0,598.1,4,0.21275814583909342,0.16366011218391802
55402,Renaissance Power Plant,MI,43.1864,-84.8429,MISO,782.0,782.0,0.0,4,0.184443139698171,0.1418793382293623
57794,St Joseph Energy Center,IN,41.698992,-86.479699,PJM,780.0,0.0,780.0,3,0.18466925015703411,0.1420532693515647
55656,"Pastoria Energy Facility, LLC",CA,34.9556,-118.844,CISO,779.0,0.0,779.0,5,0.24896212415652386,0.1915093262742491
55337,Ironwood LLC,PA,40.3509,-76.3658,PJM,777.5999999999999,0.0,777.5999999999999,3,0.1953354868307128,0.150258066792856
56846,CPV St Charles Energy Center,MD,38.5686,-76.8919,PJM,775.3,0.0,775.3,3,0.2022993909508425,0.1556149161160327
57839,Woodbridge Energy Center,NJ,40.515,-74.318889,PJM,772.9,0.0,772.9,3,0.19481652331099308,0.1498588640853793
56940,CPV Valley Energy Center,NY,41.4122,-74.4378,NYIS,770.5,0.0,770.5,3,0.18767942450755887,0.1443687880827376
56963,West Deptford Energy Station,NJ,39.8414,-75.2214,PJM,754.6,0.0,754.6,3,0.2080655032658584,0.16005038712758338
55409,Calhoun Energy Center,AL,33.5883,-85.9731,SOCO,748.0,748.0,0.0,4,0.20445964037081676,0.1572766464390898
55714,Magnet Cove,AR,34.4297,-92.8317,MISO,746.0,0.0,746.0,3,0.20487698162042126,0.1575976781695548
55129,Desert Basin,AZ,32.9042,-111.7889,SRP,745.1,99.0,646.1,5,0.26845428880870714,0.2065032990836209
7082,Harry Allen,NV,36.430554,-114.902405,NEVP,745.0,186.5,558.5,5,0.2676994675528917,0.20592266734837822
56104,Mankato Energy Center,MN,44.1988,-94.003,MISO,740.8,0.0,740.8,3,0.19755152548398813,0.1519627119107601
55701,Fremont Energy Center,OH,41.377116,-83.161388,PJM,739.5,0.0,739.5,3,0.19233737410426083,0.1479518262340468
57029,Cleveland Cnty Generating Facility,NC,35.170547,-81.416648,DUK,736.0,736.0,0.0,4,0.21738032210804026,0.1672156323908002
58079,Newark Energy Center,NJ,40.707222,-74.125833,PJM,735.0,0.0,735.0,3,0.195554052378786,0.1504261941375277
56,Lowman Energy Center,AL,31.488019,-87.910747,SOCO,732.7,0.0,732.7,2,0.20963379361038093,0.16125676431567762
3441,Nueces Bay,TX,27.819412,-97.419203,ERCO,730.2,0.0,730.2,3,0.22977847958814307,0.1767526766062639
4939,Barney M Davis,TX,27.6064,-97.3117,ERCO,730.2,0.0,730.2,3,0.2288375955034571,0.1760289196180439
56502,Emporia Energy Center,KS,38.445883,-96.065247,SWPP,730.2,730.2,0.0,7,0.22062972537348988,0.16971517336422298
55415,Vandolah Power Station,FL,27.523607,-81.923951,FPC,728.0,728.0,0.0,4,0.23087363520821794,0.17759510400632147
55193,Ontelaunee Energy Center,PA,40.4219,-75.9356,PJM,728.0,0.0,728.0,3,0.189820412626103,0.1460157020200792
55640,University Park North,IL,41.4425,-87.7514,PJM,726.0,726.0,0.0,12,0.19233398571374805,0.14794921977980618
56948,Coolidge Generation Station,AZ,32.917399,-111.503327,SRP,726.0,726.0,0.0,12,0.26507335494818696,0.2039025807293746
7916,Talbot County Energy,GA,32.5892,-84.6917,SOCO,726.0,726.0,0.0,6,0.20950508709420732,0.1611577593032364
64020,West Riverside Energy Center,WI,42.582051,-89.041214,MISO,723.2,0.0,723.2,3,0.2025086426386659,0.1557758789528199
10,Greene County,AL,32.6017,-87.7811,SOCO,720.0,720.0,0.0,9,0.2073008077810774,0.159462159831598
55516,Fayette Energy Facility,PA,39.8592,-79.9182,PJM,714.9000000000001,0.0,714.9000000000001,3,0.17764625170101547,0.13665096284693498
55397,Washington Energy Facility,OH,39.58,-81.6564,PJM,714.9000000000001,0.0,714.9000000000001,3,0.18227446195485814,0.1402111245806601
7999,Grays Harbor Energy Facility,WA,46.9692,-123.48,BPAT,714.9000000000001,0.0,714.9000000000001,3,0.14804175018595989,0.11387826937381529
55418,Hot Spring Generating Facility,AR,34.29759,-92.868344,MISO,714.8,0.0,714.8,3,0.20054014108724985,0.15426164699019218
55282,Arlington Valley Energy Facility,AZ,33.3417,-112.8897,DEAA,713.0,0.0,713.0,3,0.2656445477392763,0.2043419597994433
56532,Colusa Generating Station,CA,39.3661,-122.27,CISO,712.4,0.0,712.4,3,0.2336050039809478,0.1796961569084214
55345,Otay Mesa Generating Project,CA,32.581481,-116.914969,CISO,710.7,0.0,710.7,3,0.25996153075578765,0.19997040827368281
8049,Intercession City,FL,28.262778,-81.548611,FPC,708.6,708.6,0.0,7,0.2252543079273651,0.1732725445595116
55177,South Point Energy Center,AZ,34.8678,-114.5317,WALC,708.0,0.0,708.0,3,0.2671859918285372,0.20552768602195168
7238,Cane Island,FL,28.2764,-81.533,FMPP,706.0,32.0,674.0,7,0.2252543079273651,0.1732725445595116
58236,Marshalltown Generating Station,IA,42.043333,-92.872778,MISO,705.9,0.0,705.9,3,0.20132256978517227,0.15486351521936328
7838,Remington,VA,38.5442,-77.7714,PJM,705.5,705.5,0.0,4,0.1999395546669767,0.1537996574361359
55334,Holland Energy Facility,IL,39.223144,-88.758406,MISO,702.1,0.0,702.1,3,0.2060343757354952,0.1584879813349963
55267,Edward L. Addison Generating Plant,GA,32.9111,-84.3064,SOCO,701.2,701.2,0.0,4,0.20885747943366673,0.16065959956435902
62116,AES Huntington Beach Energy Project,CA,33.645618,-117.979372,CISO,699.2,0.0,699.2,3,0.25060259832386783,0.1927712294798983
2723,Dan River,NC,36.4862,-79.7208,DUK,697.9000000000001,0.0,697.9000000000001,3,0.2085344929288863,0.1604111484068356
2720,Buck,NC,35.7133,-80.3767,DUK,697.9000000000001,0.0,697.9000000000001,3,0.21819244507398822,0.16784034236460632
7900,Sand Hill,TX,30.2098,-97.6129,ERCO,696.4,308.4,388.0,8,0.21870315608975185,0.1682331969921168
56798,Kleen Energy Systems Project,CT,41.553227,-72.596867,ISNE,693.0,0.0,693.0,3,0.19486993277807188,0.1498999482908245
55111,Vermillion Energy Facility,IN,39.922328,-87.446358,MISO,692.0,692.0,0.0,8,0.19854145836412096,0.1527241987416315
55672,AL Sandersville LLC,GA,33.1189,-82.8608,SOCO,692.0,692.0,0.0,8,0.22032016598741422,0.16947705075954939
55222,Lincoln Generating Facility,IL,41.393315,-87.943612,PJM,692.0,692.0,0.0,8,0.1978908679317843,0.152223744562911
55110,Madison,OH,39.4522,-84.4647,PJM,692.0,692.0,0.0,8,0.19517098661764018,0.1501315281674155
55236,Lee Energy Facility,IL,41.8287,-89.4054,PJM,692.0,692.0,0.0,8,0.1988829196859427,0.152986861296879
58557,Mesquite Generating Station Block 1,AZ,33.345,-112.864167,SRP,691.6,0.0,691.6,3,0.26692410372745795,0.20532623363650612
55481,Mesquite Generating Station Block 2,AZ,33.345047,-112.864227,SRP,691.6,0.0,691.6,3,0.26692410372745795,0.20532623363650612
408,Valley (CA),CA,34.244991,-118.391327,LDWP,690.5,60.5,630.0,4,0.25604212955974104,0.19695548427672388
7296,State Line Combined Cycle,MO,37.0659,-94.614,SWPP,690.5,123.0,567.5,4,0.217321919449463,0.1671707072688177
55328,Hermiston Power Partnership,OR,45.794046,-119.313323,GRID,689.4,0.0,689.4,3,0.20138449617080265,0.1549111509006174
55687,Higgins Generating Station,NV,35.6139,-115.3561,NEVP,688.4,0.0,688.4,3,0.2725061847968471,0.2096201421514208
55821,Curtis H Stanton Energy Center,FL,28.488246,-81.166944,FPC,688.3,0.0,688.3,3,0.22278902278326446,0.17137617137174188
55347,Armstrong,PA,40.638021,-79.351725,PJM,688.0,688.0,0.0,4,0.17698090105407818,0.1361391546569832
55182,Sunrise Power LLC,CA,35.2097,-119.585,CISO,685.2,0.0,685.2,3,0.2532106452092689,0.19477741939174528
55835,Rocky Mountain Energy Center,CO,40.0908,-104.5953,PSCO,685.0999999999999,0.0,685.0999999999999,3,0.23800560169094578,0.1830812320699583
55496,Goose Creek Energy Center,IL,40.106931,-88.599867,MISO,684.0,684.0,0.0,6,0.205181556214495,0.1578319663188423
56458,Hobbs Generating Station,NM,32.728333,-103.309444,SWPP,681.5,7.2,674.3,4,0.26459717153508233,0.2035362857962172
55340,Dell Power Station,AR,35.8619,-90.0253,AECI,679.1,0.0,679.1,3,0.20910048752217708,0.16084652886321313
55217,Los Medanos Energy Center,CA,38.030071,-121.873004,CISO,678.3,0.0,678.3,3,0.24753895648957785,0.1904145819150599
55350,Dresden Energy Facility,OH,40.0928,-82.0276,PJM,678.3,0.0,678.3,3,0.18122006448448838,0.1394000496034526
62115,AES Alamitos Energy Center,CA,33.767229,-118.100194,CISO,678.0,0.0,678.0,3,0.25060259832386783,0.1927712294798983
55357,Jack Fusco Energy Center,TX,29.4731,-95.6244,MISO,675.6,0.0,675.6,3,0.2142113151538741,0.1647779347337493
55641,Riverside Energy Center,WI,42.583056,-89.035833,MISO,674.9000000000001,0.0,674.9000000000001,3,0.2025086426386659,0.1557758789528199
2847,Tait Electric Generating Station,OH,39.727249,-84.211084,PJM,669.8,669.8,0.0,7,0.19455694033232976,0.1496591848710229
55386,Columbia Energy Center (SC),SC,33.8697,-81.0178,SCEG,668.5,0.0,668.5,3,0.21556975548988033,0.1658228888383695
62565,"Hill Top Energy Center, LLC",PA,39.894212,-79.938201,PJM,664.7,0.0,664.7,1,0.1765673053128109,0.1358210040867776
3403,Gallatin (TN),TN,36.3156,-86.4006,TVA,663.2,663.2,0.0,8,0.19902701511089893,0.15309770393146072
59002,Carlsbad Energy Center,CA,33.140507,-117.333916,CISO,659.0,659.0,0.0,5,0.25381713599557254,0.19524395076582501
3295,Urquhart,SC,33.435,-81.9111,SCEG,658.9,111.1,547.8,8,0.21528520988972427,0.1656040076074802
55178,Dogwood Energy Facility,MO,38.7931,-94.3006,SWPP,655.2,0.0,655.2,3,0.2130264412155152,0.163866493242704
55124,Griffith Energy LLC,AZ,35.054029,-114.133272,GRIF,655.0,0.0,655.0,3,0.26888228727889546,0.2068325286760734
56467,Russell City Energy Center,CA,37.63466,-122.13381,CISO,655.0,0.0,655.0,3,0.23525662937938072,0.180966637984139
56350,Colorado Bend Energy Center,TX,29.2878,-96.0683,ERCO,654.1,74.0,580.1,8,0.2161888294030561,0.16629909954081237
533,McWilliams,AL,31.400255,-86.476449,SOCO,654.0,0.0,654.0,7,0.2111578469700081,0.16242911305385238
56259,Empire Generating Co LLC,NY,42.625239,-73.750021,NYIS,653.7,0.0,653.7,3,0.18523551370044775,0.1424888566926521
55667,Lower Mount Bethel Energy,PA,40.801924,-75.107563,PJM,651.6,0.0,651.6,3,0.1870752711022112,0.1439040546940086
57664,Astoria Energy II,NY,40.781321,-73.896618,NYIS,650.0,0.0,650.0,3,0.19626370292759635,0.1509720791750741
55343,Luna Energy Facility,NM,32.299349,-107.7834,PNM,650.0,0.0,650.0,3,0.2771050196163896,0.21315770739722278
1403,Nine Mile Point,LA,29.9472,-90.1458,MISO,649.5,0.0,649.5,3,0.2244921249022704,0.1726862499248234
55270,Jackson Generating Station,MI,42.2488,-84.3767,MISO,649.0,0.0,649.0,9,0.18921620069012268,0.14555092360778668
55412,Osprey Energy Center Power Plant,FL,28.0525,-81.8083,TEC,644.2,0.0,644.2,3,0.22817922601329585,0.1755224815486891
56964,Bayonne Energy Center,NJ,40.652834,-74.09155,NYIS,644.0,644.0,0.0,10,0.19626370292759635,0.1509720791750741
1912,High Bridge,MN,44.9314,-93.1117,MISO,644.0,0.0,644.0,3,0.19927986729527425,0.15329220561174942
991,Eagle Valley (IN),IN,39.48517,-86.4183,MISO,644.0,0.0,644.0,3,0.19710690054030586,0.1516206927233122
50815,"Odyssey Energy Altura Cogen, LLC",TX,29.8161,-95.10773,ERCO,643.6,0.0,643.6,7,0.20975103696974245,0.1613469515151865
55112,Sutter Energy Center,CA,39.053139,-121.695873,BANC,636.0,0.0,636.0,3,0.2372854418362592,0.1825272629509686
55393,Metcalf Energy Center,CA,37.2207,-121.7457,CISO,635.0,0.0,635.0,3,0.24835071668032108,0.1910390128310162
55183,Nelson Energy Center,IL,41.774444,-89.607222,PJM,627.5,0.0,627.5,4,0.1988829196859427,0.152986861296879
469,Cherokee,CO,39.807275,-104.964548,PSCO,625.6,0.0,625.6,3,0.2379562584393463,0.1830432757225741
56565,J Lamar Stall Unit,LA,32.51947,-93.760125,SWPP,624.0,0.0,624.0,3,0.2136172814663593,0.1643209857433533
55164,Bluegrass Generating Station,KY,38.3902,-85.4133,PJM,624.0,624.0,0.0,3,0.1993742023742348,0.1533647710571037
55400,Elk Hills Power LLC,CA,35.280318,-119.470707,CISO,623.0,0.0,623.0,3,0.2532106452092689,0.19477741939174528
54761,Hermiston Generating Plant,OR,45.8042,-119.37,PACW,621.2,0.0,621.2,4,0.20138449617080265,0.1549111509006174
643,Lansing Smith,FL,30.2686,-85.7003,FPL,619.7,0.0,619.7,3,0.22180778070686577,0.17062136977451212
56476,Gateway Generating Station,CA,38.0175,-121.7587,CISO,619.7,0.0,619.7,3,0.24753895648957785,0.1904145819150599
55364,Sugar Creek Power,IN,39.3931,-87.5108,MISO,619.4,0.0,619.4,3,0.2009118660198251,0.1545475892460193
59338,Gila River Power Block 1,AZ,32.975,-112.694444,SRP,619.0,0.0,619.0,3,0.267301922771116,0.20561686367008922
55306,Gila River Power Block 4,AZ,32.975,-112.6944,SRP,619.0,0.0,619.0,3,0.267301922771116,0.20561686367008922
60768,Gila River Power Block 2,AZ,32.975,-112.694444,SRP,619.0,0.0,619.0,3,0.267301922771116,0.20561686367008922
59784,Gila River Power Block 3,AZ,32.975,-112.6944,TEPC,619.0,0.0,619.0,3,0.267301922771116,0.20561686367008922
56031,Fox Energy Center,WI,44.3204,-88.208889,MISO,618.8,0.0,618.8,3,0.19506942396379295,0.1500534030490715
55168,Bastrop Energy Center,TX,30.1458,-97.55,ERCO,618.7,0.0,618.7,3,0.21870315608975185,0.1682331969921168
55231,Liberty Electric Power Plant,PA,39.8614,-75.3358,PJM,614.0,0.0,614.0,3,0.2080655032658584,0.16005038712758338
3804,Possum Point,VA,38.5367,-77.2806,PJM,613.0,0.0,613.0,3,0.19852988136677396,0.1527152933590569
55188,Cordova Energy,IL,41.712216,-90.279679,PJM,611.2,0.0,611.2,3,0.1972370387717739,0.1517207990552107
55470,Green Power 2,TX,29.378097,-94.932773,ERCO,611.0,0.0,611.0,4,0.21797782437681526,0.16767524952062712
8073,Beaver,OR,46.172401,-123.17392,PGE,610.7,24.5,586.2,8,0.15166817745650518,0.11666782881269629
2411,PSEG Sewaren Generating Station,NJ,40.5558,-74.2469,PJM,609.5,0.0,609.5,2,0.19481652331099308,0.1498588640853793
55154,Lost Pines 1 Power Project,TX,30.1478,-97.2714,ERCO,609.0,0.0,609.0,3,0.2220211845805626,0.17078552660043278
55661,Newington Energy Center,NH,43.1047,-70.8061,ISNE,605.5,0.0,605.5,3,0.19581087886696844,0.1506237529745911
55522,Sundance,AZ,32.9285,-111.5899,WALC,605.0,605.0,0.0,10,0.26507335494818696,0.2039025807293746
2404,PSEG Kearny Generating Station,NJ,40.737283,-74.096464,PJM,605.0,605.0,0.0,10,0.19626370292759635,0.1509720791750741
63688,Topaz Generating,TX,29.426389,-94.976667,ERCO,605.0,605.0,0.0,10,0.21797782437681526,0.16767524952062712
8031,Emery Station,IA,43.094,-93.292222,MISO,602.8,0.0,602.8,3,0.20545845183113304,0.1580449629470254
55514,Apex Generating Station,NV,36.415999,-114.960916,NEVP,600.6,0.0,600.6,3,0.2676994675528917,0.20592266734837822
55218,Hinds Energy Facility,MS,32.378969,-90.219906,MISO,600.4,49.1,551.3,4,0.21108070772682752,0.1623697751744827
165,GREC,OK,36.190278,-95.2894,SWPP,600.3,0.0,600.3,2,0.2194577972272914,0.16881369017483952
55221,Harry L. Oswald,AR,34.5923,-92.2166,MISO,599.5,0.0,599.5,9,0.20599972277478698,0.1584613252113746
58835,Elk Station,TX,33.865,-101.843333,SWPP,599.4000000000001,599.4000000000001,0.0,3,0.2635633335067244,0.2027410257744034
7836,Marsh Run Generation Facility,VA,38.5283,-77.7681,PJM,596.7,596.7,0.0,3,0.1999395546669767,0.1537996574361359
55392,Zion Energy Center,IL,42.4776,-87.895,PJM,596.7,596.7,0.0,3,0.19836166891914347,0.1525858991685719
7872,Robert P Mone Plant,OH,40.9297,-84.7392,PJM,596.7,596.7,0.0,3,0.19006424282270765,0.1462032637097751
55406,Bobby C Smith Jr Energy Facility,GA,32.277252,-81.284411,SOCO,596.6,0.0,596.6,3,0.21382510665027812,0.1644808512694447
55107,Rhode Island State Energy Center,RI,41.8017,-71.5186,ISNE,596.0,0.0,596.0,3,0.1986693829253721,0.1528226022502862
55375,Astoria Energy,NY,40.7825,-73.8964,NYIS,595.0,0.0,595.0,3,0.19626370292759635,0.1509720791750741
10789,Sabine River Operations,TX,30.0552,-93.7579,MISO,594.9,0.0,594.9,4,0.21029297808279643,0.1617638292944588
7946,Wansley Unit 9,GA,33.4083,-85.0403,SOCO,594.1,0.0,594.1,3,0.20220578690770422,0.15554291300592632
55206,Corpus Christi Energy Center,TX,27.8139,-97.4283,ERCO,593.3,0.0,593.3,3,0.22977847958814307,0.1767526766062639
55662,Chehalis Generating Facility,WA,46.6225,-122.9131,BPAT,593.3,0.0,593.3,3,0.14976585658098468,0.1152045050622959
55295,Blythe Energy Inc,CA,33.6157,-114.6865,CISO,591.0,0.0,591.0,3,0.2640368718738643,0.2031052860568187
913,Venice,IL,38.6642,-90.1764,MISO,586.0,586.0,0.0,4,0.20700847422902063,0.1592372878684774
1927,Riverside (MN),MN,45.0203,-93.2753,MISO,585.9,0.0,585.9,3,0.1983066832568492,0.1525436025052686
55192,Osceola Generating Station (FL),FL,28.1289,-81.0978,FPC,580.0,580.0,0.0,3,0.22874977529702287,0.1759613656130945
688,Arvah B Hopkins,FL,30.4522,-84.4,TAL,579.1,121.0,458.1,4,0.21249276014660082,0.1634559693435391
55126,Milford Power Project,CT,41.224355,-73.099728,ISNE,578.0,0.0,578.0,2,0.1943066581896531,0.149466660145887
55212,ANP Blackstone Energy Project,MA,42.059876,-71.515811,ISNE,578.0,0.0,578.0,2,0.1931550724432567,0.1485808249563513
55211,ANP Bellingham Energy Project,MA,42.110577,-71.453468,ISNE,578.0,0.0,578.0,2,0.1931550724432567,0.1485808249563513
55259,Whiting Clean Energy,IN,41.6739,-87.4775,MISO,576.8,0.0,576.8,3,0.19373196459918313,0.14902458815321779
568,Bridgeport Station,CT,41.1706,-73.1844,ISNE,576.3,0.0,576.3,2,0.19472776075765713,0.1497905851981978
7985,Greater Des Moines,IA,41.5563,-93.5283,MISO,576.3,0.0,576.3,3,0.20296069167249475,0.15612360897884212
7512,Arthur Von Rosenberg,TX,29.257046,-98.384045,ERCO,575.0,0.0,575.0,3,0.22253725054994267,0.17118250042303282
4937,Thomas C Ferguson,TX,30.558,-98.3721,ERCO,574.6,0.0,574.6,3,0.22467012427242125,0.1728231725172471
55015,Sweeny Cogen Facility,TX,29.0728,-95.745,ERCO,572.0,572.0,0.0,4,0.21493712319567723,0.1653362486120594
7158,Woodsdale,OH,39.4492,-84.4611,PJM,571.8,571.8,0.0,6,0.19517098661764018,0.1501315281674155
7813,Sewell Creek Energy,GA,33.9486,-85.2769,SOCO,570.0,570.0,0.0,4,0.1995092025543586,0.15346861734950662
55664,Harrison County Power Project,TX,32.3958,-94.4367,SWPP,570.0,0.0,570.0,3,0.2064543668369515,0.1588110514130396
55251,Gleason Generating Facility,TN,36.2454,-88.612,TVA,567.8,567.8,0.0,3,0.2060852855891995,0.1585271427609227
56102,Currant Creek,UT,39.82144,-111.89345,PACE,566.9,0.0,566.9,3,0.2372671111490446,0.182513162422342
7063,McIntosh (AL),AL,31.2546,-88.0299,SOCO,566.0,566.0,0.0,4,0.20487660337093924,0.1575973872084148
55247,"Darby Power, LLC",OH,39.7139,-83.1778,PJM,564.0,564.0,0.0,6,0.19433494084153738,0.14948841603195182
55294,Westbrook Energy Center Power Plant,ME,43.6575,-70.375,ISNE,563.9,0.0,563.9,3,0.19209318219035673,0.1477639863002744
1904,Black Dog,MN,44.8108,-93.2501,MISO,562.8,238.0,324.8,3,0.19495641015068313,0.14996646934667932
55391,RockGen Energy Center,WI,42.9767,-89.0492,MISO,561.0,561.0,0.0,3,0.19642918611138302,0.1510993739318331
55985,Palomar Energy,CA,33.1197,-117.117778,CISO,559.0,0.0,559.0,3,0.25088537386809817,0.19298874912930628
56807,Bear Garden,VA,37.695556,-78.285278,PJM,559.0,0.0,559.0,3,0.20018289196242467,0.15398683997109588
6061,R D Morrow,MS,31.2186,-89.394,MISO,558.0,0.0,558.0,2,0.2071045010413149,0.1593111546471653
55970,Cosumnes,CA,38.338475,-121.123978,BANC,556.8,0.0,556.8,3,0.2325458109309247,0.17888139302378822
55710,Allegheny Energy Units 3 4 & 5,PA,40.545278,-79.768611,PJM,556.0,0.0,556.0,3,0.17828510517300494,0.1371423885946192
55404,Carville Energy LLC,LA,30.2294,-91.065,MISO,555.0,0.0,555.0,3,0.21471560962015307,0.1651658535539639
55283,Front Range Power Plant,CO,38.6281,-104.7069,WACM,554.3,0.0,554.3,3,0.24860230813501458,0.19123254471924198
55457,McClain Energy Facility,OK,35.29774,-97.58985,SWPP,551.3,0.0,551.3,3,0.22900380083740482,0.1761567698749268
55545,Hidalgo Energy Center,TX,26.34172,-98.175759,ERCO,551.3,0.0,551.3,3,0.22919822831665124,0.1763063294743471
55220,Attala,MS,33.0147,-89.6753,MISO,551.3,0.0,551.3,3,0.2080746909922664,0.16005745460943568
56349,Quail Run Energy Center,TX,31.8414,-102.315,ERCO,550.4,0.0,550.4,6,0.2621960889713425,0.201689299208725
55068,Maine Independence Station,ME,44.8242,-68.7094,ISNE,550.2,0.0,550.2,3,0.18824050813564805,0.1448003908735754
404,Scattergood,CA,33.918151,-118.427648,LDWP,549.6,213.8,335.8,4,0.24338556371084946,0.18721966439296112
399,Harbor,CA,33.7706,-118.2656,LDWP,548.1,302.5,245.6,8,0.2502803164669319,0.19252332035917838
7837,Louisa Generation Facility,VA,38.1181,-78.2139,PJM,545.7,545.7,0.0,5,0.19632896188402174,0.1510222783723244
59326,Middletown Energy Center,OH,39.465,-84.347778,PJM,543.9,0.0,543.9,2,0.19367996970392357,0.1489845920799412
59325,Kings Mountain Energy Center,NC,35.2025,-81.363056,DUK,543.9,0.0,543.9,2,0.21628752850278235,0.1663750219252172
55414,Shady Hills Generating Station,FL,28.3665,-82.558611,FPC,541.2,541.2,0.0,3,0.23073960047716008,0.1774920003670462
676,C D McIntosh Jr,FL,28.0801,-81.9229,FMPP,540.6,156.6,384.0,4,0.22913028621599973,0.1762540663199998
55438,MRP Elgin LLC,IL,42.000061,-88.244572,PJM,540.0,540.0,0.0,4,0.19324138518771591,0.1486472193751661
7917,Chattahoochee Energy Facility,GA,33.4072,-85.0386,SOCO,539.7,0.0,539.7,3,0.20220578690770422,0.15554291300592632
57901,El Segundo Energy Center LLC,CA,33.910556,-118.425,CISO,537.4,0.0,537.4,4,0.24338556371084946,0.18721966439296112
55077,Desert Star Energy Center,NV,35.788889,-114.994167,CISO,537.3,0.0,537.3,3,0.2604218844632794,0.2003245265102149
7925,Lakefield Junction,MN,43.798439,-94.841451,MISO,535.8,535.8,0.0,6,0.20262008940452514,0.1558616072342501
56806,Cedar Bayou 4,TX,29.751645,-94.92312,ERCO,535.5,0.0,535.5,3,0.20975103696974245,0.1613469515151865
55098,Frontera Energy Center,TX,26.208,-98.3992,ERCO,529.0,0.0,529.0,3,0.23675135333007458,0.1821164256385189
56196,Zeltmann,NY,40.7889,-73.9069,NYIS,528.0,0.0,528.0,3,0.19626370292759635,0.1509720791750741
50625,ExxonMobil Beaumont Refinery,TX,30.0636,-94.0753,MISO,527.6,527.6,0.0,4,0.21363882234447754,0.1643375556495981
58562,Montana Power Station,TX,31.823889,-106.211944,EPE,527.2,527.2,0.0,4,0.27801688156850535,0.213859139668081
2963,Northeastern,OK,36.4317,-95.7008,SWPP,527.0,0.0,527.0,3,0.2175716388801327,0.1673627991385636
61035,Birdsboro Power,PA,40.268522,-75.799669,PJM,525.0,0.0,525.0,1,0.1892002016555941,0.1455386166581493
61322,Long Ridge Energy Generation,OH,39.70257,-80.84552,PJM,521.9,0.0,521.9,1,0.17783220070820516,0.1367940005447732
55065,Mustang Station,TX,32.9728,-102.7417,SWPP,521.0,0.0,521.0,3,0.2663361947943234,0.20487399599563338
55042,Bridgeport Energy Project,CT,41.1692,-73.1844,ISNE,520.0,0.0,520.0,3,0.19472776075765713,0.1497905851981978
55276,Ceredo Generating Station,WV,38.3681,-82.5339,PJM,519.0,519.0,0.0,6,0.18397156247659982,0.1415165865204614
55313,Ingleside Cogeneration,TX,27.882778,-97.242778,ERCO,517.0,0.0,517.0,3,0.2270614252634679,0.17466263481805222
3236,Manchester Street,RI,41.8167,-71.4042,ISNE,515.0,0.0,515.0,6,0.1986693829253721,0.1528226022502862
2393,Gilbert,NJ,40.565833,-75.163889,PJM,512.0,161.0,351.0,6,0.19152781181039594,0.14732908600799688
55088,Dearborn Industrial Generation,MI,42.3026,-83.154,MISO,509.9,195.3,314.6,3,0.18838537959787,0.1449118304599
6761,Rawhide,CO,40.860905,-105.021207,PSCO,506.7999999999999,506.7999999999999,0.0,5,0.2295789044346062,0.1765991572573894
7604,St Francis Energy Facility,MO,36.5852,-90.1779,AECI,506.6,0.0,506.6,2,0.21076397266194144,0.16212613281687802
55103,Klamath Cogeneration Plant,OR,42.173889,-121.810556,AVRN,501.5,0.0,501.5,3,0.22668776804137428,0.1743752061856725
55224,Wheatland Generating Facility,IN,38.6716,-87.2931,MISO,500.4,500.4,0.0,4,0.2021530759262439,0.15550236609711068
57515,Walnut Creek Energy Park,CA,34.008709,-117.944864,CISO,500.0,500.0,0.0,5,0.25374455238500204,0.19518811721923232
58503,Carty Generating Station,OR,45.698611,-119.813056,PGE,500.0,0.0,500.0,2,0.2076795981317282,0.1597535370244063
54676,Oyster Creek Unit VIII,TX,28.9802,-95.342,ERCO,497.9,0.0,497.9,4,0.2217982779846717,0.170614059988209
55141,Hawk Road Facility,GA,33.358472,-84.991391,SOCO,495.0,495.0,0.0,3,0.20344456904175484,0.1564958223398114
55128,Walton County Energy Facility,GA,33.8148,-83.6954,SOCO,494.1,494.1,0.0,3,0.2081307215243681,0.16010055501874468
55117,RS Cogen,LA,30.221,-93.2826,MISO,493.0,0.0,493.0,3,0.20797933932393387,0.1599841071722568
64383,Braes Bayou Plant,TX,29.480277,-95.620277,ERCO,484.0,484.0,0.0,8,0.2142113151538741,0.1647779347337493
66604,Remy Jade Power Station,TX,29.848372,-95.016398,ERCO,484.0,484.0,0.0,8,0.20975103696974245,0.1613469515151865
63335,HO Clarke Generating,TX,29.64536,-95.45169,ERCO,484.0,484.0,0.0,8,0.2110174983136931,0.16232115254899468
65372,Mark One Power Station,TX,29.227109,-95.430756,ERCO,484.0,484.0,0.0,8,0.21541366242761484,0.16570281725201141
65373,Brotman Power Station,TX,29.364128,-95.435068,ERCO,484.0,484.0,0.0,8,0.21541366242761484,0.16570281725201141
56227,Port Westward,OR,46.17894,-123.172039,PGE,483.0,0.0,483.0,2,0.15166817745650518,0.11666782881269629
55237,Shelby Energy County,IL,39.2794,-88.4772,MISO,483.0,483.0,0.0,8,0.20459437544197195,0.1573802888015169
2079,Hawthorn,MO,39.1306,-94.4778,SWPP,477.2000000000001,164.4,312.8,4,0.21091581051569433,0.1622429311659187
56326,Mustang Station Unit 4,TX,32.974554,-102.743607,SWPP,472.1,472.1,0.0,3,0.2663361947943234,0.20487399599563338
50949,Hardee Power Station,FL,27.6364,-81.9636,TEC,470.1,182.4,287.70000000000005,5,0.22920065630719544,0.1763081971593811
55086,Gregory Power Plant,TX,27.88929,-97.258417,ERCO,469.8,0.0,469.8,3,0.2270614252634679,0.17466263481805222
7843,Pleasant Valley (MN),MN,43.799446,-92.682874,MISO,467.8,467.8,0.0,3,0.19936824650337506,0.1533601896179808
55176,Eastman Cogeneration Facility,TX,32.4481,-94.6903,SWPP,467.7,0.0,467.7,3,0.21694672592992503,0.1668820968691731
147,Kyrene,AZ,33.3556,-111.9353,SRP,465.7,173.7,292.0,5,0.26675505382156167,0.2051961952473551
2953,Mustang,OK,35.46988,-97.67498,SWPP,462.0,462.0,0.0,7,0.23085603393360443,0.1775815645643111
55081,Brownsville Peaking Power,TN,35.5438,-89.198,TVA,460.0,460.0,0.0,4,0.20812464689640706,0.16009588222800542
55417,Raccoon Creek Energy Center,IL,38.6996,-88.5392,MISO,456.0,456.0,0.0,4,0.20529747370277834,0.1579211336175218
1571,Chalk Point Power,MD,38.5444,-76.6861,PJM,456.0,456.0,0.0,4,0.2059708203621293,0.1584390925862533
59926,Alpine Power Plant,MI,45.063748,-84.825348,MISO,453.8,453.8,0.0,2,0.1810646362954983,0.1392804894580756
2070,Moselle,MS,31.528,-89.3004,MISO,451.5,166.5,285.0,6,0.20735006305180026,0.1595000485013848
3006,Anadarko Plant,OK,35.0847,-98.23,SWPP,450.2999999999999,135.0,315.29999999999995,6,0.2356915484518959,0.181301191116843
52088,Texas City Power Plant,TX,29.378697,-94.943829,ERCO,450.0,0.0,450.0,4,0.21797782437681526,0.16767524952062712
3494,Permian Basin,TX,31.5839,-102.9633,ERCO,447.0,447.0,0.0,5,0.2619672841615326,0.2015132955088712
3797,Chesterfield,VA,37.3822,-77.3833,PJM,446.6,0.0,446.6,4,0.2008093545230617,0.154468734248509
56998,Pueblo Airport Generating Station,CO,38.320833,-104.52639,PSCO,440.0,240.0,200.0,9,0.2509740000079373,0.1930569230830287
2880,Richland (OH),OH,41.305203,-84.334622,PJM,435.0,435.0,0.0,5,0.19154904124508984,0.1473454163423768
10725,Selkirk Cogen,NY,42.5744,-73.8592,NYIS,434.0,0.0,434.0,4,0.18422787418706985,0.1417137493746691
3464,Greens Bayou,TX,29.822201,-95.219429,ERCO,432.0,432.0,0.0,6,0.21445196458562255,0.16496304968124811
56803,Panoche Energy Center,CA,36.6514,-120.5833,CISO,432.0,432.0,0.0,4,0.2505917824707839,0.1927629095929107
10308,Sayreville Cogeneration Facility,NJ,40.439,-74.3444,PJM,430.2000000000001,0.0,430.2000000000001,3,0.19481652331099308,0.1498588640853793
55079,Millennium Power,MA,42.112291,-72.015113,ISNE,427.5,0.0,427.5,2,0.192515775792807,0.1480890583021592
60264,Bacliff,TX,29.49233,-94.98483,ERCO,427.2000000000001,427.2000000000001,0.0,6,0.21797782437681526,0.16767524952062712
2869,West Lorain,OH,41.429444,-82.264444,PJM,425.0,425.0,0.0,5,0.18441268356530643,0.1418559104348511
56445,Spindle Hill Energy Center,CO,40.092192,-104.887844,PSCO,420.0,420.0,0.0,2,0.24152403197696906,0.1857877169053608
52120,Freeport Energy,TX,28.991289,-95.407481,ERCO,419.3,0.0,419.3,4,0.21298044050742812,0.163831108082637
55223,Ennis Power Company LLC,TX,32.32,-96.675,ERCO,418.0,0.0,418.0,2,0.22424201825146628,0.1724938601934356
55433,Bayou Cove Peaking Power,LA,30.2825,-92.5997,MISO,416.0,416.0,0.0,4,0.2172923040052536,0.16714792615788737
56400,Treasure Coast Energy Center,FL,27.383889,-80.3775,FMPP,411.4,0.0,411.4,2,0.22582290143431552,0.1737099241802427
55244,Doyle Energy Facility,GA,33.837699,-83.699577,SOCO,409.0,409.0,0.0,5,0.2081307215243681,0.16010055501874468
7929,West Gardner,KS,38.7875,-94.9861,SWPP,408.0,408.0,0.0,4,0.21262870928224312,0.16356054560172548
7237,Angus Anson,SD,43.60347,-96.6356,MISO,405.7000000000001,405.7000000000001,0.0,3,0.20964663412807477,0.1612666416369806
50216,Watson Cogeneration,CA,33.816647,-118.244841,CISO,405.0,0.0,405.0,6,0.2502803164669319,0.19252332035917838
7948,Lawrence County Station,IN,38.8003,-86.4511,MISO,402.0,402.0,0.0,6,0.20136330884917505,0.15489485296090388
55486,Washington Parish Energy Center,LA,30.791389,-89.909166,MISO,399.6,399.6,0.0,2,0.205549375095805,0.15811490391985
10633,Hopewell Cogeneration,VA,37.291667,-77.281111,PJM,399.0,0.0,399.0,4,0.2078037716635088,0.159849055125776
55645,Blue Spruce Energy Center,CO,39.747875,-104.681404,PSCO,397.8,397.8,0.0,2,0.24204732425663608,0.1861902494281816
50707,JM Shafer Generating Station,CO,40.0986,-104.7736,PSCO,396.9,0.0,396.9,7,0.23959254379895706,0.1843019567684285
57555,Pio Pico Energy Center,CA,32.573889,-116.917777,CISO,395.4,395.4,0.0,3,0.25996153075578765,0.19997040827368281
56046,Magnolia Power Project,CA,34.1786,-118.3153,LDWP,387.6,0.0,387.6,2,0.26071656368153173,0.2005512028319475
7764,MPC Generating,GA,33.8119,-83.6953,SOCO,386.1,386.1,0.0,2,0.2081307215243681,0.16010055501874468
10307,Bellingham Cogeneration Facility,MA,42.0925,-71.4833,ISNE,386.1,0.0,386.1,3,0.1931550724432567,0.1485808249563513
55938,NAEA Ocean Peaking Power LLC,NJ,40.0633,-74.1672,PJM,383.0,383.0,0.0,2,0.19907608466648358,0.1531354497434489
55349,Pleasants Energy LLC,WV,39.3325,-81.3642,PJM,382.8,382.8,0.0,2,0.18035111067402157,0.1387316235954012
10692,ExxonMobil Baytown Turbine,TX,29.759124,-95.009648,ERCO,381.8,381.8,0.0,5,0.20975103696974245,0.1613469515151865
7203,South Fond Du Lac,WI,43.7353,-88.496667,MISO,381.6,381.6,0.0,4,0.19315598613758148,0.1485815277981396
7159,Concord,WI,43.1669,-88.69,MISO,381.6,381.6,0.0,4,0.19800116986264538,0.1523085922020349
7270,Paris (WI),WI,42.6658,-88.0131,MISO,381.6,381.6,0.0,4,0.19413899573470855,0.1493376890266989
56799,Greenland Energy Center,FL,30.159131,-81.518415,JEA,380.8,380.8,0.0,2,0.22158982027321336,0.1704537079024718
50043,Houston Chemical Complex Battleground,TX,29.7314,-95.0839,ERCO,380.7000000000001,0.0,380.7000000000001,4,0.20975103696974245,0.1613469515151865
60387,Invenergy Nelson Expansion LLC,IL,41.774417,-89.606528,PJM,380.0,380.0,0.0,2,0.1988829196859427,0.152986861296879
55202,Pinckneyville,IL,38.1114,-89.3467,MISO,380.0,380.0,0.0,8,0.20561887138452975,0.1581683626034844
6223,Empire Energy Center,MO,37.1385,-94.1041,SWPP,379.0,379.0,0.0,4,0.21639939325878366,0.1664610717375259
3443,Victoria,TX,28.7883,-97.01,ERCO,376.9,0.0,376.9,2,0.21400448862276364,0.16461883740212588
1240,Gordon Evans Energy Center,KS,37.7903,-97.521667,SWPP,375.1,375.1,0.0,3,0.229783355480695,0.1767564272928423
55109,MRP Rocky Road LLC,IL,42.0931,-88.2397,PJM,374.0,374.0,0.0,3,0.19324138518771591,0.1486472193751661
7960,Kemper County,MS,32.7976,-88.606,TVA,372.0,372.0,0.0,4,0.20324293469812776,0.1563407189985598
55135,Alliant Energy Neenah,WI,44.1936,-88.5064,MISO,371.0,371.0,0.0,2,0.19511277971391053,0.150086753626085
666,J D Kennedy,FL,30.364818,-81.625967,JEA,370.0,370.0,0.0,2,0.2183257489476289,0.1679428838058684
7212,Darbytown,VA,37.498223,-77.368544,PJM,368.4,368.4,0.0,4,0.2027524940736957,0.1559634569797659
7032,Gravel Neck,VA,37.1575,-76.6911,PJM,367.6,367.6,0.0,4,0.20329839727211885,0.1563833825170145
3482,Jones,TX,33.5239,-101.7392,SWPP,365.4,365.4,0.0,2,0.26019639379054754,0.20015107214657502
57943,Lonesome Creek Station,ND,47.796667,-103.57861,SWPP,363.0,363.0,0.0,6,0.19728351049482462,0.15175654653448048
57349,Garrison Energy Center LLC,DE,39.187195,-75.499396,PJM,361.0,0.0,361.0,2,0.20561962114571386,0.1581689393428568
2493,East River,NY,40.7281,-73.9742,NYIS,360.0,360.0,0.0,2,0.19626370292759635,0.1509720791750741
54538,Hartwell Energy Facility,GA,34.339588,-82.819871,SOCO,360.0,360.0,0.0,2,0.20899071586665458,0.1607620891281958
10761,Las Vegas Generating Station,NV,36.2319,-115.1222,NEVP,358.9,0.0,358.9,8,0.2701582752850595,0.2078140579115842
55165,Calcasieu,LA,30.1608,-93.345,MISO,358.8,358.8,0.0,2,0.20797933932393387,0.1599841071722568
58471,Ector County Energy Center,TX,32.069167,-102.585556,ERCO,358.8,358.8,0.0,2,0.2616275318483003,0.2012519475756156
55718,Dean,MI,42.77412,-82.48203,MISO,357.6,357.6,0.0,4,0.18732032891414402,0.1440925607031877
8063,DeCordova Steam Electric Station,TX,32.403056,-97.700556,ERCO,357.6,357.6,0.0,4,0.23287928225028898,0.1791379094232992
55253,Crete Energy Venture LLC,IL,41.429444,-87.6187,PJM,356.0,356.0,0.0,4,0.1953313049533538,0.1502548499641183
55250,University Park South,IL,41.440893,-87.753189,PJM,353.4,353.4,0.0,6,0.19233398571374805,0.14794921977980618
55284,Big Sandy Peaker Plant,WV,38.3441,-82.5938,PJM,353.4,353.4,0.0,6,0.18397156247659982,0.1415165865204614
2499,Narrows Gas Turbines Generating,NY,40.648611,-74.020833,NYIS,352.0,352.0,0.0,16,0.19626370292759635,0.1509720791750741
56151,South Harper,MO,38.6803,-94.4824,SWPP,351.0,351.0,0.0,3,0.21244555333981627,0.16341965641524328
55517,Wallingford Energy,CT,41.448694,-72.835364,ISNE,350.0,350.0,0.0,7,0.19364376000610473,0.1489567384662344
61144,Astoria Station,SD,44.574965,-96.55942,MISO,349.0,349.0,0.0,1,0.2025995779522871,0.155845829194067
56234,Caithness Long Island Energy Center,NY,40.8142,-72.9403,NYIS,348.9,0.0,348.9,2,0.19165872975008943,0.1474297921154534
56241,Cannon Falls Energy Center,MN,44.536688,-92.915528,MISO,346.8,346.8,0.0,2,0.1929174873134214,0.1483980671641703
56166,Sheboygan Falls,WI,43.751826,-87.878056,MISO,346.8,346.8,0.0,2,0.1927365630846024,0.14825889468046338
55651,Spring Creek Energy Center,OK,35.7422,-97.655,SWPP,346.0,346.0,0.0,4,0.22841368531083858,0.1757028348544912
55972,Cass County,NE,40.947913,-95.964026,SWPP,345.0,345.0,0.0,2,0.21330106883728045,0.1640777452594465
56292,Hamlet Generating Facility,NC,34.842311,-79.736087,CPLE,343.79999999999995,343.79999999999995,0.0,6,0.20847500988738396,0.16036539222106458
56249,Anson County Generation Facility,NC,34.968651,-79.921738,CPLE,343.79999999999995,343.79999999999995,0.0,6,0.2104114822159177,0.1618549863199367
683,Indian River Plant,FL,28.493232,-80.780124,FMPP,342.8,342.8,0.0,4,0.22850940169688683,0.17577646284375908
7759,Georgetown,IN,39.902556,-86.24405,MISO,340.0,340.0,0.0,4,0.19841821456486602,0.1526293958191277
7972,Sumpter,MI,42.167,-83.5318,MISO,340.0,340.0,0.0,4,0.188652675254855,0.1451174425037346
3096,Brunot Island,PA,40.464851,-80.043761,PJM,339.9,0.0,339.9,4,0.18114149804270094,0.1393396138790007
55933,Tracy Combined Cycle Power Plant,CA,37.7107,-121.4906,CISO,336.1,0.0,336.1,3,0.24763875390735496,0.1904913491595038
2292,Sarpy County,NE,41.170594,-95.970603,SWPP,334.9,334.9,0.0,5,0.21483502981572036,0.1652577152428618
56164,Faribault Energy Park,MN,44.3356,-93.290556,MISO,334.5,0.0,334.5,2,0.2023090673817044,0.155622359524388
564,Stanton Energy Center,FL,28.4822,-81.1678,FMPP,333.0,0.0,333.0,2,0.22278902278326446,0.17137617137174188
1556,Perryman,MD,39.442836,-76.221761,PJM,333.0,333.0,0.0,2,0.20643188204624935,0.1587937554201918
8027,Blue Lake,MN,44.7855,-93.4315,MISO,332.6,332.6,0.0,2,0.19819071194730067,0.1524543938056159
990,Harding Street,IN,39.711319,-86.196867,MISO,327.0,327.0,0.0,3,0.19788317523987128,0.1522178271075933
1572,Dickerson Power,MD,39.2097,-77.4644,PJM,326.0,326.0,0.0,2,0.19904031300872913,0.1531079330836378
56610,Deer Creek Station,SD,44.39624,-96.53332,SWPP,324.0,0.0,324.0,2,0.2025995779522871,0.155845829194067
50152,Dow St Charles Operations,LA,29.9861,-90.4414,MISO,323.6,0.0,323.6,4,0.22235447731350894,0.1710419056257761
55040,Mid-Georgia Cogeneration Facility,GA,32.4856,-83.6039,SOCO,323.0,0.0,323.0,3,0.2158696427628584,0.1660535713560449
54914,Brooklyn Navy Yard Cogeneration,NY,40.699357,-73.976392,NYIS,322.0,0.0,322.0,4,0.19626370292759635,0.1509720791750741
141,Agua Fria,AZ,33.5561,-112.2153,SRP,321.9,321.9,0.0,5,0.26634486431934035,0.20488066486103101
7848,Holden,MO,38.7538,-93.9983,AECI,321.29999999999995,321.29999999999995,0.0,3,0.21289457729049527,0.16376505945422712
2494,Gowanus Gas Turbines Generating,NY,40.6635,-74.0051,NYIS,320.0,320.0,0.0,16,0.19626370292759635,0.1509720791750741
55700,Mint Farm Generating Station,WA,46.138824,-122.985506,PSEI,319.0,0.0,319.0,2,0.14928629477499025,0.11483561136537711
57028,Langley Gulch Power Plant,ID,43.904444,-116.819722,IPCO,318.5,0.0,318.5,2,0.2139176036153939,0.1645520027810722
10298,Bayou Cogen Plant,TX,29.6225,-95.0458,ERCO,318.4,318.4,0.0,4,0.21797782437681526,0.16767524952062712
55818,Frederickson Power LP,WA,47.086111,-122.365674,BPAT,318.3,0.0,318.3,2,0.15043048673027754,0.1157157590232904
7721,Theodore Cogen Facility,AL,30.525445,-88.128477,SOCO,317.4,0.0,317.4,2,0.22067818104314998,0.1697524469562692
3250,Darlington County,SC,34.4185,-80.1657,CPLE,316.0,316.0,0.0,2,0.22116623642946834,0.1701278741765141
55238,NRG Rockford I,IL,42.238558,-89.101202,PJM,316.0,316.0,0.0,2,0.20010865896010574,0.1539297376616198
7754,Nodaway,MO,40.2877,-94.7913,AECI,315.6,315.6,0.0,2,0.21347702774940241,0.1642130982687711
55296,Calumet Energy Team LLC,IL,41.6835,-87.5563,PJM,312.8,312.8,0.0,2,0.19373196459918313,0.14902458815321779
6046,DeBary,FL,28.903863,-81.332329,FPC,310.5,310.5,0.0,3,0.22154620107605114,0.1704201546738855
58933,Shell Chemical Appalachia LLC,PA,40.671667,-80.336389,PJM,309.8,0.0,309.8,5,0.17722058373988514,0.1363235259537578
55395,Crossroads Energy Center,MS,34.183,-90.5621,MISO,306.4,306.4,0.0,4,0.2128703286318188,0.1637464066398606
55748,Los Esteros Critical Energy Center,CA,37.425,-121.9319,CISO,306.1,0.0,306.1,5,0.24230589148731432,0.1863891472979341
55051,Westlake Plaquemine,LA,30.2586,-91.185,MISO,306.0,306.0,0.0,3,0.21849128244026553,0.1680702172617427
1016,Butler-Warner Generation Plant,NC,35.0986,-78.8294,CPLE,303.4,57.6,245.8,9,0.21294449196597798,0.1638034553584446
55482,Goldendale Generating Station,WA,45.8114,-120.833,PSEI,302.8,0.0,302.8,2,0.21045380831693739,0.1618875448591826
1391,Louisiana 1,LA,30.4922,-91.1864,MISO,302.4,302.4,0.0,2,0.21610302387838723,0.16623309529106708
55179,Rathdrum Power LLC,ID,47.7858,-116.9203,AVA,301.5,0.0,301.5,2,0.17170208748598736,0.13207852883537488
56078,Walnut Energy Center,CA,37.4878,-120.8956,TIDC,300.6,0.0,300.6,3,0.2451699702648508,0.188592284819116
50489,PPG Powerhouse C,LA,30.22612,-93.295173,MISO,300.6,300.6,0.0,4,0.20797933932393387,0.1599841071722568
54844,Gordonsville Energy LP,VA,38.124688,-78.203543,PJM,300.4,0.0,300.4,4,0.19632896188402174,0.1510222783723244
50134,Sycamore Cogeneration,CA,35.452577,-118.985313,CISO,300.0,300.0,0.0,4,0.2556362283709113,0.19664325259300872
10496,Kern River Cogeneration,CA,35.4515,-118.9849,CISO,300.0,300.0,0.0,4,0.2556362283709113,0.19664325259300872
55127,Manchief Electric Generating Station,CO,40.217143,-103.68504,PSCO,300.0,300.0,0.0,2,0.23464046464056199,0.1804926651081246
7350,Coyote Springs,OR,45.847998,-119.67392,PGE,296.0,0.0,296.0,2,0.2076795981317282,0.1597535370244063
55233,Handsome Lake Energy LLC,PA,41.2908,-79.8061,PJM,294.5,294.5,0.0,5,0.17530472700368993,0.1348497900028384
2511,E F Barrett,NY,40.616689,-73.647881,NYIS,293.2,293.2,0.0,11,0.20097164899466527,0.1545935761497425
55048,Tiverton Power Plant,RI,41.6422,-71.1706,ISNE,290.1,0.0,290.1,2,0.192022950801097,0.14770996215468998
8059,Comanche (OK),OK,34.5431,-98.3244,SWPP,290.0,0.0,290.0,3,0.23255783565366756,0.1788906428105135
55041,Berkshire Power,MA,42.0476,-72.6478,ISNE,289.0,0.0,289.0,1,0.19124476289883668,0.1471113560760282
57978,Lodi Energy Center,CA,38.088056,-121.3875,CISO,288.9,0.0,288.9,2,0.24500342501869818,0.18846417309130628
54832,Brandywine Power Facility,MD,38.6681,-76.8678,PJM,288.8,0.0,288.8,3,0.20696305490876366,0.1592023499298182
7931,Coyote Springs II,OR,45.848039,-119.673965,BPAT,287.0,0.0,287.0,2,0.2076795981317282,0.1597535370244063
55210,Afton Generating Station,NM,32.114185,-106.846483,PNM,287.0,0.0,287.0,2,0.27940157735719284,0.2149242902747637
54574,Saranac Facility,NY,44.7132,-73.4557,NYIS,285.6,0.0,285.6,3,0.18069082415358545,0.1389929416566042
54537,Ferndale Generating Station,WA,48.828996,-122.685114,PSEI,285.5,0.0,285.5,3,0.1527096539637647,0.11746896458751131
55285,Wolf Hills Energy,VA,36.6644,-82.1044,PJM,285.0,285.0,0.0,5,0.19438425443749888,0.14952634956730682
6074,Greenwood (MO),MO,38.8615,-94.2982,SWPP,284.8,284.8,0.0,4,0.2130264412155152,0.163866493242704
1239,Riverton,KS,37.072616,-94.698704,SWPP,283.90000000000003,16.3,267.6,3,0.2135585807950291,0.1642758313807916
55010,LSP-Cottage Grove LP,MN,44.7956,-92.9119,MISO,283.5,0.0,283.5,2,0.19335297767893123,0.148733059753024
55011,Whitewater Generating Station,WI,42.855463,-88.72992,MISO,283.5,0.0,283.5,2,0.19579921056584226,0.1506147773583402
1007,Noblesville,IN,40.0969,-85.9714,MISO,283.0,0.0,283.0,5,0.19814167990483778,0.1524166768498752
54817,Johnson County,TX,32.3994,-97.4078,ERCO,282.6,0.0,282.6,2,0.23316248812292512,0.17935576009455778
1913,Inver Hills,MN,44.781,-93.042,MISO,280.79999999999995,280.79999999999995,0.0,6,0.19335297767893123,0.148733059753024
55241,Hog Bayou Energy Center,AL,30.7478,-88.0575,SOCO,280.0,0.0,280.0,2,0.20628038756642683,0.1586772212049437
7699,Tiger Bay,FL,27.746369,-81.849446,FPC,278.1,0.0,278.1,2,0.22983308654873855,0.1767946819605681
389,El Centro Hybrid,CA,32.802222,-115.54,IID,276.70000000000005,0.0,276.70000000000005,5,0.2661309663079097,0.2047161279291613
55100,Rumford Power LLC,ME,44.5303,-70.5219,ISNE,274.5,0.0,274.5,2,0.1934105486943192,0.1487773451494763
55242,Santa Rosa Energy Center,FL,30.5664,-87.115,FPL,274.5,0.0,274.5,2,0.2159441225088589,0.166110863468353
7953,Evander Andrews Power Complex,ID,43.179176,-115.734315,IPCO,270.9,270.9,0.0,3,0.22091765750929004,0.1699366596225308
689,S O Purdom,FL,30.162304,-84.200673,TAL,270.1,0.0,270.1,2,0.2111556560208193,0.16242742770832252
55204,Kinmundy,IL,38.7619,-89.0128,MISO,270.0,270.0,0.0,2,0.2060249854902169,0.1584807580693976
55201,Gibson City Energy Center LLC,IL,40.4705,-88.3987,MISO,270.0,270.0,0.0,2,0.2037205282683211,0.1567080986679393
2500,Ravenswood,NY,40.759167,-73.946111,NYIS,268.5,0.0,268.5,2,0.19626370292759635,0.1509720791750741
50109,Paris Energy Center,TX,33.6968,-95.5577,ERCO,265.6,0.0,265.6,3,0.21355255469205778,0.1642711959169675
1464,Big Cajun 1,LA,30.6739,-91.3556,MISO,265.6,265.6,0.0,2,0.21114003433665338,0.1624154110281949
422,Glenarm,CA,34.126,-118.1494,CISO,265.6,178.6,87.0,6,0.26071656368153173,0.2005512028319475
6063,Electrifarm,IA,42.4407,-92.4205,MISO,264.1,264.1,0.0,3,0.19754553718203435,0.1519581055246418
3439,Laredo,TX,27.5667,-99.5089,ERCO,263.6,263.6,0.0,2,0.2376707412355808,0.1828236471042929
59882,Exelon West Medway II LLC,MA,42.137218,-71.4447,ISNE,263.6,263.6,0.0,2,0.1957215554499365,0.1505550426537973
6373,Rokeby,NE,40.7316,-96.7364,SWPP,263.20000000000005,263.20000000000005,0.0,3,0.2170246445795969,0.1669420342919976
63259,Delta Energy Park,MI,42.690644,-84.657783,MISO,263.2,58.0,205.2,4,0.18630275334577387,0.1433098102659799
10726,Masspower,MA,42.1575,-72.5225,ISNE,260.9,0.0,260.9,3,0.19073068122733053,0.1467159086364081
56152,Freeport Energy Center,TX,28.988761,-95.395417,ERCO,260.0,0.0,260.0,2,0.21298044050742812,0.163831108082637
6085,R M Schahfer,IN,41.2164,-87.0261,MISO,258.0,258.0,0.0,2,0.19640532665120003,0.1510810205009231
55232,Marshall Energy Facility,KY,37.0286,-88.3958,TVA,258.0,258.0,0.0,3,0.2049433210815006,0.1576487085242312
6034,Belle River,MI,42.7756,-82.495,MISO,255.9,255.9,0.0,3,0.18732032891414402,0.1440925607031877
6035,Greenwood (MI),MI,43.1056,-82.6964,MISO,255.9,255.9,0.0,3,0.1847309493187786,0.1421007302452143
54324,Ocean State Power II,RI,42.0099,-71.6701,ISNE,254.2,0.0,254.2,3,0.19463638349758913,0.1497202949981455
51030,Ocean State Power,RI,42.009722,-71.668909,ISNE,254.2,0.0,254.2,3,0.19463638349758913,0.1497202949981455
2454,Cunningham,NM,32.7131,-103.3533,SWPP,253.8,253.8,0.0,2,0.26459717153508233,0.2035362857962172
341,Long Beach Generation LLC,CA,33.7641,-118.2248,CISO,252.0,252.0,0.0,4,0.2502803164669319,0.19252332035917838
50561,Eagle Point Power Generation,NJ,39.8746,-75.1592,PJM,251.8,0.0,251.8,4,0.2080655032658584,0.16005038712758338
7988,Silver Creek,MS,31.6004,-89.9468,MISO,250.5,250.5,0.0,3,0.20247167925811896,0.15574744558316841
54805,Milford Power LP,MA,42.129361,-71.511496,ISNE,249.3,0.0,249.3,2,0.1957215554499365,0.1505550426537973
7605,River Road Gen Plant,WA,45.6497,-122.7256,BPAT,248.0,0.0,248.0,1,0.15408849060944302,0.11852960816111001
8000,Beatrice,NE,40.330184,-96.808153,SWPP,247.1,0.0,247.1,3,0.21527615692885657,0.16559704379142812
55084,Crockett Cogen Project,CA,38.0569,-122.2161,CISO,247.0,0.0,247.0,1,0.2421748102672275,0.186288315590175
492,South Plant (CO),CO,38.824444,-104.833333,WACM,245.1,245.1,0.0,6,0.24860230813501458,0.19123254471924198
3612,V H Braunig,TX,29.2567,-98.3825,ERCO,244.0,244.0,0.0,4,0.22253725054994267,0.17118250042303282
55064,Black Hawk Station,TX,35.6957,-101.36,SWPP,243.9,243.9,0.0,2,0.25099135717243215,0.1930702747480247
7829,Smarr Energy Center,GA,32.9842,-83.8464,SOCO,242.0,242.0,0.0,2,0.20883945821156472,0.160645737085819
56674,Winchester Power Park,TX,30.02547,-96.9945,ERCO,242.0,242.0,0.0,4,0.21877249026735324,0.1682865309748871
55148,Worthington Generation LLC,IN,39.0708,-87.0128,MISO,242.0,242.0,0.0,4,0.19829008613970034,0.1525308354920772
2399,PSEG Burlington Generating Station,NJ,40.076611,-74.879172,PJM,242.0,242.0,0.0,4,0.1971908554272592,0.151685273405584
7964,Peno Creek,MO,39.3531,-91.2295,MISO,240.0,240.0,0.0,4,0.20467051340097325,0.1574388564622871
50292,Bethpage Power Plant,NY,40.7469,-73.4994,NYIS,239.6,60.0,179.60000000000002,6,0.20075057220063286,0.1544235170774099
120,Yucca,AZ,32.7214,-114.7106,AZPS,238.0,238.0,0.0,5,0.27141315320297554,0.2087793486176735
3628,R W Miller,TX,32.6581,-98.3103,ERCO,237.6,237.6,0.0,2,0.23339712896295628,0.1795362530484279
55229,Montpelier Electric Generating Station,IN,40.6206,-85.3057,MISO,236.0,236.0,0.0,4,0.1928460370661435,0.148343105435495
55365,Exelon LaPorte Generating Station,TX,29.7028,-95.0718,ERCO,236.0,236.0,0.0,4,0.20975103696974245,0.1613469515151865
55228,Greenville Electric Generating Station,OH,40.075783,-84.615136,PJM,236.0,236.0,0.0,4,0.19638987570045663,0.1510691351541974
52169,Midway Sunset Cogen,CA,35.2269,-119.6294,CISO,234.0,234.0,0.0,3,0.26819745909923176,0.2063057377686398
5083,Cumberland (NJ),NJ,39.3757,-74.9654,PJM,231.2,231.2,0.0,2,0.20314259483610847,0.1562635344893142
55075,Pine Bluff Energy Center,AR,34.2181,-91.9025,MISO,230.4,0.0,230.4,2,0.21211561482535216,0.1631658575579632
52176,C R Wing Cogen Plant,TX,32.273178,-101.422386,ERCO,230.0,0.0,230.0,3,0.25551020864637825,0.1965463143433679
3609,Leon Creek,TX,29.3525,-98.5761,ERCO,229.6,229.6,0.0,4,0.22253725054994267,0.17118250042303282
55453,Fountain Valley Power Facility,CO,38.5569,-104.6875,PSCO,228.0,228.0,0.0,6,0.25520096978751505,0.1963084382980885
50973,Motiva Enterprises Port Arthur Refinery,TX,29.888462,-93.950984,MISO,225.7,18.8,206.9,6,0.21363882234447754,0.1643375556495981
56505,Jonesboro City Water & Light Plant,AR,35.848561,-90.725377,MISO,224.3,224.3,0.0,5,0.21183722791119783,0.16295171377784448
7315,Almond Power Plant,CA,37.5744,-120.985,TIDC,223.5,223.5,0.0,4,0.2451699702648508,0.188592284819116
54041,Lockport Energy Associates LP,NY,43.161947,-78.744971,NYIS,221.3,0.0,221.3,4,0.1769543927695175,0.1361187636688596
55216,Morris Cogeneration LLC,IL,41.411944,-88.332778,PJM,218.8,0.0,218.8,4,0.19946018469551072,0.153430911304239
55622,West Valley Generation Project,UT,40.6667,-112.0317,PACE,217.0,217.0,0.0,5,0.2249974041765952,0.1730749262896886
56238,Groton Generation Station,SD,45.3735,-98.098689,SWPP,216.4,216.4,0.0,2,0.2045656532081656,0.157358194775512
1248,Hutchinson Energy Center,KS,38.0906,-97.874722,SWPP,213.6,213.6,0.0,3,0.231637643996281,0.1781828030740623
1595,Kendall Square Station,MA,42.3633,-71.0792,ISNE,213.4,0.0,213.4,2,0.19624292567131357,0.1509560966702412
10682,Brush Generation Facility,CO,40.2415,-103.631,PSCO,211.6,0.0,211.6,5,0.23464046464056199,0.1804926651081246
1366,Paddys Run,KY,38.223592,-85.841704,LGEE,210.6,210.6,0.0,2,0.19912788703101478,0.1531752977161652
7887,Terry Bundy Generating Station,NE,40.909653,-96.613086,SWPP,209.7,60.5,149.2,4,0.21570483701849574,0.16592679770653518
3548,Decker Creek,TX,30.3033,-97.6128,ERCO,206.0,206.0,0.0,4,0.21870315608975185,0.1682331969921168
56908,Dave Gates Generating Station,MT,46.104713,-112.876605,NWMT,203.1,203.1,0.0,3,0.19517706274718172,0.1501362021132167
10436,ExxonMobil Baytown Refinery,TX,29.753517,-94.997277,ERCO,201.8,201.8,0.0,6,0.20975103696974245,0.1613469515151865
55026,Dighton Power Plant,MA,41.8312,-71.1239,ISNE,200.0,0.0,200.0,1,0.19544832448196847,0.1503448649861296
57483,Mariposa Energy Project,CA,37.789167,-121.601944,CISO,199.6,199.6,0.0,4,0.24763875390735496,0.1904913491595038
2161,James River Power Station,MO,37.108611,-93.261944,SWPP,197.5,197.5,0.0,2,0.20742900427719613,0.1595607725209201
56143,Riverside Energy Resource Center,CA,33.9636,-117.4528,CISO,196.0,196.0,0.0,4,0.2533803116558033,0.1949079320429256
55200,Arapahoe Combustion Turbine Project,CO,39.6692,-105.0018,PSCO,194.0,0.0,194.0,3,0.2379562584393463,0.1830432757225741
4014,Wheaton,WI,44.885416,-91.515833,MISO,194.0,194.0,0.0,4,0.19372250568043323,0.14901731206187172
7551,SCA Cogen 2,CA,38.530943,-121.400128,BANC,193.4,44.0,149.39999999999998,4,0.24199817900816362,0.1861524453908951
55029,De Pere Energy Center,WI,44.44861,-88.07204,MISO,192.3,192.3,0.0,1,0.19362950551226843,0.1489457734709757
57842,Wabash Valley Power IGCC,IN,39.53,-87.4247,MISO,192.0,192.0,0.0,1,0.2009118660198251,0.1545475892460193
2039,Elk River,MN,45.296797,-93.558447,MISO,191.3,191.3,0.0,1,0.19692923780908808,0.1514840290839139
3631,Sam Rayburn,TX,28.8947,-97.135,ERCO,189.6,0.0,189.6,4,0.21963227109052524,0.16894790083886557
1068,Marshalltown,IA,42.0474,-92.859444,MISO,189.0,189.0,0.0,3,0.20132256978517227,0.15486351521936328
7760,Tilton,IL,40.106125,-87.653818,MISO,188.0,188.0,0.0,4,0.19977203354685644,0.15367079503604342
4076,West Marinette,WI,45.0869,-87.6881,MISO,187.1,187.1,0.0,3,0.19418420897882294,0.1493724684452484
50243,Bucksport Generation LLC,ME,44.5738,-68.8046,ISNE,186.8,186.8,0.0,1,0.1908900672138135,0.146838513241395
7975,Pyramid,NM,32.2363,-108.5494,PNM,186.0,186.0,0.0,4,0.27781440295395593,0.21370338688765841
201,Thomas Fitzhugh,AR,35.462382,-93.804926,SWPP,185.0,0.0,185.0,2,0.20604853833239364,0.1584988756403028
118,Saguaro,AZ,32.5517,-111.3,AZPS,184.5,184.5,0.0,3,0.26543140834077,0.20417800641597691
52193,Delaware City Plant,DE,39.5871,-75.6343,PJM,184.0,184.0,0.0,2,0.20477902328558964,0.1575223256042997
7307,Redding Power,CA,40.507292,-122.423281,BANC,183.1,73.8,109.3,6,0.21962285809097687,0.1689406600699822
50304,Shell Deer Park,TX,29.723185,-95.128856,ERCO,182.2,182.2,0.0,2,0.21445196458562255,0.16496304968124811
56013,Exira,IA,41.514365,-94.919729,SWPP,181.5,181.5,0.0,3,0.20992873228406356,0.16148364021851042
7763,Henry County,IN,39.9528,-85.5039,MISO,181.5,181.5,0.0,3,0.19627315854799565,0.1509793527292274
57881,Pioneer Generation Station,ND,48.2325,-103.95278,SWPP,181.5,181.5,0.0,3,0.19968523286001058,0.1536040252769312
3648,Gadsby,UT,40.7686,-111.9289,PACE,181.2,181.2,0.0,3,0.2249974041765952,0.1730749262896886
10213,El Segundo Cogen,CA,33.9058,-118.4031,CISO,180.1,0.0,180.1,6,0.24338556371084946,0.18721966439296112
7145,Pleasant Hill,IA,41.5572,-93.5242,MISO,179.8,179.8,0.0,3,0.20296069167249475,0.15612360897884212
99,Frederickson,WA,47.079722,-122.365,PSEI,177.8,177.8,0.0,2,0.15043048673027754,0.1157157590232904
3285,Hagood,SC,32.8265,-79.9634,SCEG,177.3,177.3,0.0,3,0.21759669188214695,0.16738207067857458
2790,R M Heskett,ND,46.8669,-100.8836,MISO,176.4,176.4,0.0,2,0.20273840698492665,0.15595262075763588
6137,A B Brown,IN,37.9053,-87.715,MISO,176.4,176.4,0.0,2,0.20094922342833288,0.1545763257141022
7870,Encogen,WA,48.746,-122.486,PSEI,176.4,0.0,176.4,4,0.15255349173927552,0.1173488397994427
7325,San Jacinto Steam Electric Station,TX,29.694838,-95.040622,ERCO,176.4,176.4,0.0,2,0.20975103696974245,0.1613469515151865
50002,Pittsfield Generating LP,MA,42.4564,-73.2181,ISNE,175.5,0.0,175.5,4,0.18095749813640774,0.1391980754895444
7552,SPA Cogen 3,CA,38.511,-121.4735,BANC,173.9,0.0,173.9,2,0.24199817900816362,0.1861524453908951
7818,Alsey,IL,39.569771,-90.43602,MISO,173.0,173.0,0.0,6,0.20622787552024946,0.1586368273232688
4940,Riverside (OK),OK,35.9978,-95.9567,SWPP,173.0,173.0,0.0,2,0.22125833572553974,0.1701987197888767
56604,Hardin County Peaking Facility,TX,30.3038,-94.2526,MISO,173.0,173.0,0.0,2,0.19977199177252083,0.1536707629019391
2964,Southwestern,OK,35.1009,-98.3524,SWPP,173.0,173.0,0.0,2,0.2356915484518959,0.181301191116843
10751,Camden Plant Holding LLC,NJ,39.9175,-75.1192,PJM,172.9,0.0,172.9,2,0.1971908554272592,0.151685273405584
55733,Bennett Mountain,ID,43.147153,-115.666637,IPCO,172.8,172.8,0.0,1,0.22091765750929004,0.1699366596225308
2047,Chevron Oil,MS,30.34,-88.4919,SOCO,170.5,170.5,0.0,5,0.22481634453123225,0.1729356496394094
55102,Livingston Generating Station,MI,45.030397,-84.730795,MISO,170.1,170.1,0.0,4,0.1810646362954983,0.1392804894580756
56603,San Jacinto County Peaking Facility,TX,30.4193,-95.0118,MISO,170.0,170.0,0.0,2,0.201915708511462,0.1553197757780477
7314,Richard M Flynn,NY,40.8158,-73.064,NYIS,170.0,0.0,170.0,2,0.19165872975008943,0.1474297921154534
7991,West Campus Cogeneration Facility,WI,43.075071,-89.4251,MISO,169.3,0.0,169.3,3,0.20130200932871486,0.1548476994836268
6120,Whitehorn,WA,48.885636,-122.75164,PSEI,169.2,169.2,0.0,2,0.1570538662377537,0.12081066633673361
2038,Cambridge CT Hybrid,MN,45.601,-93.2081,MISO,169.2,169.2,0.0,1,0.19805501145300833,0.1523500088100064
7336,Anderson,IN,40.0529,-85.7389,PJM,168.7,168.7,0.0,3,0.19862447242639378,0.1527880557126106
55936,NRG Rockford II Energy Center,IL,42.2383,-89.1011,PJM,168.0,168.0,0.0,1,0.20010865896010574,0.1539297376616198
7456,Rathdrum,ID,47.80427,-116.867312,AVA,166.4,166.4,0.0,2,0.16610909427427928,0.12777622636483021
56298,Roseville Energy Park,CA,38.7928,-121.3811,BANC,165.0,0.0,165.0,3,0.24398676539151373,0.18768212722424132
55447,Columbia Energy Center,MO,39.0192,-92.2629,MISO,162.8,162.8,0.0,4,0.20950938467111377,0.16116106513162598
7268,491 E 48th Street,MI,42.7553,-86.0853,MISO,161.7,161.7,0.0,3,0.1849141680993638,0.1422416677687414
55802,Valencia Energy Facility,NM,34.611549,-106.732234,PNM,159.5,159.5,0.0,1,0.26824071289872975,0.2063390099220998
2831,Dick's Creek,OH,39.465,-84.3778,PJM,159.1,159.1,0.0,4,0.19517098661764018,0.1501315281674155
8029,Sycamore (IA),IA,41.6722,-93.6769,MISO,157.6,157.6,0.0,2,0.20431661877756951,0.15716662982889962
54365,Orange Cogeneration Facility,FL,27.87082,-81.825061,FPC,157.2,0.0,157.2,3,0.22983308654873855,0.1767946819605681
52132,Power Station 4,TX,29.378164,-94.92195,ERCO,156.4,0.0,156.4,2,0.21797782437681526,0.16767524952062712
52109,Richmond Cogen,CA,37.9418,-122.3909,CISO,155.6,0.0,155.6,3,0.24194630224841326,0.1861125401910871
7825,Fulton (AR),AR,33.6094,-93.7924,SWPP,154.8,154.8,0.0,1,0.2053825597635131,0.1579865844334716
55504,Limon Generating Station,CO,39.2038,-103.7005,WACM,154.2,154.2,0.0,2,0.24727725496839198,0.1902132730526092
55505,Frank Knutson,CO,39.941129,-104.682015,PSCO,154.2,154.2,0.0,2,0.23959254379895706,0.1843019567684285
56026,Donald Von Raesfeld Power Plant,CA,37.3767,-121.9508,CISO,154.0,0.0,154.0,3,0.24230589148731432,0.1863891472979341
56233,EG178 Facility,TX,32.747058,-100.954661,ERCO,153.9,0.0,153.9,3,0.253468353119516,0.1949756562457815
57027,Canyon Power Plant,CA,33.858056,-117.861667,CISO,150.0,150.0,0.0,3,0.25103243808438525,0.19310187544952712
55039,Rio Bravo,NM,35.026,-106.644,PNM,150.0,150.0,0.0,1,0.26590051851615487,0.2045388603970422
55541,Indigo Energy Facility,CA,33.910873,-116.552994,CISO,149.7,149.7,0.0,3,0.2787518969663846,0.21442453612798812
59093,Holland Energy Park,MI,42.7925,-86.092222,MISO,149.4,0.0,149.4,3,0.1849141680993638,0.1422416677687414
7266,Woodland,CA,37.652602,-121.020397,BANC,148.6,50.4,98.2,3,0.24163137224792644,0.1858702863445588
50458,Indeck Corinth Energy Center,NY,43.25,-73.8125,NYIS,147.0,0.0,147.0,2,0.1850886450026753,0.14237588077128868
3176,Hunlock Power Station,PA,41.200556,-76.07,PJM,145.9,0.0,145.9,3,0.17524550681008877,0.1348042360077606
55810,Gilroy Peaking Energy Center,CA,36.999,-121.5363,CISO,144.0,144.0,0.0,3,0.24228757218643146,0.1863750555280242
56312,Shute Creek Facility,WY,41.8805,-110.0904,PACE,144.0,144.0,0.0,3,0.2411630386482399,0.1855100297294153
1305,McPherson 2,KS,38.363411,-97.68335,SWPP,143.60000000000002,143.60000000000002,0.0,2,0.22810361960090028,0.1754643227699233
2241,C W Burdick,NE,40.9228,-98.3269,SWPP,142.8,142.8,0.0,3,0.21719082810854823,0.16706986777580632
1336,Garden City,KS,37.9703,-100.8956,SWPP,142.4,142.4,0.0,2,0.24362740401229346,0.1874056953940719
55207,Valmont Combustion Turbine Project,CO,40.0205,-105.2009,PSCO,142.2,142.2,0.0,2,0.22127771550198236,0.17021362730921719
1728,Delray,MI,42.2947,-83.1019,MISO,142.2,142.2,0.0,2,0.1882710380261056,0.1448238754046966
664,John R Kelly,FL,29.6461,-82.3208,GVL,141.6,0.0,141.6,2,0.2126963054667272,0.1636125426667132
60698,Stanton Energy Reliability Center Hybrid,CA,33.806801,-117.985758,CISO,141.0,141.0,0.0,2,0.25060259832386783,0.1927712294798983
7989,Sylvarena,MS,31.982076,-89.412714,MISO,141.0,141.0,0.0,3,0.20209619719111396,0.1554586132239338
10154,Power Island,TX,29.2293,-95.1952,ERCO,141.0,141.0,0.0,3,0.21792934206794468,0.1676379554368805
56177,Nebo Power Station,UT,40.0614,-111.7294,PACE,140.0,0.0,140.0,2,0.2275168804478197,0.1750129849598613
57703,Cheyenne Prairie Generating Station,WY,41.123611,-104.72,WACM,140.0,40.0,100.0,4,0.23153358405838895,0.1781027569679915
56639,Midway Peaking LLC,CA,36.654114,-120.579727,CISO,139.8,139.8,0.0,2,0.2505917824707839,0.1927629095929107
54268,HF Sinclair Puget Sound Refining,WA,48.4708,-122.56,PSEI,139.8,139.8,0.0,3,0.15241767636933398,0.11724436643794921
50118,Hal C Weaver Power Plant,TX,30.2867,-97.7356,ERCO,138.9,0.0,138.9,4,0.21828333348271592,0.16791025652516609
7425,Interstate,IL,39.8233,-89.5891,MISO,138.6,138.6,0.0,1,0.20252173394978876,0.1557859491921452
54915,Michigan Power LP,MI,43.9375,-86.425,MISO,138.1,0.0,138.1,2,0.18230533280634506,0.1402348713894962
3559,Silas Ray,TX,25.9131,-97.5214,ERCO,136.0,61.0,75.0,3,0.2233092983534871,0.17177638334883621
54785,Grays Ferry Cogeneration,PA,39.942219,-75.188069,PJM,135.0,135.0,0.0,1,0.20050872881267062,0.1542374837020543
7546,Ponca City,OK,36.71979,-97.085758,SWPP,134.3,60.5,73.8,3,0.22592165028859607,0.17378588483738158
10294,King City Power Plant,CA,36.225,-121.1278,CISO,133.2,0.0,133.2,2,0.2570591946020218,0.19773784200155523
2444,Rio Grande,NM,31.8047,-106.5472,EPE,131.8,131.8,0.0,1,0.2730987085187685,0.2100759296298219
638,Suwannee River,FL,30.376389,-83.180556,FPC,131.8,131.8,0.0,2,0.22070482611133724,0.1697729431625671
50558,Frontier,OK,35.44221,-97.647694,SWPP,131.4,0.0,131.4,2,0.23085603393360443,0.1775815645643111
10034,Gilroy Power Plant,CA,37.0001,-121.5367,CISO,130.0,0.0,130.0,2,0.24228757218643146,0.1863750555280242
56041,Malburg,CA,33.9986,-118.2219,CISO,130.0,0.0,130.0,3,0.25101613966286246,0.1930893382022019
1084,River Hills,IA,41.590218,-93.619499,MISO,128.0,128.0,0.0,8,0.20296069167249475,0.15612360897884212
54426,Mulberry Cogeneration Facility,FL,27.8489,-81.8775,FPC,127.7,0.0,127.7,2,0.22920065630719544,0.1763081971593811
54271,Saguaro Power,NV,36.0417,-115.0117,NEVP,127.2,0.0,127.2,3,0.2678131065536317,0.2060100819643321
2854,Yankee Street,OH,39.603,-84.2047,PJM,125.5,125.5,0.0,7,0.19367996970392357,0.1489845920799412
54476,Sumas Power Plant,WA,48.9905,-122.2733,PSEI,125.5,0.0,125.5,2,0.13986355924333962,0.1075873532641074
7527,Carson Ice-Gen Project,CA,38.445681,-121.462387,BANC,125.5,54.0,71.5,3,0.24199817900816362,0.1861524453908951
7697,Washington County Cogeneration Facility,AL,31.26423,-88.00267,SOCO,122.5,0.0,122.5,2,0.20487660337093924,0.1575973872084148
54466,Orlando Cogen LP,FL,28.442623,-81.412343,FPC,122.4,0.0,122.4,1,0.2295711804729738,0.1765932157484414
58325,Charles D. Lamb Energy Center,OK,36.813889,-97.125278,SWPP,122.0,122.0,0.0,1,0.22818640048659597,0.17552800037430458
1730,Hancock,MI,42.5497,-83.4425,MISO,121.6,121.6,0.0,4,0.19069702141364786,0.1466900164720368
60468,Friendswood Energy,TX,29.647267,-95.451516,ERCO,121.5,121.5,0.0,1,0.2110174983136931,0.16232115254899468
54114,Kennedy International Airport Cogen,NY,40.6417,-73.7778,NYIS,121.2,0.0,121.2,3,0.19638135261680664,0.1510625789360051
7749,Essex,MO,36.868206,-89.840173,AECI,121.2,121.2,0.0,1,0.2063314983085494,0.1587165371604226
2951,Horseshoe Lake,OK,35.50866,-97.17969,SWPP,121.0,121.0,0.0,2,0.22583570889606844,0.1737197760738988
55304,Baconton Power Plant,GA,31.3869,-84.08,SOCO,121.0,121.0,0.0,2,0.2213406314463001,0.1702620241894616
56239,Malaga Power LLC,CA,36.68957,-119.73989,CISO,121.0,121.0,0.0,2,0.2431117594136586,0.1870090457028143
60460,Chamon Power LLC,TX,29.883214,-95.111345,ERCO,121.0,121.0,0.0,2,0.21269246536066583,0.16360958873897372
56569,Niland Gas Turbine Plant,CA,33.238842,-115.504456,IID,121.0,121.0,0.0,2,0.2710858565783974,0.20852758198338261
56135,Ripon Generation Station,CA,37.7315,-121.116,BANC,121.0,121.0,0.0,2,0.24163137224792644,0.1858702863445588
60459,Port Comfort Power LLC,TX,28.64807,-96.54621,ERCO,121.0,121.0,0.0,2,0.21920270895194163,0.16861746842457048
56482,Black Mountain Generating Station,AZ,35.0361,-114.1594,TEPC,121.0,121.0,0.0,2,0.26888228727889546,0.2068325286760734
56032,Equus Freeport Power,NY,40.6439,-73.5683,NYIS,120.0,120.0,0.0,2,0.20075057220063286,0.1544235170774099
56556,PPS Power Plant No 1,KY,37.03385,-88.615862,LGEE,120.0,120.0,0.0,2,0.2049433210815006,0.1576487085242312
1682,Cleary Flood Hybrid,MA,41.8653,-71.1061,ISNE,118.0,0.0,118.0,2,0.19544832448196847,0.1503448649861296
10030,Energy Center Dover,DE,39.149549,-75.547335,PJM,118.0,50.0,68.0,3,0.20561962114571386,0.1581689393428568
56914,Orange Grove Peaking Facility,CA,33.3594,-117.1114,CISO,118.0,118.0,0.0,2,0.2524343842544315,0.1941802955803319
7903,McCartney,MO,37.248431,-93.170839,SWPP,117.8,117.8,0.0,2,0.21035018746049802,0.1618078365080754
55043,Cherokee County Cogen,SC,35.0727,-81.613,SC,117.7,0.0,117.7,2,0.21601811045796815,0.1661677772753601
50463,Procter & Gamble Mehoopany Mill,PA,41.574259,-76.043233,PJM,117.6,117.6,0.0,2,0.18040146983571972,0.1387703614120921
55544,Klamath Expansion Project,OR,42.172718,-121.814393,AVRN,117.6,117.6,0.0,4,0.22668776804137428,0.1743752061856725
50150,Union Carbide Seadrift Cogen,TX,28.5105,-96.7706,ERCO,117.0,117.0,0.0,4,0.2232829878983301,0.171756144537177
1660,Potter Station 2,MA,42.235,-70.9672,ISNE,116.0,116.0,0.0,2,0.19624292567131357,0.1509560966702412
7515,McPherson 3,KS,38.38932,-97.61108,SWPP,115.6,115.6,0.0,1,0.22709209113550155,0.1746862239503858
10342,Marathon Bay Area Cogen,CA,38.0244,-122.0589,CISO,113.5,0.0,113.5,3,0.25116580001372496,0.19320446154901919
7288,Sherman Avenue,NJ,39.451,-75.0578,PJM,112.8,112.8,0.0,1,0.20314259483610847,0.1562635344893142
1001,Cayuga,IN,39.9242,-87.4244,MISO,112.5,112.5,0.0,1,0.19854145836412096,0.1527241987416315
675,Larsen Memorial,FL,28.0491,-81.9238,FMPP,111.2,0.0,111.2,2,0.22913028621599973,0.1762540663199998
6195,John Twitty Energy Center,MO,37.151706,-93.38804,SWPP,109.0,109.0,0.0,2,0.21471748802288293,0.16516729847914072
56606,Culbertson Generation Station,MT,48.21,-104.391667,SWPP,108.2,108.2,0.0,1,0.2007076783937575,0.1543905218413519
58063,SABIC Innovative Plastics Mt. Vernon,IN,37.910278,-87.926111,MISO,108.0,108.0,0.0,1,0.20568388249650332,0.1582183711511564
10617,CH Resources Beaver Falls,NY,43.8861,-75.4342,NYIS,107.8,0.0,107.8,2,0.17425550304612383,0.1340426946508645
6088,North Loop,AZ,32.401,-111.1262,TEPC,107.8,107.8,0.0,4,0.26543140834077,0.20417800641597691
50541,Harbor Cogen,CA,33.7771,-118.2303,CISO,107.4,0.0,107.4,3,0.2502803164669319,0.19252332035917838
2966,Weleetka,OK,35.3233,-96.1352,SWPP,106.0,106.0,0.0,2,0.21914117181662696,0.1685701321666361
7869,Glenwood Landing,NY,40.8275,-73.6478,NYIS,106.0,106.0,0.0,2,0.19638135261680664,0.1510625789360051
56232,Miramar Energy Facility,CA,32.8769,-117.166389,CISO,106.0,106.0,0.0,2,0.24476766949175022,0.1882828226859617
2517,Port Jefferson,NY,40.949696,-73.078507,NYIS,106.0,106.0,0.0,2,0.19842824880015672,0.152637114461659
6064,Nearman Creek,KS,39.1681,-94.6975,SWPP,104.0,104.0,0.0,1,0.21287250602968946,0.16374808156129958
55138,Walton Discover Power Facility,AL,32.54098,-85.038879,SOCO,103.0,103.0,0.0,2,0.21229565131616204,0.16330434716627848
10621,CH Resources Syracuse,NY,43.0667,-76.2246,NYIS,102.7,0.0,102.7,2,0.17592540437467857,0.13532723413436812
10790,Victoria Texas Plant,TX,28.675088,-96.956014,ERCO,102.4,102.4,0.0,1,0.21400448862276364,0.16461883740212588
54592,Massena Energy Facility,NY,44.9503,-74.8928,NYIS,102.1,0.0,102.1,2,0.17989643792128332,0.1383818753240641
7928,Osawatomie,KS,38.532161,-94.902633,SWPP,102.0,102.0,0.0,1,0.2102050375989338,0.1616961827684106
50137,Newgulf Cogen,TX,29.2639,-95.8997,ERCO,101.9,101.9,0.0,1,0.2161888294030561,0.16629909954081237
56108,T J Labbe Electric Generating,LA,30.2554,-92.0433,MISO,100.8,100.8,0.0,2,0.21806601931712924,0.1677430917824071
56283,Hargis-Hebert Electric Generating,LA,30.1694,-91.9923,MISO,100.8,100.8,0.0,2,0.21806601931712924,0.1677430917824071
8067,Fort Lupton,CO,40.0922,-104.796,PSCO,100.8,100.8,0.0,2,0.23959254379895706,0.1843019567684285
62548,SJRR Power LLC,TX,29.88193,-95.11148,ERCO,100.0,100.0,0.0,2,0.21269246536066583,0.16360958873897372
61966,Victoria Port Power II LLC,TX,28.698477,-96.946125,ERCO,100.0,100.0,0.0,2,0.21400448862276364,0.16461883740212588
61242,"Tres Port Power, LLC",TX,28.69637,-96.9453,ERCO,100.0,100.0,0.0,2,0.21400448862276364,0.16461883740212588
55786,Edgewood Energy LLC,NY,40.7861,-73.2931,NYIS,100.0,100.0,0.0,2,0.2011430300899653,0.15472540776151178
61241,Tres City Power LLC,TX,28.7853,-97.0093,ERCO,100.0,100.0,0.0,2,0.21400448862276364,0.16461883740212588
3325,Ben French,SD,44.087235,-103.260959,WACM,100.0,100.0,0.0,4,0.221101620854504,0.17007816988808
55542,Larkspur Energy Facility,CA,32.567041,-116.944197,CISO,99.8,99.8,0.0,2,0.25996153075578765,0.19997040827368281
58413,Copper Crossing Energy and Research Cent,AZ,33.15512,-111.483636,SRP,99.8,99.8,0.0,2,0.2666074784378638,0.2050826757214337
7768,Sowega Power,GA,31.3869,-84.08,SOCO,99.6,99.6,0.0,2,0.2213406314463001,0.1702620241894616
1383,Robert A Reid,KY,37.6461,-87.5019,MISO,98.8,98.8,0.0,1,0.20426568810919674,0.1571274523916898
56018,AMEA Peaking,AL,33.1661,-86.2825,SOCO,98.6,98.6,0.0,2,0.20485027223237148,0.1575771324864396
2446,Maddox,NM,32.714224,-103.301469,SWPP,98.4,98.4,0.0,2,0.26459717153508233,0.2035362857962172
6243,Dansby,TX,30.7217,-96.4608,ERCO,98.2,98.2,0.0,2,0.2193133524659943,0.1687025788199956
57504,TECO CHP-1,TX,29.703454,-95.398317,ERCO,98.0,98.0,0.0,2,0.2110174983136931,0.16232115254899468
58427,Lansing BWL REO Town Plant,MI,42.719722,-84.551667,MISO,98.0,0.0,98.0,3,0.18713034105876877,0.1439464161990529
55807,Henrietta Peaker,CA,36.2397,-119.9044,CISO,98.0,98.0,0.0,2,0.24704270362920122,0.1900328489455394
52026,Dartmouth Power Associates LP,MA,41.6731,-70.9994,ISNE,97.4,23.3,74.1,3,0.19544832448196847,0.1503448649861296
7698,General Electric Plastic,AL,32.310226,-86.52542,SOCO,97.0,0.0,97.0,2,0.21960638277787484,0.1689279867522114
54349,Nevada Cogen Associates 2 Black Mountain,NV,36.2253,-114.8783,NEVP,96.3,0.0,96.3,4,0.2701582752850595,0.2078140579115842
7962,Warren F Sam Beasley Generation Station,DE,39.279179,-75.623928,PJM,96.0,96.0,0.0,2,0.20561962114571386,0.1581689393428568
56629,Waterbury Generation,CT,41.5444,-73.0417,ISNE,96.0,96.0,0.0,1,0.1947271112633643,0.1497900855872033
54350,Nevada Cogen Assoc#1 GarnetVly,NV,36.343229,-114.920686,NEVP,94.8,0.0,94.8,4,0.2701582752850595,0.2078140579115842
50752,South Belridge Cogeneration Facility,CA,35.438611,-119.7075,CISO,94.2,94.2,0.0,3,0.2521439754693078,0.1939569042071598
7913,Hell Gate,NY,40.799,-73.9094,NYIS,94.0,94.0,0.0,2,0.19626370292759635,0.1509720791750741
7910,Joseph J Seymour Power Project,NY,40.6631,-74.0,NYIS,94.0,94.0,0.0,2,0.19626370292759635,0.1509720791750741
7914,Harlem River Yard,NY,40.7991,-73.9156,NYIS,94.0,94.0,0.0,2,0.19626370292759635,0.1509720791750741
7909,Vernon Boulevard,NY,40.7537,-73.9508,NYIS,94.0,94.0,0.0,2,0.19626370292759635,0.1509720791750741
6060,Coachella,CA,33.6758,-116.1714,IID,92.4,92.4,0.0,4,0.26972301475265353,0.20747924211742577
55698,Hanford Energy Park Peaker,CA,36.270072,-119.648055,CISO,92.2,92.2,0.0,2,0.2450181274741646,0.1884754826724343
4072,Pulliam,WI,44.54,-88.0086,MISO,91.0,91.0,0.0,1,0.19362950551226843,0.1489457734709757
6253,Germantown,WI,43.1952,-88.1496,MISO,90.9,90.9,0.0,1,0.19491659444845055,0.1499358418834235
54076,Indeck Olean Energy Center,NY,42.085944,-78.45425,NYIS,90.6,0.0,90.6,2,0.17328926016970503,0.13329943089977309
6358,Hutchinson Plant #2,MN,44.888881,-94.349348,MISO,90.5,25.0,65.5,3,0.1964840505623324,0.1511415773556403
55655,WFEC GenCo LLC,OK,35.0833,-98.2264,SWPP,90.0,90.0,0.0,2,0.2356915484518959,0.181301191116843
2092,Ralph Green,MO,38.78758,-94.277689,SWPP,88.9,88.9,0.0,1,0.2130264412155152,0.163866493242704
54034,Rensselaer Cogen,NY,42.625325,-73.749955,NYIS,88.2,0.0,88.2,2,0.18523551370044775,0.1424888566926521
55738,Buchanan Generation LLC,VA,37.175278,-81.961388,PJM,88.0,88.0,0.0,2,0.18765481916482707,0.1443498608960208
7967,Lordsburg Generating,NM,32.35051,-108.69799,PNM,88.0,88.0,0.0,2,0.2778293362685682,0.21371487405274478
55377,Gans,PA,39.7475,-79.838888,PJM,87.6,87.6,0.0,2,0.1759185085496501,0.135321929653577
55196,Springdale 1 & 2,PA,40.546667,-79.768333,PJM,87.6,87.6,0.0,2,0.17828510517300494,0.1371423885946192
55654,Chambersburg,PA,39.866944,-77.685833,PJM,87.6,87.6,0.0,2,0.19462194776423464,0.1497091905878728
59145,Freeport LP Pretreatment Facility,TX,28.979167,-95.306944,ERCO,87.0,87.0,0.0,1,0.2217982779846717,0.170614059988209
9,Copper,TX,31.7569,-106.375,EPE,86.9,86.9,0.0,1,0.2730987085187685,0.2100759296298219
10416,Pensacola Florida Plant,FL,30.5958,-87.2525,SOCO,86.0,86.0,0.0,1,0.21633386000427293,0.1664106615417484
10690,ExxonMobil Baton Rouge Turbine Generator,LA,30.489722,-91.187222,MISO,85.3,85.3,0.0,1,0.21610302387838723,0.16623309529106708
124,Demoss Petrie,AZ,32.252273,-110.992148,TEPC,85.0,85.0,0.0,1,0.2639204272454144,0.2030157132657034
8037,Clifton,KS,39.6125,-97.2778,SWPP,85.0,85.0,0.0,1,0.22010357587452478,0.16931044298040368
2098,Lake Road (MO),MO,39.7246,-94.8773,SWPP,85.0,85.0,0.0,1,0.21336750470511165,0.1641288497731628
6058,Cascade Creek,MN,44.0322,-92.4908,MISO,84.9,84.9,0.0,2,0.19565645669991552,0.1505049666922427
6635,A L Pierce,CT,41.44823,-72.834884,ISNE,84.0,84.0,0.0,1,0.19364376000610473,0.1489567384662344
56787,Geismar Cogen,LA,30.209,-90.9921,MISO,83.9,83.9,0.0,1,0.21471560962015307,0.1651658535539639
2176,Glendive GT,MT,47.0539,-104.74,MISO,83.7,83.7,0.0,2,0.20599686106344697,0.1584591238949592
55122,NAFTA Region Olefins Complex Cogen Fac,TX,29.954321,-93.883592,MISO,83.2,83.2,0.0,2,0.21363882234447754,0.1643375556495981
7799,West Marinette 34,WI,45.0869,-87.6892,MISO,83.0,83.0,0.0,1,0.19418420897882294,0.1493724684452484
7335,Richmond,IN,39.839572,-84.965682,PJM,82.8,82.8,0.0,2,0.19582837747803955,0.1506372134446458
3576,Ray Olinger,TX,33.068055,-96.452481,ERCO,82.7,82.7,0.0,1,0.22605869426403197,0.17389130328002458
3338,Aberdeen CT,SD,45.429884,-98.49396,SWPP,82.2,82.2,0.0,1,0.20615693281103753,0.1585822560084904
58378,Petra Nova Carbon Capture Cogen,TX,29.475278,-95.634167,ERCO,82.2,82.2,0.0,1,0.2143159472962573,0.164858420997121
63628,Tinker,OK,35.414719,-97.373445,SWPP,82.0,82.0,0.0,2,0.22583570889606844,0.1737197760738988
56188,Pinelawn Power LLC,NY,40.736611,-73.388424,NYIS,82.0,0.0,82.0,2,0.20075057220063286,0.1544235170774099
1217,Earl F Wisdom,IA,43.1606,-95.2569,SWPP,81.6,81.6,0.0,1,0.20248705074695866,0.15575926980535282
55311,BASF Freeport Works,TX,29.002,-95.394,ERCO,81.0,81.0,0.0,1,0.21298044050742812,0.163831108082637
2122,Chillicothe,MO,39.783388,-93.564112,SWPP,80.0,80.0,0.0,2,0.21112290396562572,0.16240223381971208
56248,Shell Chemical,LA,30.187508,-90.983963,MISO,80.0,80.0,0.0,2,0.21471560962015307,0.1651658535539639
56253,Millcreek Power Generation,UT,37.112092,-113.516581,PACE,80.0,80.0,0.0,2,0.25911006110689105,0.1993154316206854
54912,Martinez Refining,CA,38.0169,-122.1117,CISO,80.0,0.0,80.0,2,0.25116580001372496,0.19320446154901919
1104,Burlington (IA),IA,40.7412,-91.116667,MISO,78.8,78.8,0.0,4,0.20448298867298417,0.15729460667152628
55101,Kalamazoo River Generating Station,MI,42.281345,-85.494956,MISO,77.4,77.4,0.0,1,0.1904428407884517,0.1464944929141936
535,McClellan (CA),CA,38.652731,-121.393336,BANC,77.0,77.0,0.0,1,0.24398676539151373,0.18768212722424132
10319,Geismar,LA,30.2,-91.0,MISO,76.9,76.9,0.0,2,0.21471560962015307,0.1651658535539639
7138,Forked River,NJ,39.8154,-74.2098,PJM,76.8,76.8,0.0,2,0.20836333846298713,0.1602794911253747
8219,Ray D Nixon,CO,38.633451,-104.70577,WACM,75.6,75.6,0.0,2,0.24860230813501458,0.19123254471924198
58478,LEPA Unit No. 1,LA,29.691111,-91.192778,MISO,74.1,0.0,74.1,2,0.21756583274351224,0.1673583328796248
50978,Carr Street Generating Station,NY,43.06132,-76.08239,NYIS,73.8,0.0,73.8,2,0.1718709394617703,0.13220841497059252
54637,JCO Oxides Olefins Plant,TX,29.963502,-93.929737,MISO,73.8,73.8,0.0,2,0.21363882234447754,0.1643375556495981
65405,"Flint Hills Resources Pine Bend, LLC",MN,44.45483,-93.02119,MISO,73.4,0.0,73.4,2,0.1929174873134214,0.1483980671641703
58235,Clayville,NJ,39.424444,-75.02,PJM,73.0,73.0,0.0,1,0.20314259483610847,0.1562635344893142
1079,Coralville GT,IA,41.671877,-91.563999,MISO,72.0,72.0,0.0,4,0.2046327806096946,0.1574098312382266
899,Moline,IL,41.509959,-90.534021,MISO,72.0,72.0,0.0,4,0.2003501033176166,0.1541154640904743
10190,Castleton Energy Center,NY,42.5375,-73.7433,NYIS,72.0,0.0,72.0,2,0.18422787418706985,0.1417137493746691
1734,Northeast (MI),MI,42.45,-83.0381,MISO,71.4,71.4,0.0,4,0.1903096848567789,0.14639206527444532
151,McClure,CA,37.62936,-120.93139,BANC,71.2,71.2,0.0,1,0.24163137224792644,0.1858702863445588
10567,Algonquin Windsor Locks,CT,41.9227,-72.6255,ISNE,71.0,0.0,71.0,3,0.19124476289883668,0.1471113560760282
7863,Elk Mound,WI,44.902814,-91.568096,MISO,71.0,71.0,0.0,2,0.19372250568043323,0.14901731206187172
10156,Fresno Cogen Partners,CA,36.617022,-120.099846,CISO,70.80000000000001,70.80000000000001,0.0,2,0.24314750249295297,0.1870365403791946
52149,West Point (PA),PA,40.217963,-75.298823,PJM,70.69999999999999,70.69999999999999,0.0,2,0.1922039949565377,0.1478492268896444
55309,Air Products Port Arthur,TX,29.866497,-93.96515,MISO,70.4,70.4,0.0,2,0.21388108855689836,0.1645239142745372
7932,Gaylord - Wolverine,MI,45.0046,-84.7218,MISO,70.19999999999999,70.19999999999999,0.0,3,0.1810646362954983,0.1392804894580756
10350,Greenleaf 1,CA,39.052922,-121.696072,CISO,69.8,69.8,0.0,2,0.2372854418362592,0.1825272629509686
50410,Chester Operations,PA,39.843743,-75.358801,PJM,69.2,0.0,69.2,4,0.2080655032658584,0.16005038712758338
50464,Oxnard,CA,34.196,-119.1667,CISO,68.7,68.7,0.0,2,0.23405005662983688,0.1800385050998745
2434,Howard Down,NJ,39.4889,-75.0347,PJM,68.2,68.2,0.0,1,0.20314259483610847,0.1562635344893142
7784,Allegany Cogen,NY,42.5027,-78.0686,NYIS,67.0,0.0,67.0,2,0.17671830408874797,0.1359371569913446
55977,Bluffview,NM,36.716628,-108.215282,WACM,67.0,0.0,67.0,2,0.2629609886220282,0.2022776835554063
55558,Combined Locks Energy Center,WI,44.2717,-88.3011,MISO,66.5,0.0,66.5,2,0.19506942396379295,0.1500534030490715
54593,Batavia Power Plant,NY,42.9828,-78.1592,NYIS,66.2,0.0,66.2,2,0.17039387556682195,0.1310722119744784
56489,Elkins Generating Center,AR,35.9714,-94.0014,SWPP,66.0,66.0,0.0,3,0.20599717423312183,0.1584593647947091
54131,World Generation X,NY,43.0483,-78.8539,NYIS,65.7,0.0,65.7,2,0.17482300126912778,0.1344792317454829
66600,Bushy Park Combustion Turbine Facility,SC,33.014915,-79.930045,SCEG,65.4,65.4,0.0,1,0.20970593208714303,0.16131225545164848
63559,MMWEC Simple Cycle Gas Turbine,MA,42.54342,-70.927967,ISNE,65.0,65.0,0.0,1,0.19743105391063615,0.1518700414697201
1678,Waters River,MA,42.542949,-70.928314,ISNE,64.9,64.9,0.0,2,0.19743105391063615,0.1518700414697201
7231,Gianera,CA,37.401,-121.96867,CISO,64.6,64.6,0.0,2,0.24230589148731432,0.1863891472979341
50744,Sterling Power Plant,NY,43.080338,-75.600963,NYIS,64.2,0.0,64.2,2,0.17115163779187345,0.1316551059937488
10620,Carthage Energy LLC,NY,43.9842,-75.6225,NYIS,62.9,0.0,62.9,2,0.17425550304612383,0.1340426946508645
54694,Yuma Cogeneration Associates,AZ,32.728822,-114.654053,AZPS,62.6,0.0,62.6,2,0.27141315320297554,0.2087793486176735
1206,Summit Lake,IA,41.1136,-94.3472,MISO,62.3,62.3,0.0,2,0.20750534192993358,0.1596194937922566
54091,Mansfield Mill,LA,32.1575,-93.5562,MISO,62.0,62.0,0.0,1,0.2074612585949972,0.15958558353461322
64854,Primient,IN,40.376319,-86.843695,MISO,61.8,61.8,0.0,2,0.19606800982722955,0.1508215460209458
6210,Northeast (WA),WA,47.73511,-117.370538,AVA,61.8,61.8,0.0,1,0.17195429815544633,0.13227253704265102
57564,Algonquin Power Sanger LLC,CA,36.6842,-119.5522,CISO,61.5,0.0,61.5,2,0.24330512307362107,0.1871577869797085
63632,Primient Loudon Plant,TN,35.735092,-84.319301,TVA,61.4,61.4,0.0,2,0.19734881200563273,0.15180677846587132
55699,Bayswater Peaking Facility LLC,NY,40.610654,-73.762218,NYIS,60.5,60.5,0.0,1,0.20097164899466527,0.1545935761497425
55951,Agua Mansa Power Plant,CA,34.0414,-117.3603,CISO,60.5,60.5,0.0,1,0.25877570613420586,0.19905823548785068
55836,Island Street Peaking Plant,WI,44.2761,-88.2658,MISO,60.5,60.5,0.0,1,0.19506942396379295,0.1500534030490715
50279,Archbald Power Station,PA,41.485,-75.5406,PJM,60.5,60.5,0.0,1,0.17613798160988522,0.1354907550845271
7987,Lake One,CA,34.1772,-118.3147,LDWP,60.5,60.5,0.0,1,0.26071656368153173,0.2005512028319475
2679,Plant No 2 Freeport,NY,40.6447,-73.5683,NYIS,60.5,60.5,0.0,1,0.20075057220063286,0.1544235170774099
7984,Kalkaska CT #1,MI,44.6889,-85.2019,MISO,60.5,60.5,0.0,1,0.175777739081356,0.1352136454471969
55510,Border Hybrid Energy Center,CA,32.562448,-116.943869,CISO,60.5,60.5,0.0,1,0.25996153075578765,0.19997040827368281
55508,CalPeak Power Panoche Peaker Plant,CA,36.652905,-120.580609,CISO,60.5,60.5,0.0,1,0.2505917824707839,0.1927629095929107
57001,El Cajon Energy Center,CA,32.796106,-116.972073,CISO,60.5,60.5,0.0,1,0.25535542334451644,0.1964272487265511
55499,CalPeak Power Vaca Dixon Peaker Plant,CA,38.398867,-121.923973,CISO,60.5,60.5,0.0,1,0.24553074740706457,0.18886980569774198
58122,Delano Energy Center,CA,35.790864,-119.294469,CISO,60.5,60.5,0.0,1,0.24749772794525599,0.1903828676501969
56480,Marshfield Utilities Gas Plant,WI,44.634722,-90.134444,MISO,60.4,60.4,0.0,1,0.1955523157986151,0.150424858306627
50127,Signal Hill Generating LLC,TX,33.8625,-98.5894,ERCO,60.0,0.0,60.0,3,0.23295595134322433,0.1791968856486341
3110,Hunterstown,PA,39.8662,-77.1648,PJM,60.0,60.0,0.0,3,0.1969601560574964,0.1515078123519203
1268,Chanute 2,KS,37.6953,-95.4586,SWPP,60.0,60.0,0.0,1,0.22166787413199948,0.17051374933230729
50451,Indeck Yerkes Energy Center,NY,42.9671,-78.9182,NYIS,59.900000000000006,0.0,59.900000000000006,2,0.18104444182797985,0.13926495525229218
1404,Sterlington,LA,32.7047,-92.0792,MISO,59.3,59.3,0.0,1,0.20893615155341813,0.1607201165795524
477,Valmont,CO,40.0195,-105.202,PSCO,59.3,59.3,0.0,1,0.22127771550198236,0.17021362730921719
55513,CalPeak Power Enterprise Peaker Plant,CA,33.121943,-117.117441,CISO,58.9,58.9,0.0,1,0.25088537386809817,0.19298874912930628
8076,Ellwood,CA,34.431419,-119.900055,CISO,58.0,58.0,0.0,1,0.25734447306962327,0.19795728697663328
3991,Fitchburg,WI,43.0147,-89.4603,MISO,57.6,57.6,0.0,2,0.20130200932871486,0.1548476994836268
50450,Indeck Oswego Energy Center,NY,43.471745,-76.493474,NYIS,57.400000000000006,0.0,57.400000000000006,2,0.17902454837224258,0.1377111910555712
377,Grayson,CA,34.1556,-118.2782,LDWP,57.4,57.4,0.0,1,0.26071656368153173,0.2005512028319475
56051,THUMS,CA,33.7684,-118.2141,CISO,57.4,57.4,0.0,1,0.2502803164669319,0.19252332035917838
55874,Wellhead Power Panoche,CA,36.6535,-120.5783,CISO,56.7,56.7,0.0,1,0.2505917824707839,0.1927629095929107
50449,Indeck Silver Springs Energy Center,NY,42.6544,-78.0772,NYIS,56.599999999999994,0.0,56.599999999999994,2,0.16898109518940352,0.1299854578380027
10169,Carson Cogeneration,CA,33.8759,-118.2491,CISO,55.8,0.0,55.8,2,0.25101613966286246,0.1930893382022019
2059,L L Wilkins,MS,34.1845,-90.562662,MISO,55.2,0.0,55.2,4,0.2128703286318188,0.1637464066398606
7450,Alameda,CA,37.7886,-122.2889,CISO,54.8,54.8,0.0,2,0.23525662937938072,0.180966637984139
7345,University of Florida,FL,29.640278,-82.348611,FPC,54.2,54.2,0.0,1,0.2126963054667272,0.1636125426667132
126,H Wilson Sundt Generating Station,AZ,32.16,-110.9047,TEPC,54.0,54.0,0.0,2,0.2639204272454144,0.2030157132657034
6515,Valencia,AZ,31.363472,-110.931343,TEPC,54.0,54.0,0.0,1,0.2727075190626012,0.2097750146635394
55538,Escondido Energy Center,CA,33.1261,-117.1172,CISO,54.0,54.0,0.0,1,0.2524343842544315,0.1941802955803319
464,Alamosa,CO,37.4594,-105.8947,PSCO,53.2,53.2,0.0,2,0.2638254907684699,0.20294268520651532
3132,Warren,PA,41.835947,-79.188668,PJM,53.1,53.1,0.0,1,0.17289952339065418,0.1329996333774263
54749,Goal Line LP,CA,33.1185,-117.0995,CISO,51.400000000000006,0.0,51.400000000000006,2,0.25088537386809817,0.19298874912930628
1877,George Johnson,MI,43.8393,-85.426,MISO,50.0,50.0,0.0,2,0.18543968921508136,0.1426459147808318
62449,Kimberly Clark Mobile - CHP Plant,AL,30.737741,-88.04977,SOCO,50.0,50.0,0.0,2,0.20628038756642683,0.1586772212049437
7449,Combustion Turbine Project No 2,CA,38.088138,-121.386944,CISO,50.0,50.0,0.0,1,0.24500342501869818,0.18846417309130628
7947,Solway CT,MN,47.544582,-95.129652,MISO,50.0,50.0,0.0,1,0.19709195103700647,0.1516091931053896
55851,Valero Refinery Cogeneration Unit 1,CA,38.0736,-122.1411,CISO,49.9,49.9,0.0,1,0.2421748102672275,0.186288315590175
52186,Yuba City Cogen Partners,CA,39.13667,-121.639846,CISO,49.9,49.9,0.0,1,0.23127019222093076,0.17790014786225442
50493,Double C Generation Limited Partnership,CA,35.5005,-119.046,CISO,49.8,49.8,0.0,2,0.2556362283709113,0.19664325259300872
50494,Kern Front Limited,CA,35.51647,-119.040128,CISO,49.8,49.8,0.0,2,0.2556362283709113,0.19664325259300872
50495,High Sierra Limited,CA,35.509041,-119.030546,CISO,49.8,49.8,0.0,2,0.2556362283709113,0.19664325259300872
56471,McGrath Peaker,CA,34.205556,-119.246944,CISO,49.8,49.8,0.0,1,0.23405005662983688,0.1800385050998745
56472,Grapeland Hybrid,CA,34.0903,-117.5343,CISO,49.8,49.8,0.0,1,0.2533803116558033,0.1949079320429256
56473,Mira Loma Peaker,CA,34.0053,-117.5604,CISO,49.8,49.8,0.0,1,0.2533803116558033,0.1949079320429256
56474,Barre Peaker,CA,33.8073,-117.9832,CISO,49.8,49.8,0.0,1,0.25060259832386783,0.1927712294798983
56475,Center Hybrid,CA,33.9296,-118.1046,CISO,49.8,49.8,0.0,1,0.25374455238500204,0.19518811721923232
4256,Walnut,CA,37.4903,-120.9044,TIDC,49.8,49.8,0.0,2,0.2451699702648508,0.188592284819116
55264,Napoleon Peaking Station,OH,41.4079,-84.1095,PJM,49.5,49.5,0.0,2,0.19314815406898883,0.1485755031299914
50299,AltaGas Ripon Energy Inc.,CA,37.732533,-121.116006,CISO,49.5,49.5,0.0,1,0.24163137224792644,0.1858702863445588
55262,Bowling Green Generating Station,OH,41.397369,-83.641236,PJM,49.5,49.5,0.0,2,0.19126798760003338,0.14712922123079492
10349,Greenleaf 2 Power Plant,CA,39.1365,-121.6397,CISO,49.5,49.5,0.0,1,0.23127019222093076,0.17790014786225442
55263,Galion Generating Station,OH,40.7167,-82.789,PJM,49.5,49.5,0.0,2,0.18595986198711612,0.143046047682397
7844,Minnesota River,MN,44.795231,-93.581013,MISO,49.0,49.0,0.0,1,0.19819071194730067,0.1524543938056159
56356,Clearwater Power Plant,CA,33.8912,-117.6085,CISO,49.0,0.0,49.0,2,0.2533803116558033,0.1949079320429256
52107,Kern River Eastridge Cogen,CA,35.4406,-118.9617,CISO,48.8,48.8,0.0,2,0.2556362283709113,0.19664325259300872
55512,Cuyamaca Peak Energy Plant,CA,32.796491,-116.972071,CISO,48.7,48.7,0.0,1,0.25535542334451644,0.1964272487265511
10776,E F Oxnard Energy Facility,CA,34.1958,-119.1664,CISO,48.5,48.5,0.0,1,0.23405005662983688,0.1800385050998745
50115,US Borax,CA,35.0329,-117.701,CISO,48.2,48.2,0.0,1,0.278258542680105,0.21404503283085
55627,Goose Haven Energy Center,CA,38.226752,-121.843271,CISO,48.0,48.0,0.0,1,0.24331228990812068,0.1871632999293236
55855,Wolfskill Energy Center,CA,38.228522,-122.07525,CISO,48.0,48.0,0.0,1,0.2453918788235355,0.18876298371041192
55625,Creed Energy Center,CA,38.242158,-121.854722,CISO,48.0,48.0,0.0,1,0.24331228990812068,0.1871632999293236
50431,University of Michigan,MI,42.281167,-83.734617,MISO,47.5,0.0,47.5,5,0.19067712103334494,0.14667470848718842
55813,Yuba City Energy Center,CA,39.1392,-121.6387,CISO,47.3,47.3,0.0,1,0.23127019222093076,0.17790014786225442
2682,S A Carlson,NY,42.0933,-79.2478,NYIS,47.3,47.3,0.0,1,0.16962763596769262,0.1304827968982251
55811,King City Peaking,CA,36.224758,-121.124633,CISO,47.3,47.3,0.0,1,0.257021871253778,0.19770913173367538
50026,Corpus Refinery,TX,27.8322,-97.5281,ERCO,47.0,47.0,0.0,1,0.22977847958814307,0.1767526766062639
54149,Stony Brook Cogen Plant,NY,40.916833,-73.129056,NYIS,47.0,47.0,0.0,1,0.19498282976790776,0.1499867921291598
7915,North 1st,NY,40.7171,-73.9664,NYIS,47.0,47.0,0.0,1,0.19626370292759635,0.1509720791750741
7912,Brentwood,NY,40.787062,-73.293412,NYIS,47.0,47.0,0.0,1,0.2011430300899653,0.15472540776151178
55847,Feather River Energy Center,CA,39.109344,-121.60931,CISO,47.0,47.0,0.0,1,0.23033464655654493,0.1771804973511884
8053,Pouch,NY,40.6182,-74.06849,NYIS,47.0,47.0,0.0,1,0.19725860413988117,0.15173738779990859
55626,Lambie Energy Center,CA,38.221577,-121.868333,CISO,47.0,47.0,0.0,1,0.24331228990812068,0.1871632999293236
55963,Riverview Energy Center,CA,38.014423,-121.790679,CISO,47.0,47.0,0.0,1,0.24753895648957785,0.1904145819150599
50971,Tropicana Products Bradenton,FL,27.483358,-82.548341,FPL,46.8,46.8,0.0,1,0.234325433223524,0.1802503332488646
2628,Hillburn,NY,41.1269,-74.1653,NYIS,46.5,46.5,0.0,1,0.1898218581491588,0.1460168139608914
54768,Live Oak Limited,CA,35.4837,-119.0298,CISO,46.0,46.0,0.0,1,0.2556362283709113,0.19664325259300872
10649,Bear Mountain Limited,CA,35.419181,-118.926643,CISO,46.0,46.0,0.0,1,0.2556362283709113,0.19664325259300872
50003,Chalk Cliff Limited,CA,35.0968,-119.4299,CISO,46.0,46.0,0.0,1,0.26112493995501707,0.20086533842693619
10650,Badger Creek Limited,CA,35.483736,-119.029856,CISO,46.0,46.0,0.0,1,0.2556362283709113,0.19664325259300872
50612,McKittrick Limited,CA,35.319503,-119.661992,CISO,46.0,46.0,0.0,1,0.26819745909923176,0.2063057377686398
57908,Central Utility Plant Cincinnati,OH,39.134533,-84.509419,PJM,45.3,0.0,45.3,3,0.19436580619156835,0.14951215860889872
7318,Van Sant Station,DE,39.145036,-75.548172,PJM,45.1,45.1,0.0,1,0.20561962114571386,0.1581689393428568
58151,Central Utility Plant - Texas A&M,TX,30.617778,-96.343333,ERCO,45.1,0.0,45.1,2,0.21402159943459323,0.1646319995650717
55935,Drews Generating Facility,CA,34.0609,-117.3532,CISO,44.8,44.8,0.0,4,0.25877570613420586,0.19905823548785068
55934,Century Generating Facility,CA,34.0606,-117.3533,CISO,44.8,44.8,0.0,4,0.25877570613420586,0.19905823548785068
10243,Ticona Polymers Inc,TX,27.5697,-97.8228,ERCO,44.2,44.2,0.0,1,0.22645010585327366,0.1741923891179028
56397,Hunlock Unit 4,PA,41.2025,-76.068333,PJM,44.0,44.0,0.0,1,0.17524550681008877,0.1348042360077606
1130,Gas Turbine (IA),IA,42.512,-92.476,MISO,43.400000000000006,43.400000000000006,0.0,2,0.19754553718203435,0.1519581055246418
54907,Mass Inst Tech Cntrl Utilities/Cogen Plt,MA,42.360986,-71.093876,ISNE,43.4,43.4,0.0,2,0.19624292567131357,0.1509560966702412
2135,Station H,MO,39.1067,-94.3804,SWPP,43.0,43.0,0.0,2,0.21020682311680103,0.16169755624369309
52096,Berry Placerita Cogen,CA,34.38407,-118.494882,CISO,42.8,42.8,0.0,2,0.25869401155683264,0.19899539350525589
58284,La Luz Energy Center,NM,34.616111,-106.815,PNM,42.3,42.3,0.0,1,0.26824071289872975,0.2063390099220998
1400,Teche,LA,29.822222,-91.5425,MISO,42.2,42.2,0.0,1,0.22122370994347978,0.17017208457190752
55096,Portside Energy,IN,41.6317,-87.1728,MISO,42.0,42.0,0.0,1,0.19181926573248775,0.1475532813326829
8010,Murray Turbine,UT,40.67,-111.89,PACE,42.0,42.0,0.0,3,0.2249974041765952,0.1730749262896886
2049,Jack Watson,MS,30.4392,-89.0286,SOCO,41.9,41.9,0.0,1,0.2166827114593028,0.1666790088148483
2632,Shoemaker,NY,41.4278,-74.4186,NYIS,41.9,41.9,0.0,1,0.18767942450755887,0.1443687880827376
2048,Sweatt,MS,32.2925,-88.7461,SOCO,41.9,41.9,0.0,1,0.20365329910319654,0.1566563839255358
52168,Riverbay,NY,40.869972,-73.824437,NYIS,41.8,0.0,41.8,3,0.19638135261680664,0.1510625789360051
58207,Central Utility Plant at White Oak,MD,39.039444,-76.9825,PJM,41.7,17.2,24.5,8,0.2048599777558547,0.1575845982737344
3993,Sycamore (WI),WI,43.1133,-89.3128,MISO,41.6,41.6,0.0,2,0.19816453897164094,0.1524342607474161
1358,Haefling,KY,38.0794,-84.5194,LGEE,41.4,41.4,0.0,2,0.19921391749825462,0.1532414749986574
50475,Corpus Christi,TX,27.811083,-97.595813,ERCO,41.0,41.0,0.0,1,0.22977847958814307,0.1767526766062639
50846,"Atlantic Alumina, Gramercy Operations",LA,30.054,-90.6693,MISO,40.7,40.7,0.0,2,0.21933925176258887,0.16872250135583758
57953,Roquette America,IA,40.389167,-91.394167,MISO,40.0,0.0,40.0,1,0.20350654029267667,0.1565434925328282
56144,Springs Generating Station,CA,33.9308,-117.2933,CISO,40.0,40.0,0.0,4,0.25877570613420586,0.19905823548785068
55478,Lange Generating Station,SD,44.1218,-103.2641,WACM,40.0,40.0,0.0,1,0.221101620854504,0.17007816988808
55477,Neil Simpson Gas Turbine #2,WY,44.285,-105.3786,WACM,40.0,40.0,0.0,1,0.2190575683248144,0.16850582178831877
2131,Higginsville,MO,39.073315,-93.714748,SWPP,40.0,40.0,0.0,1,0.20993852315487715,0.1614911716575978
2240,Lon Wright,NE,41.4281,-96.4623,SWPP,40.0,40.0,0.0,1,0.21256562021676034,0.1635120155513541
7504,Neil Simpson II,WY,44.2856,-105.3833,WACM,40.0,40.0,0.0,1,0.2190575683248144,0.16850582178831877
7281,Gardner Energy Center,KS,38.830833,-94.890278,SWPP,39.2,39.2,0.0,2,0.21262870928224312,0.16356054560172548
50028,Plant 31 Paper Mill,LA,32.486787,-92.149597,MISO,39.2,39.2,0.0,1,0.20555870330739293,0.1581220794672253
50865,Salinas River Cogeneration,CA,35.9515,-120.8679,CISO,38.9,38.9,0.0,1,0.2528909928290992,0.1945315329454609
10883,Medical Area Total Energy Plant,MA,42.33685,-71.10815,ISNE,38.8,38.8,0.0,3,0.19624292567131357,0.1509560966702412
54518,Formosa Plastics,LA,30.4992,-91.1872,MISO,38.8,38.8,0.0,1,0.21610302387838723,0.16623309529106708
50170,Berry Cogen,CA,35.093046,-119.443617,CISO,38.7,38.7,0.0,1,0.26112493995501707,0.20086533842693619
10864,Archer Daniels Midland Cedar Rapids,IA,41.9221,-91.6875,MISO,38.5,38.5,0.0,1,0.20102928618732258,0.1546379124517866
10568,Port Arthur Texas Refinery,TX,29.964938,-93.891283,MISO,38.4,38.4,0.0,1,0.21363882234447754,0.1643375556495981
55540,Chula Vista Energy Center,CA,32.591667,-117.058611,CISO,37.2,37.2,0.0,1,0.25996153075578765,0.19997040827368281
54004,"WestRock Southeast, LLC.",GA,32.5036,-82.8443,SOCO,37.1,37.1,0.0,1,0.2211159030456342,0.17008915618894938
2903,Bryan (OH),OH,41.471822,-84.543148,PJM,36.8,36.8,0.0,3,0.19464362074234626,0.14972586210949712
58084,"Kimberly Clark-Unit 1,2,3",CT,41.558333,-73.413611,ISNE,36.3,16.1,20.200000000000003,3,0.18978302916923845,0.1459869455147988
10405,Kingsburg Cogen,CA,36.5397,-119.5794,CISO,36.2,0.0,36.2,2,0.24185886630469644,0.1860452817728434
1097,Merl Parr,IA,43.0563,-92.6932,MISO,36.0,36.0,0.0,2,0.1993080900418058,0.1533139154167737
50368,Cornell University Central Heat,NY,42.4428,-76.4764,NYIS,35.7,0.0,35.7,3,0.1698414915035175,0.1306473011565519
62289,Dearborn Energy Center,MI,42.2969,-83.23125,MISO,35.0,0.0,35.0,3,0.18838537959787,0.1449118304599
50969,MU Combined Heat and Power Plant,MO,38.9461,-92.3328,MISO,34.6,34.6,0.0,2,0.20950938467111377,0.16116106513162598
63285,Valero Wilmington Cogeneration Plant,CA,33.778655,-118.23853,LDWP,33.5,33.5,0.0,1,0.2502803164669319,0.19252332035917838
10819,Ada Cogeneration LP,MI,42.962672,-85.494071,MISO,33.1,0.0,33.1,2,0.18349025959185158,0.1411463535321935
10427,New-Indy Ontario Mill,CA,34.045361,-117.540193,CISO,33.0,33.0,0.0,2,0.2533803116558033,0.1949079320429256
57584,University of California San Diego Hybri,CA,32.8747,-117.2392,CISO,33.0,0.0,33.0,3,0.24150782929553907,0.1857752533042608
54372,University of Colorado,CO,40.00759,-105.269204,PSCO,33.0,0.0,33.0,3,0.22127771550198236,0.17021362730921719
2848,O H Hutchings,OH,39.6088,-84.2921,PJM,32.6,32.6,0.0,1,0.19367996970392357,0.1489845920799412
7782,Hamilton Peaking,OH,39.3528,-84.5183,PJM,32.0,32.0,0.0,1,0.19436580619156835,0.14951215860889872
50748,Agnews Power Plant,CA,37.4058,-121.9272,CISO,32.0,0.0,32.0,2,0.24230589148731432,0.1863891472979341
2909,West 41st Street,OH,41.474,-81.7145,PJM,32.0,32.0,0.0,2,0.184553579504784,0.1419642919267569
58191,US Magnesium,UT,40.913333,-112.733889,PACE,32.0,32.0,0.0,2,0.21547891863887858,0.1657530143375989
7783,Bowling Green Peaking,OH,41.3884,-83.6402,PJM,32.0,32.0,0.0,1,0.19126798760003338,0.14712922123079492
673,Tom G Smith,FL,26.612767,-80.0677,FMPP,31.4,0.0,31.4,2,0.23012497429118522,0.1770192109932194
50851,CSUCI Site Authority,CA,34.161951,-119.047916,CISO,31.1,0.0,31.1,2,0.2523757905798372,0.1941352235229517
50850,CamChino Leasing LLC,CA,33.989626,-117.680911,CISO,30.8,0.0,30.8,2,0.25288102657031464,0.1945238665925497
50628,Paulsboro Refinery,NJ,39.84,-75.2583,PJM,30.5,30.5,0.0,1,0.2080655032658584,0.16005038712758338
56509,Tesoro SLC Cogeneration Plant,UT,40.7931,-111.9038,PACE,30.4,30.4,0.0,2,0.2249974041765952,0.1730749262896886
3665,Bountiful City,UT,40.886867,-111.885332,PACE,30.4,30.4,0.0,3,0.2188130599888029,0.1683177384529253
57505,Monroe Generating Station,NC,34.985814,-80.506037,DUK,30.0,30.0,0.0,2,0.21249855294186595,0.16346042533989688
56309,Trigen St. Louis,MO,38.6359,-90.1809,MISO,30.0,0.0,30.0,3,0.20700847422902063,0.1592372878684774
2067,Yazoo,MS,32.8458,-90.4211,MISO,29.1,0.0,29.1,2,0.21736680558309082,0.16720523506391602
57585,Oxnard Paper Mill,CA,34.1414,-119.1831,CISO,29.0,29.0,0.0,1,0.23405005662983688,0.1800385050998745
10805,Kenilworth Energy Facility,NJ,40.6781,-74.2744,PJM,28.8,0.0,28.8,2,0.195554052378786,0.1504261941375277
50849,PE Berkeley,CA,37.870331,-122.26337,CISO,28.5,0.0,28.5,2,0.23525662937938072,0.180966637984139
52073,UCLA So Campus Cogen Project,CA,34.0692,-118.4439,LDWP,28.5,0.0,28.5,2,0.24338556371084946,0.18721966439296112
56668,NIH Cogeneration Facility,MD,39.0,-77.0939,PJM,28.0,28.0,0.0,1,0.2048599777558547,0.1575845982737344
54410,Western Power & Steam Inc,CA,35.440539,-119.012861,CISO,27.7,27.7,0.0,1,0.2556362283709113,0.19664325259300872
57946,Fredericktown Energy Center,MO,37.571672,-90.317251,SWPP,27.6,27.6,0.0,2,0.2067256153428635,0.159019704109895
2250,J Street,NE,40.80788,-96.710667,SWPP,27.0,27.0,0.0,1,0.2170246445795969,0.1669420342919976
55308,Calvert City,KY,37.048333,-88.353889,TVA,26.7,26.7,0.0,1,0.20289294143386127,0.1560714934106625
471,Fruita,CO,39.1364,-108.7347,PSCO,26.6,26.6,0.0,1,0.24253679478273715,0.1865667652174901
55990,Ashtabula,OH,41.890026,-80.7612,PJM,26.1,0.0,26.1,7,0.17625818214063346,0.1355832170312565
54780,University of Illinois Abbott Power Plt,IL,40.105169,-88.241528,MISO,26.0,26.0,0.0,2,0.19875646308255776,0.1528895869865829
68899,Mississippi State University,MS,33.452279,-88.80154,TVA,26.0,26.0,0.0,2,0.21021433825610686,0.1617033371200822
54605,Pratt & Whitney,CT,41.748327,-72.636693,ISNE,25.8,25.8,0.0,1,0.19226125463160862,0.14789327279354508
58159,UCONN Cogen Facility,CT,41.809167,-72.254167,ISNE,25.700000000000003,0.0,25.700000000000003,4,0.1927319593807988,0.14825535336984522
10195,CF Industries Yazoo City Complex,MS,32.90411,-90.3781,MISO,25.0,25.0,0.0,1,0.2157294712321022,0.16594574710161708
54802,Mead Coated Board,AL,32.1761,-85.0272,SOCO,25.0,25.0,0.0,1,0.21198341724521882,0.1630641671117068
7824,Rockwood,CA,32.9553,-115.5364,IID,24.9,24.9,0.0,1,0.2682535381763548,0.2063488755202729
1880,Claude Vandyke,MI,42.731,-85.8551,MISO,24.8,24.8,0.0,1,0.18301473404982666,0.1407805646537128
7795,Custer Energy Center,WI,44.085437,-87.726102,MISO,24.5,24.5,0.0,1,0.1934117787593259,0.1487782913533276
3120,Blossburg,PA,41.706475,-77.08184,PJM,24.0,24.0,0.0,1,0.1748872914539551,0.1345286857338116
50751,Southeast Kern River Cogen,CA,35.4206,-118.9644,CISO,24.0,24.0,0.0,1,0.2556362283709113,0.19664325259300872
1881,Vestaburg,MI,43.4016,-84.9141,MISO,23.7,23.7,0.0,1,0.18502031147357978,0.1423233165181383
55857,Oak Point Cogen,LA,29.811956,-90.00843,MISO,23.5,23.5,0.0,5,0.2186102928073554,0.16816176369796568
10521,Lederle Laboratories,NY,41.0772,-74.0181,NYIS,23.4,0.0,23.4,5,0.19120491696227715,0.1470807053555978
54044,University of Illinois Cogen Facility,IL,41.8675,-87.6524,PJM,23.4,23.4,0.0,3,0.19755383005781826,0.1519644846598602
52122,Wasson CO2 Removal Plant,TX,33.009944,-102.756945,SWPP,23.4,23.4,0.0,1,0.2663361947943234,0.20487399599563338
2177,Miles City GT,MT,46.4112,-105.7953,MISO,23.3,23.3,0.0,1,0.19911091802937322,0.1531622446379794
8026,Hartzog,WY,43.8294,-105.5322,WACM,22.5,22.5,0.0,3,0.22207553517507023,0.17082733475005402
8030,Barber Creek,WY,43.7219,-105.7689,WACM,22.5,22.5,0.0,3,0.22120109883787278,0.17015469141374828
54851,MMSD Jones Island Wastewater,WI,43.0214,-87.9014,MISO,22.1,22.1,0.0,2,0.19507443799089533,0.1500572599929964
3561,Bryan (TX),TX,30.64741,-96.372316,ERCO,22.0,22.0,0.0,1,0.21813134228628941,0.16779334022022263
56038,UMCP CHP Plant,MD,38.985844,-76.935478,PJM,22.0,22.0,0.0,2,0.2048599777558547,0.1575845982737344
60025,Eight Flags Energy,FL,30.6608,-81.4706,JEA,21.6,21.6,0.0,1,0.2260081226291421,0.173852402022417
2487,Coxsackie,NY,42.350889,-73.815798,NYIS,21.3,21.3,0.0,1,0.18336086567583343,0.1410468197506411
55799,Otsego Mill Power Plant,MI,42.4628,-85.6961,MISO,21.2,21.2,0.0,2,0.18558468603874484,0.14275745079903449
2126,Fulton (MO),MO,38.868095,-91.94778,AECI,21.2,21.2,0.0,1,0.20350614610119963,0.1565431893086151
59197,Univ Minnesota CHP Plant,MN,44.978611,-93.240833,MISO,21.0,21.0,0.0,1,0.1983066832568492,0.1525436025052686
10261,Enterprise Products Operating,TX,29.8247,-94.9197,ERCO,20.7,20.7,0.0,6,0.20975103696974245,0.1613469515151865
54321,Goodyear Beaumont Chemical Plant,TX,29.9728,-94.2142,MISO,20.0,20.0,0.0,4,0.2092822672202024,0.16098635940015568
7339,Wellington 2,KS,37.2678,-97.3497,SWPP,20.0,20.0,0.0,1,0.2284340150631338,0.17571847312548752
2914,Dover (OH),OH,40.520066,-81.46815,PJM,19.5,19.5,0.0,1,0.17932671000317607,0.1379436230793662
52147,CP Kelco San Diego Plant,CA,32.6947,-117.1436,CISO,19.2,19.2,0.0,2,0.24150782929553907,0.1857752533042608
2003,Owatonna,MN,44.0833,-93.23,MISO,19.0,19.0,0.0,1,0.19334428279514493,0.1487263713808807
57122,UCI Facilities Management Central Plant,CA,33.6481,-117.8467,CISO,19.0,0.0,19.0,2,0.25103243808438525,0.19310187544952712
1743,St Clair,MI,42.7642,-82.4719,MISO,18.5,18.5,0.0,1,0.18732032891414402,0.1440925607031877
10866,Archer Daniels Midland Peoria,IL,40.677188,-89.604911,MISO,18.0,18.0,0.0,1,0.20426952443279306,0.1571304034098408
4118,Kaukauna Gas Turbine,WI,44.276199,-88.265445,MISO,18.0,18.0,0.0,1,0.19506942396379295,0.1500534030490715
2490,Arthur Kill Generating Station,NY,40.591564,-74.200035,NYIS,18.0,18.0,0.0,1,0.19481652331099308,0.1498588640853793
50622,Berry Cogen Tanne Hills 18,CA,35.089829,-119.440881,CISO,18.0,18.0,0.0,2,0.26112493995501707,0.20086533842693619
58199,Arizona State University CHP,AZ,33.417222,-111.928333,AZPS,17.1,7.9,9.2,2,0.26286759437577806,0.20220584182752158
2503,59th Street,NY,40.771285,-73.99115,NYIS,17.1,17.1,0.0,1,0.19626370292759635,0.1509720791750741
54096,International Paper Riverdale Mill,AL,32.426016,-86.870912,SOCO,17.0,0.0,17.0,1,0.21094942654982016,0.1622687896537078
63423,BYU Central Heating Plant,UT,40.24724,-111.6462,PACE,16.5,16.5,0.0,1,0.22398262997871035,0.1722943307528541
58184,Rand Whitney CHP Plant,CT,41.452778,-72.136111,ISNE,16.5,16.5,0.0,1,0.1938490577777359,0.1491146598290276
58914,MCAGCC Cogen Plant,CA,34.237222,-116.054167,CISO,16.4,16.4,0.0,3,0.280501726900232,0.2157705591540246
2917,Hamilton (OH),OH,39.4098,-84.5543,PJM,16.3,16.3,0.0,1,0.19517098661764018,0.1501315281674155
3470,W A Parish,TX,29.4828,-95.6311,ERCO,16.3,16.3,0.0,1,0.2143159472962573,0.164858420997121
57666,Foxwoods CoGen,CT,41.4731,-71.9606,ISNE,16.2,0.0,16.2,3,0.19342749651872101,0.1487903819374777
9674,Nine Springs,WI,43.0386,-89.3586,MISO,16.2,16.2,0.0,1,0.19816453897164094,0.1524342607474161
1225,Colby,KS,39.403001,-101.038202,SWPP,16.0,16.0,0.0,1,0.23666736854828394,0.1820518219602184
4251,Logan City,UT,41.725833,-111.8433,PACE,15.9,15.9,0.0,3,0.21646721298661417,0.16651324075893398
58584,Princeton University Cogeneration,NJ,40.341389,-74.657222,PJM,15.5,15.5,0.0,1,0.19670541640206288,0.1513118587708176
2144,Marshall (MO),MO,39.1228,-93.2064,SWPP,15.2,15.2,0.0,1,0.20748849097620645,0.1596065315201588
7930,Russell Energy Center,KS,38.899722,-98.839444,SWPP,15.0,15.0,0.0,2,0.22954255955813532,0.1765711996601041
8906,Astoria Generating Station,NY,40.787674,-73.912561,NYIS,15.0,15.0,0.0,1,0.19626370292759635,0.1509720791750741
57322,Mont Belvieu Cogeneration Unit,TX,29.838138,-94.900661,ERCO,15.0,15.0,0.0,1,0.20975103696974245,0.1613469515151865
8028,Arvada,WY,44.69,-106.1092,WACM,15.0,15.0,0.0,2,0.2120167267110489,0.16308978977772992
59860,HP Hood CT,VA,39.132519,-78.187474,PJM,15.0,15.0,0.0,1,0.19382707422052015,0.1490977494004001
10328,T B Simon Power Plant,MI,42.7178,-84.4836,MISO,14.3,14.3,0.0,1,0.18713034105876877,0.1439464161990529
57884,Lake Charles Polymers,LA,30.196571,-93.32197,MISO,14.3,14.3,0.0,1,0.20797933932393387,0.1599841071722568
50061,San Diego State University,CA,32.778225,-117.070114,CISO,14.3,0.0,14.3,3,0.25535542334451644,0.1964272487265511
7715,Pea Ridge,FL,30.59208,-87.135391,FPL,14.1,14.1,0.0,3,0.21633386000427293,0.1664106615417484
50906,Ford Utilities Center,NM,35.084078,-106.625191,PNM,13.7,13.7,0.0,2,0.26590051851615487,0.2045388603970422
971,Waterloo,IL,38.334786,-90.158939,MISO,13.6,13.6,0.0,2,0.2054901742517615,0.1580693648090473
7283,Paragould Turbine,AR,36.024272,-90.509229,SPA,13.6,13.6,0.0,4,0.21189431580422277,0.16299562754170982
52086,Coalinga 25D Cogen,CA,36.1556,-120.3972,CISO,13.6,13.6,0.0,4,0.25598112198388795,0.1969085553722215
65512,"Kansas Ethanol, LLC",KS,38.286173,-98.192128,SWPP,13.5,13.5,0.0,1,0.23416554316742083,0.18012734089801602
52048,Vanderbilt University Power Plant,TN,36.145896,-86.803833,TVA,13.5,13.5,0.0,2,0.19981255466147052,0.15370196512420808
63063,Duke Energy CHP at Clemson University,SC,34.6779,-82.8231,DUK,13.4,13.4,0.0,1,0.21416569908240973,0.1647428454480075
58198,Parnassus Central Utility Plant,CA,37.762524,-122.456747,CISO,13.4,0.0,13.4,3,0.21386674941168513,0.16451288416283472
56478,MJMEUC Generating Station #1,MO,39.251076,-91.640071,SWPP,13.3,13.3,0.0,1,0.21195893763120766,0.1630453366393905
65400,Purdue CHP,IN,40.417023,-86.915334,MISO,13.3,13.3,0.0,1,0.19782817691868634,0.1521755207066818
58140,Summit Street Power Plant,OH,41.143056,-81.340833,PJM,13.2,13.2,0.0,2,0.17890350500698976,0.1376180807746075
54628,Phelps Dodge Refining,TX,31.764458,-106.391314,EPE,12.6,12.6,0.0,3,0.2730987085187685,0.2100759296298219
2123,Columbia (MO),MO,38.964646,-92.316768,MISO,12.5,12.5,0.0,1,0.20950938467111377,0.16116106513162598
52085,Taft 26C Cogen,CA,35.1133,-119.4706,CISO,12.4,12.4,0.0,4,0.26112493995501707,0.20086533842693619
52104,Cymric 36W Cogen,CA,35.3633,-119.6756,CISO,12.4,12.4,0.0,4,0.26819745909923176,0.2063057377686398
58328,North Chicago Energy Center,IL,42.306389,-87.851944,PJM,12.4,12.4,0.0,2,0.19346325530159225,0.1488178886935325
10061,"Mars Wrigley Confectionery US, LLC",NJ,40.8625,-74.825,PJM,12.3,0.0,12.3,2,0.19356005561448322,0.1488923504726794
52076,McKittrick Cogen,CA,35.3161,-119.6597,CISO,12.0,12.0,0.0,2,0.26819745909923176,0.2063057377686398
54550,W&T Onshore Treating Facility (OTF),AL,30.43203,-88.18241,SOCO,12.0,0.0,12.0,4,0.22067818104314998,0.1697524469562692
56039,H. Gonzales,CA,33.9986,-118.2219,CISO,11.8,11.8,0.0,2,0.25101613966286246,0.1930893382022019
62176,Berry NMW Cogens,CA,35.307555,-119.611551,CISO,11.4,11.4,0.0,2,0.2532106452092689,0.19477741939174528
62762,NASA Johnson Space Center CHP,TX,29.562372,-95.089302,ERCO,11.2,11.2,0.0,2,0.21797782437681526,0.16767524952062712
61676,NCSU Cates Cogeneration Plant,NC,35.784027,-78.674704,CPLE,11.2,11.2,0.0,2,0.20787657824690212,0.1599050601899247
1332,West 14th Street,KS,37.2354,-97.011,SWPP,11.0,11.0,0.0,1,0.22512123520550897,0.1731701809273146
68493,Central Heating Plant,MA,42.390084,-72.537141,ISNE,11.0,11.0,0.0,1,0.18945863995817866,0.1457374153524451
54808,New York University Central Plant,NY,40.7899,-73.9233,NYIS,11.0,0.0,11.0,2,0.19626370292759635,0.1509720791750741
58161,Western Michigan University Power Plant,MI,42.28,-85.606389,MISO,10.9,0.0,10.9,3,0.1904428407884517,0.1464944929141936
57788,US GSA Heating and Transmission,DC,38.885709,-77.028373,PJM,10.8,10.8,0.0,2,0.2048599777558547,0.1575845982737344
50366,University of Notre Dame,IN,41.7094,-86.2367,PJM,10.8,10.8,0.0,2,0.19064790690464153,0.1466522360804935
10275,Florida's Natural Growers,FL,27.9114,-81.6006,FPC,10.7,10.7,0.0,2,0.23226480764037757,0.1786652366464443
10123,Hoffmann LaRoche,NJ,40.8359,-74.155,PJM,10.6,10.6,0.0,2,0.195554052378786,0.1504261941375277
54520,Village Creek Water Reclamation Facility,TX,32.775093,-97.14209,ERCO,10.6,10.6,0.0,2,0.22705043610836667,0.1746541816218205
58181,Loyola University Health Plant,IL,41.855833,-87.835556,PJM,10.6,10.6,0.0,2,0.19755383005781826,0.1519644846598602
50411,Rutgers Biomedical and Health Cogen,NJ,40.73928,-74.187633,PJM,10.5,10.5,0.0,3,0.195554052378786,0.1504261941375277
52061,Hartford Hospital Cogeneration,CT,41.7631,-72.6733,ISNE,10.4,0.0,10.4,2,0.19226125463160862,0.14789327279354508
10206,Loma Linda University Cogen,CA,34.050391,-117.248417,CISO,10.4,10.4,0.0,2,0.25877570613420586,0.19905823548785068
56127,Macon Energy Center,MO,39.748975,-92.384476,AECI,10.0,10.0,0.0,1,0.20358640431953814,0.1566049263996447
1124,Atlantic,IA,41.409,-95.0,MISO,10.0,10.0,0.0,1,0.20992873228406356,0.16148364021851042
753,Crisp Plant,GA,31.844708,-83.940734,SOCO,10.0,10.0,0.0,2,0.2224031385592952,0.171079337353304
54236,Pfizer Groton Plant,CT,41.3315,-72.0786,ISNE,10.0,10.0,0.0,1,0.19168083888787027,0.14744679914451558
58947,Bristol Myers Squibb Lawrenceville,NJ,40.324722,-74.707778,PJM,9.9,9.9,0.0,2,0.19670541640206288,0.1513118587708176
7480,Rowesville Rd Plant,SC,33.436637,-80.847389,SCEG,9.6,9.6,0.0,2,0.2196961690607805,0.1689970531236773
54829,Bristol Myers Squibb New Brunswick,NJ,40.475724,-74.446199,PJM,9.5,9.5,0.0,1,0.19652781976723116,0.1511752459747932
58258,Central Utilities Plant LAX 2,CA,33.943889,-118.404167,LDWP,9.2,9.2,0.0,2,0.24338556371084946,0.18721966439296112
61703,Sikorsky Aircraft CHP,CT,41.250009,-73.09865,ISNE,9.2,9.2,0.0,1,0.1943066581896531,0.149466660145887
56229,Cogeneration 1,AZ,32.229922,-110.952797,TEPC,9.0,0.0,9.0,1,0.2639204272454144,0.2030157132657034
10008,Baptist Medical Center,FL,30.314467,-81.662705,JEA,9.0,9.0,0.0,3,0.2183257489476289,0.1679428838058684
10431,Anheuser-Busch Jacksonville,FL,30.43424,-81.645351,JEA,8.7,8.7,0.0,1,0.21094852447239415,0.1622680957479955
57348,CityCenter Central Plant Cogen Units,NV,36.1039,-115.1794,NEVP,8.6,8.6,0.0,2,0.2709825852015767,0.2084481424627513
10188,Cutrale Citrus Juices USA II,FL,28.05485,-81.798166,TEC,8.2,8.2,0.0,2,0.22817922601329585,0.1755224815486891
58330,The Andersons Albion Ethanol LLC,MI,42.256111,-84.788333,MISO,8.1,8.1,0.0,1,0.1879647424398267,0.1445882634152513
56090,Blacksand Generating Facility,CA,33.9328,-117.855,CISO,8.0,8.0,0.0,3,0.25288102657031464,0.1945238665925497
61282,APG Combined Heat and Power Plant,MD,39.3975,-76.2991,PJM,7.9,7.9,0.0,1,0.20643188204624935,0.1587937554201918
59452,East. Michigan Univ. Heating Plant,MI,42.248889,-83.628889,MISO,7.8,7.8,0.0,1,0.19067712103334494,0.14667470848718842
61238,New York Presbyterian Hospital- 68th Street,NY,40.764396,-73.95393,NYIS,7.7,7.7,0.0,1,0.19626370292759635,0.1509720791750741
50389,Port Allen (LA),LA,30.477,-91.211,MISO,7.6,7.6,0.0,2,0.21610302387838723,0.16623309529106708
61488,NYU LANGONE HEALTH,NY,40.746778,-73.972226,NYIS,7.5,7.5,0.0,1,0.19626370292759635,0.1509720791750741
62492,"DTE Atlantic, LLC",NJ,39.3733,-74.4369,PJM,7.5,7.5,0.0,1,0.20791351154434967,0.15993347041873052
63347,"AOC, Capitol Power Plant",DC,38.882704,-77.007443,PJM,7.5,7.5,0.0,1,0.2048599777558547,0.1575845982737344
61857,Toray Plastic America's CHP Plant,RI,41.593802,-71.427609,ISNE,7.5,7.5,0.0,1,0.20155257790611408,0.15504044454316468
54240,Louisiana Tech University Power Plant,LA,32.5256,-92.6497,MISO,7.5,7.5,0.0,1,0.20335811738100407,0.1564293210623108
50087,Univ of Massachusetts Medical Center,MA,42.279015,-71.759772,ISNE,7.5,7.5,0.0,1,0.19096525564580336,0.1468963504967718
58138,Otter Creek Ethanol Poet - Ashton,IA,43.275,-95.809722,MISO,7.5,7.5,0.0,1,0.20714773860556815,0.1593444143119755
58597,HTW Plant 303 COGEN,UT,40.763056,-111.841667,PACE,7.4,7.4,0.0,1,0.2219762238875726,0.17075094145197892
58254,Chatham,MI,42.934444,-85.3475,MISO,7.300000000000001,7.300000000000001,0.0,2,0.18909829387883095,0.1454602260606392
550,Kettle Falls Generating Station,WA,48.620336,-118.111059,AVA,7.2,7.2,0.0,1,0.1742190930790574,0.1340146869838903
54225,Gillette SBMC,MA,42.3436,-71.0559,ISNE,7.2,7.2,0.0,1,0.19624292567131357,0.1509560966702412
61927,Georgia-Pacific Taylorsville Plywood,MS,31.837173,-89.4635,SOCO,7.2,7.2,0.0,1,0.20676615239820137,0.1590508864601549
52077,Lost Hills Cogeneration Plant,CA,35.666111,-119.766944,CISO,7.0,7.0,0.0,2,0.24807473617804893,0.1908267201369607
58195,East Campus Steam Plant,PA,40.809167,-77.8475,PJM,7.0,7.0,0.0,1,0.17721000942357676,0.13631539186428981
54800,Saint Agnes Medical Center,CA,36.8347,-119.7667,CISO,7.0,7.0,0.0,2,0.2431117594136586,0.1870090457028143
50621,Central Power Plant,RI,41.744973,-71.458415,ISNE,7.0,7.0,0.0,2,0.1986693829253721,0.1528226022502862
52081,Cymric 31X Cogen,CA,35.3639,-119.6592,CISO,6.8,6.8,0.0,2,0.26819745909923176,0.2063057377686398
50750,Coalinga Cogeneration Facility,CA,36.170317,-120.364084,CISO,6.8,6.8,0.0,2,0.25660565396902657,0.19738896459155889
52082,Cymric 6Z Cogen,CA,35.346102,-119.643431,CISO,6.8,6.8,0.0,2,0.26819745909923176,0.2063057377686398
54630,American Gypsum Cogeneration,CO,39.648565,-106.949394,PSCO,6.4,6.4,0.0,2,0.2259341373433182,0.1737954902640909
63501,Montclair State University Cogen,NJ,40.865207,-74.196651,PJM,6.4,6.4,0.0,1,0.195554052378786,0.1504261941375277
56163,Kennecott Power Plant,UT,40.7119,-112.1225,PACE,6.4,6.4,0.0,1,0.2249974041765952,0.1730749262896886
60742,Argonne National Laboratory CHP,IL,41.716534,-87.970608,PJM,6.3,6.3,0.0,1,0.19136211917270043,0.14720163013284648
50200,B Braun Medical,CA,33.688721,-117.834793,CISO,6.1,6.1,0.0,2,0.25103243808438525,0.19310187544952712
58194,West Campus Steam Plant,PA,40.792778,-77.864722,PJM,6.1,6.1,0.0,1,0.17721000942357676,0.13631539186428981
54449,Dome Project,CA,35.220833,-119.583056,CISO,6.0,6.0,0.0,2,0.2532106452092689,0.19477741939174528
10548,San Jose Cogeneration,CA,37.336113,-121.878332,CISO,6.0,6.0,0.0,1,0.24780566913796656,0.1906197454907435
50537,SRI International Cogen Project,CA,37.455314,-122.172797,CISO,6.0,6.0,0.0,1,0.24693555398457714,0.1899504261419824
54333,Bucknell University,PA,40.955015,-76.878843,PJM,5.9,0.0,5.9,2,0.184078240939387,0.14159864687645152
50203,US Gypsum Oakfield,NY,43.0647,-78.2972,NYIS,5.8,5.8,0.0,1,0.17039387556682195,0.1310722119744784
54228,Erving Paper Mills,MA,42.5983,-72.3875,ISNE,5.6,5.6,0.0,1,0.18945863995817866,0.1457374153524451
61675,NCSU CCUP Cogeneration Plant,NC,35.775583,-78.673723,CPLE,5.6,5.6,0.0,1,0.20787657824690212,0.1599050601899247
60536,UA Central Utility Plant,AR,36.066336,-94.172254,SWPP,5.6,5.6,0.0,1,0.21074901276799646,0.1621146252061511
63485,ECP Uptown Campus,PA,40.43727,-79.98741,PJM,5.6,5.6,0.0,1,0.18114149804270094,0.1393396138790007
59496,BYUI Central Energy Facility,ID,43.816944,-111.785833,PACE,5.6,5.6,0.0,1,0.20581595858740895,0.15831996814416072
63483,ACM - Midtown Thermal,NJ,39.359831,-74.434228,PJM,5.5,5.5,0.0,1,0.20791351154434967,0.15993347041873052
57653,Oregon State University Energy Center,OR,44.564333,-123.289089,BPAT,5.5,0.0,5.5,1,0.1775830562126296,0.136602350932792
58400,Central Energy Facility,SC,34.679444,-82.840278,DUK,5.5,5.5,0.0,1,0.21416569908240973,0.1647428454480075
59233,Cogeneration 2,AZ,32.240833,-110.948333,TEPC,5.5,0.0,5.5,1,0.2639204272454144,0.2030157132657034
58166,Smith College Central Heating Plant,MA,42.3125,-72.639444,ISNE,5.3,5.3,0.0,1,0.19013703760796982,0.1462592596984383
50963,Naval Hospital Medical Center,CA,32.7261,-117.1464,CISO,5.3,5.3,0.0,1,0.24150782929553907,0.1857752533042608
58507,Montefieor Medical Center Moses Division,NY,40.881389,-73.880278,NYIS,5.3,5.3,0.0,1,0.19120491696227715,0.1470807053555978
10108,Hampton Facility,NH,42.9383,-70.8406,ISNE,5.0,5.0,0.0,1,0.19581087886696844,0.1506237529745911
55278,Beaver Creek Gas Plant,WY,42.8475,-108.3136,WACM,5.0,5.0,0.0,2,0.23713946313113343,0.1824149716393334
55036,University of Tennessee Steam Plant,TN,35.949209,-83.926065,TVA,5.0,5.0,0.0,1,0.20585097660183732,0.1583469050783364
59381,"The Methodist Hospital, Gas Turbine",TX,29.709444,-95.400278,ERCO,5.0,5.0,0.0,1,0.2110174983136931,0.16232115254899468
10122,CIP II/AR Bridgewater Holdings - NJCOE,NJ,40.624,-74.634,PJM,5.0,5.0,0.0,1,0.19041935762195647,0.1464764289399665
58179,MTSU Power Co-Gen Plant,TN,35.851389,-86.365,TVA,5.0,5.0,0.0,1,0.20054074864834065,0.1542621143448774
54447,Welport Lease Project,CA,35.354444,-119.6617,CISO,5.0,5.0,0.0,1,0.26819745909923176,0.2063057377686398
58139,Central Energy Plant USU,UT,41.748611,-111.811667,PACE,5.0,5.0,0.0,1,0.21646721298661417,0.16651324075893398
58136,Adkins Energy LLC,IL,42.362222,-89.803611,PJM,5.0,5.0,0.0,1,0.19650516597483383,0.1511578199806414
54918,Ergon Refining Vicksburg,MS,32.388271,-90.908344,MISO,4.8,4.8,0.0,1,0.21423003587123032,0.16479233528556178
10175,Childrens Hospital,CA,32.7992,-117.1517,CISO,4.8,4.8,0.0,1,0.24150782929553907,0.1857752533042608
54975,New Mexico State University,NM,32.164818,-106.451281,EPE,4.7,4.7,0.0,1,0.274037515203401,0.21079808861800078
54262,Saint Marys Hospital Power Plant,MN,44.09785,-92.479815,MISO,4.7,4.7,0.0,1,0.19565645669991552,0.1505049666922427
54933,Mondelez Global LLC,IL,42.3156,-89.0356,PJM,4.7,4.7,0.0,1,0.20010865896010574,0.1539297376616198
59373,Broshco Fabricated Products,OH,40.776111,-82.568611,PJM,4.7,4.7,0.0,4,0.18381839763789218,0.1413987674137632
61822,"Princeton Energy Center, LLC",NJ,40.339838,-74.62393,PJM,4.6,4.6,0.0,1,0.20030502543971637,0.15408078879978182
58664,Frito Lay Incorporated,CT,41.862778,-71.891667,ISNE,4.6,4.6,0.0,1,0.19279030407290199,0.1483002339022323
58169,CSUF Trigeneration,CA,33.880638,-117.88656,CISO,4.6,4.6,0.0,1,0.25374455238500204,0.19518811721923232
59458,W Plant,CA,32.903333,-117.195556,CISO,4.6,4.6,0.0,1,0.24476766949175022,0.1882828226859617
56374,Robert Mueller Energy Center,TX,30.304994,-97.707675,ERCO,4.6,4.6,0.0,1,0.21828333348271592,0.16791025652516609
66018,Norton Powerhouse 2,MA,42.299,-71.804,ISNE,4.6,4.6,0.0,1,0.19096525564580336,0.1468963504967718
57798,OBP Cogen,NY,40.754865,-73.983248,NYIS,4.6,4.6,0.0,1,0.19626370292759635,0.1509720791750741
63478,Ross Hall Central Utility Plant,DC,38.900216,-77.050788,PJM,4.6,4.6,0.0,1,0.2048599777558547,0.1575845982737344
58100,Kern Oil & Refining Co,CA,35.295556,-118.918333,CISO,4.5,4.5,0.0,1,0.24910001170653626,0.1916153936204125
56928,Fairfield University CHP Plant,CT,41.1589,-73.2572,ISNE,4.5,4.5,0.0,1,0.19472776075765713,0.1497905851981978
55037,Opryland USA,TN,36.211389,-86.694444,TVA,4.5,4.5,0.0,1,0.19981255466147052,0.15370196512420808
10115,Grossmont Hospital,CA,32.77973,-117.006397,CISO,4.5,4.5,0.0,1,0.25535542334451644,0.1964272487265511
50064,University of California Santa Cruz,CA,36.9997,-122.0622,CISO,4.4,4.4,0.0,1,0.2382353280947817,0.18325794468829362
58152,Danbury Hospital Cogen Plant,CT,41.405278,-73.4475,ISNE,4.3,4.3,0.0,1,0.18978302916923845,0.1459869455147988
54790,CSL Behring LLC,IL,41.1603,-87.8542,PJM,4.2,4.2,0.0,1,0.19670608339487222,0.1513123718422094
60276,West Groton CHP,MA,42.61343,-71.633767,ISNE,4.1,4.1,0.0,1,0.1948069710800915,0.149851516215455
56518,South Energy Center,FL,29.6383,-82.34,GVL,4.1,4.1,0.0,1,0.2126963054667272,0.1636125426667132
59453,Albany Medical Ctr Cogen Plant,NY,42.655,-73.7777,NYIS,4.1,4.1,0.0,1,0.18523551370044775,0.1424888566926521
10020,Cutrale Citrus Juices USA I,FL,28.811828,-81.865273,FPC,4.1,4.1,0.0,1,0.23782008852355963,0.1829385296335074
50326,Nalco,IL,41.800909,-88.197156,PJM,4.0,0.0,4.0,1,0.19584652916474427,0.1506511762805725
57179,HSCo CHP,CT,41.7614,-72.6686,ISNE,4.0,4.0,0.0,1,0.19226125463160862,0.14789327279354508
50054,Rice University,TX,29.721048,-95.39536,ERCO,3.8,3.8,0.0,1,0.2110174983136931,0.16232115254899468
58153,Eastern Maine Medical Center,ME,44.808333,-68.750833,ISNE,3.8,3.8,0.0,1,0.18824050813564805,0.1448003908735754
56190,Central Michigan University,MI,43.590456,-84.779,MISO,3.8,3.8,0.0,1,0.184980514795771,0.1422927036890546
54330,Westhollow Technology Center,TX,29.726017,-95.638249,ERCO,3.7,3.7,0.0,1,0.21112384648777527,0.1624029588367502
63492,DCO Burlington,NJ,40.108316,-74.826404,PJM,3.5,3.5,0.0,1,0.2019054509803018,0.15531188536946292
59794,Chicago West Side Energy Center,IL,41.870751,-87.678378,PJM,3.5,3.5,0.0,1,0.19755383005781826,0.1519644846598602
59448,Waxdale,WI,42.709444,-87.885278,MISO,3.5,3.5,0.0,1,0.19413899573470855,0.1493376890266989
61956,MCRD Parris Island PV Hybrid,SC,32.329402,-80.694722,SCEG,3.5,3.5,0.0,1,0.2267518573799223,0.1744245056768633
10042,Kaweah Delta District Hospital,CA,36.3275,-119.2947,CISO,3.5,3.5,0.0,1,0.24091667540658968,0.18532051954353052
57573,CCCSD Wastewater Treatment Plnt,CA,37.9978,-122.0697,CISO,3.5,3.5,0.0,1,0.25116580001372496,0.19320446154901919
55184,Aera San Ardo Cogen Facility,CA,35.953293,-120.859952,CISO,3.2,3.2,0.0,1,0.2528909928290992,0.1945315329454609
54604,Warner Lambert,MI,42.299332,-83.705318,MISO,3.0,3.0,0.0,1,0.19067712103334494,0.14667470848718842
58265,NCAH Central Utility Plant,IA,42.046111,-93.579444,MISO,3.0,3.0,0.0,1,0.20126071692881087,0.15481593609908528
58585,Sierra Nevada Brewing Co Hybrid,CA,39.724167,-121.815278,CISO,2.0,2.0,0.0,1,0.225234133419867,0.17325702570759
59727,Bull Street Plant,SC,33.489767,-80.870272,SCEG,2.0,2.0,0.0,1,0.2196961690607805,0.1689970531236773
59728,Substation 20 Plant,SC,33.440183,-80.8417,SCEG,2.0,2.0,0.0,1,0.2196961690607805,0.1689970531236773
62757,Bridgewater Complex Co-Generation Plant,MA,41.931838,-70.958393,ISNE,1.5,1.5,0.0,1,0.19103022451696133,0.14694632655150872
10302,Juniata Locomotive Shop,PA,40.533299,-78.384125,PJM,1.5,1.5,0.0,1,0.1823617238407613,0.1402782491082779
50610,Saint Johns Health Center,CA,34.030318,-118.47844,CISO,1.2,1.2,0.0,1,0.24338556371084946,0.18721966439296112
58185,Amherst College Co Gen,MA,42.371667,-72.512222,ISNE,1.2,1.2,0.0,1,0.19073068122733053,0.1467159086364081
64241,Maryland Bioenergy Center (Jessup),MD,39.1578,-76.78042,PJM,1.1,1.1,0.0,1,0.20931356004676596,0.16101043080520458
62901,Phoenix Contact - CCHP Plant,PA,40.229379,-76.75007,PJM,1.0,1.0,0.0,1,0.1907500213890383,0.1467307856838756
63535,Solar BESS Hybrid,GA,33.979348,-84.556128,SOCO,1.0,1.0,0.0,1,0.20571204734155335,0.1582400364165795
58168,Energy Center,CA,34.063056,-117.163889,CISO,0.8999999999999999,0.8999999999999999,0.0,3,0.25877570613420586,0.19905823548785068
62736,Harbec Energy,NY,43.22731,-77.364092,NYIS,0.5,0.5,0.0,1,0.18372545588751316,0.1413272737596255
