plant_code,name,state,lat,lon,ba,nameplate_MW_total,nameplate_MW_peaker,nameplate_MW_ccgt,n_units,net_gen_MWh_2024,gas_cf
56407,West County Energy Center,FL,26.6986,-80.3747,FPL,4263.0,0.0,4263.0,12,19808418.7,0.530432796484993
710,Jack McDonough,GA,33.8239,-84.4758,SOCO,2764.8,0.0,2764.8,9,17985506.178999998,0.7425998172640659
612,Fort Myers,FL,26.6967,-81.7831,FPL,2556.9,835.4,1721.5,12,9733853.770000001,0.4345772309005037
6043,Martin,FL,27.0536,-80.5628,FPL,2448.5,0.0,2448.5,11,7498886.4,0.3496170146105667
55380,Union Power Station,AR,33.296146,-92.589364,MISO,2428.0,0.0,2428.0,12,9989430.0,0.4696646995102796
620,Sanford,FL,28.8419,-81.3256,FPL,2377.8,0.0,2377.8,10,9039120.0,0.4339570248543318
7873,H L Culbreath Bayside Power Station,FL,27.9072,-82.4231,TEC,2293.7,279.6,2014.1,13,5076787.0,0.25266682433499105
7277,Lincoln Combustion,NC,35.4317,-81.0347,DUK,2290.0,2290.0,0.0,17,2891.577,0.00014414353651971047
7302,Hines Energy Complex,FL,27.788215,-81.869983,FPC,2266.3,0.0,2266.3,12,12354258.0,0.6222933524500438
7805,Sherwood H Smith Jr Energy Complex,NC,34.8392,-79.7406,CPLE,2244.8,997.0,1247.8,11,9407624.299999999,0.47840774884705634
62949,Guernsey Power Station,OH,39.9364,-81.5354,PJM,2055.0,0.0,2055.0,3,11615196.0,0.6452241442522414
7710,H Allen Franklin Combined Cycle,AL,32.6078,-85.0975,SOCO,1995.6999999999998,0.0,1995.6999999999998,9,11738168.0,0.6714303332072632
628,Crystal River,FL,28.9656,-82.6977,FPC,1970.6,0.0,1970.6,6,12208599.0,0.7072341849850334
55480,Forney Energy Center,TX,32.7563,-96.4916,ERCO,1894.1999999999998,0.0,1894.1999999999998,8,9680206.0,0.5833841975672915
1378,Paradise,KY,37.2608,-86.9783,TVA,1853.6,693.5999999999999,1160.0,7,7675938.0,0.47272800503721746
3,Barry,AL,31.0069,-88.0103,SOCO,1844.8,0.0,1844.8,8,13173069.0,0.815142562879445
59913,Greensville County Power Station,VA,36.718236,-77.649559,PJM,1773.3,0.0,1773.3,4,11532140.0,0.7423754231655915
2406,PSEG Linden Generating Station,NJ,40.6217,-74.2072,PJM,1740.0,384.4,1355.6,10,4768697.274,0.31285737639741773
55091,Midlothian Energy Facility,TX,32.4302,-97.0537,ERCO,1734.0,0.0,1734.0,6,6338657.0,0.41729583721750857
55199,Elwood Energy LLC,IL,41.4388,-88.1236,PJM,1728.0,1728.0,0.0,9,216541.0,0.014305145970742433
60345,Okeechobee Clean Energy Center,FL,27.634167,-80.791111,FPL,1723.1,0.0,1723.1,4,11062229.0,0.7328718760840145
7845,Lagoon Creek,TN,35.6578,-89.3964,TVA,1625.2,1020.8,604.4000000000001,15,3495607.097,0.24553403030410306
58001,Temple Power Station,TX,31.055833,-97.317222,ERCO,1606.4,0.0,1606.4,6,7360248.0,0.523039690552857
7242,Polk,FL,27.7286,-81.9897,TEC,1591.6000000000001,0.0,1591.6000000000001,7,5763349.8,0.4133680848426843
60357,Lackawanna Energy Center,PA,41.471389,-75.544167,PJM,1498.5,0.0,1498.5,3,9607813.0,0.7319201240814635
55939,Warren County,VA,38.971667,-78.177222,PJM,1472.2,0.0,1472.2,4,9420053.0,0.7304364325375188
58260,Brunswick County Power Station,VA,36.765,-77.713889,PJM,1472.2,0.0,1472.2,4,9343385.0,0.7244915508675551
10745,Midland Cogeneration Venture,MI,43.5861,-84.2242,MISO,1468.6,0.0,1468.6,14,10766051.4,0.8368523092536178
55322,Chuck Lenzie Generating Station,NV,36.383719,-114.921779,NEVP,1465.6,0.0,1465.6,6,5508876.0,0.42908510049650056
55524,York Energy Center,PA,39.7375,-76.306666,PJM,1449.4,0.0,1449.4,7,9155096.1,0.7210585721819704
65978,Dania Beach 7,FL,26.0686,-80.1984,FPL,1447.7,0.0,1447.7,3,7051595.1,0.556038274220516
55358,Cottonwood Energy Company LP,TX,30.2588,-93.7353,MISO,1433.6,0.0,1433.6,8,5975182.0,0.47579408609548274
55463,Redbud Power Plant,OK,35.6856,-97.2264,SWPP,1433.6,0.0,1433.6,8,5123359.0,0.40796479724702384
55736,Hanging Rock Energy Facility,OH,38.5731,-82.7833,PJM,1429.8000000000002,0.0,1429.8000000000002,6,8326927.0,0.6648219631573467
3406,Johnsonville,TN,36.0278,-87.9861,TVA,1426.0,1426.0,0.0,20,777787.14,0.0622640156391093
2398,Bergen Generating Station,NJ,40.8375,-74.0244,PJM,1400.8,0.0,1400.8,8,2159204.0,0.17595979075231635
260,Dynegy Moss Landing Power Plant Hybrid,CA,36.804837,-121.782241,CISO,1398.0,0.0,1398.0,6,4026041.0,0.32875087372044864
55173,Acadia Energy Center,LA,30.428611,-92.413056,MISO,1389.1999999999998,0.0,1389.1999999999998,6,5787348.0,0.47556591159196787
56150,McIntosh Combined Cycle Facility,GA,32.3478,-81.1817,SOCO,1376.6,0.0,1376.6,6,8034741.0,0.6662849605639465
2322,Clark (NVE),NV,36.0875,-115.0507,NEVP,1375.6,796.8,578.8,19,984492.0,0.081698845236151
55501,Kiamichi Energy Facility,OK,34.6831,-95.9349,ERCO,1370.0,0.0,1370.0,6,5313755.0,0.4427686398026864
634,P L Bartow,FL,27.859535,-82.601759,FPC,1364.8,110.8,1254.0,7,6298582.976,0.526829074927599
617,Port Everglades,FL,26.0856,-80.1253,FPL,1352.0,0.0,1352.0,4,5788927.0,0.4887843310096998
55298,Fairless Energy Center,PA,40.1475,-74.7411,PJM,1338.0,0.0,1338.0,6,7691098.0,0.6561877606459583
8068,Santan,AZ,33.3325,-111.7503,SRP,1326.0,0.0,1326.0,9,6017825.0,0.5180741509810809
52019,Doswell Energy Center,VA,37.820805,-77.446246,PJM,1313.0,561.0,752.0,9,5647208.640000001,0.4909813560913521
57185,Cricket Valley Energy,NY,41.676111,-73.581111,NYIS,1312.5,0.0,1312.5,6,4161152.0,0.36191798217003696
645,Big Bend,FL,27.7944,-82.4036,TEC,1311.0,69.9,1241.1,4,6505134.0,0.5664341765670877
7897,E B Harris Electric Generating Plant,AL,32.381352,-86.574366,SOCO,1304.0,0.0,1304.0,6,4979804.0,0.43594384682186177
63931,CPV Three Rivers Energy Center,IL,41.372222,-88.284444,PJM,1300.0,0.0,1300.0,2,6367342.0,0.5591273270108886
619,Riviera,FL,26.7653,-80.0525,FPL,1295.0,0.0,1295.0,4,7217016.6,0.6361855926376474
609,Cape Canaveral,FL,28.4698,-80.7644,FPL,1295.0,0.0,1295.0,4,6522005.6,0.5749198356869589
62926,"Jackson Generation, LLC",IL,41.438536,-88.110626,PJM,1288.6,0.0,1288.6,2,7249584.0,0.6422303912709769
55230,Jack County,TX,33.101,-97.9574,ERCO,1280.0,0.0,1280.0,6,6761183.0,0.6029879245148402
400,Haynes,CA,33.764741,-118.09913,LDWP,1279.1000000000001,649.2,629.9000000000001,9,2400637.0,0.2142485494759621
55372,Harquahala Generating Project,AZ,33.47596,-113.113434,HGMA,1277.1,0.0,1277.1,6,3343384.0,0.29885274464227424
62192,Blue Water Energy Center,MI,42.773716,-82.479331,MISO,1267.4,0.0,1267.4,3,7440041.0,0.6701276225804383
55131,Kendall County Generation Facility,IL,41.4797,-88.2581,PJM,1256.0,0.0,1256.0,8,4629766.0,0.4207898888985836
56237,Lake Side Power Plant,UT,40.331667,-111.754167,PACE,1246.5,0.0,1246.5,6,6106345.0,0.5592229017504721
55965,Wansley Combined Cycle,GA,33.406385,-85.036988,SOCO,1239.0,0.0,1239.0,6,7831043.0,0.7215130592133147
55502,"Lawrenceburg Power, LLC",IN,39.0911,-84.8669,PJM,1232.0,0.0,1232.0,6,8524583.0,0.7898749295795529
59812,Wolf Hollow II,TX,32.337679,-97.734612,ERCO,1231.2,0.0,1231.2,3,6461028.0,0.5990580522844402
60122,Colorado Bend II,TX,29.289415,-96.065399,ERCO,1230.3,0.0,1230.3,3,6978581.0,0.6475182204882278
4040,Port Washington Generating Station,WI,43.3842,-87.8689,MISO,1229.6,0.0,1229.6,6,7547276.0,0.7006841145206668
6042,Manatee,FL,27.6058,-82.3456,FPL,1224.6,0.0,1224.6,5,6559696.0,0.6114843575798117
621,Turkey Point,FL,25.4356,-80.3308,FPL,1224.0,0.0,1224.0,5,6919751.8,0.6453643828155311
55405,Athens Generating Plant,NY,42.2728,-73.8492,NYIS,1221.6000000000001,0.0,1221.6000000000001,6,3970125.0,0.37099755766073683
613,Lauderdale,FL,26.0686,-80.1984,FPL,1215.9,1215.9,0.0,7,244265.35,0.02293294874120341
55225,Oneta Energy Center,OK,36.0119,-95.6967,SWPP,1214.0,0.0,1214.0,6,5647008.0,0.5310013314978222
60356,South Field Energy,OH,40.63534,-80.678245,PJM,1210.4,0.0,1210.4,4,8597458.0,0.8108435039399783
117,West Phoenix,AZ,33.4417,-112.1583,AZPS,1207.4,106.2,1101.2,10,3309267.0,0.312879083550979
60589,CPV Fairview Energy Center,PA,40.412,-78.855,PJM,1197.0,0.0,1197.0,3,7610155.0,0.7257637053058826
60368,Hummel Station LLC,PA,40.839014,-76.825517,PJM,1194.4,0.0,1194.4,4,7573388.0,0.7238295454893001
6071,Trimble County,KY,38.5847,-85.4117,LGEE,1194.0,1194.0,0.0,6,1538690.0,0.14711017033416704
7826,Rowan,NC,35.7314,-80.6019,DUK,1192.0,598.2,593.8,6,4137517.82,0.39624109550733966
55382,Thomas A Smith Energy Facility,GA,34.7094,-84.9175,SOCO,1192.0,0.0,1192.0,6,8524594.0,0.8163818531457816
3469,T H Wharton,TX,29.9417,-95.5306,ERCO,1189.9,526.3,663.6,17,671810.0,0.06445133143071384
136,Seminole (FL),FL,29.733056,-81.632778,SEC,1183.2,0.0,1183.2,3,8279282.0,0.7987859330474435
55297,New Covert Generating Facility,MI,42.32238,-86.29368,PJM,1176.0,0.0,1176.0,6,7172013.0,0.6961929806169043
55464,Deer Park Energy Center,TX,29.713414,-95.134508,ERCO,1176.0,0.0,1176.0,6,8003840.0,0.7769390861367378
55460,Indeck Niles Energy Center,MI,41.862114,-86.221394,PJM,1174.4,0.0,1174.4,3,6228822.0,0.6054604391400097
3393,Allen,TN,35.074087,-90.14868,TVA,1170.9,0.0,1170.9,3,6401391.0,0.6240946257240362
47,Colbert,AL,34.7439,-87.8486,TVA,1169.6,1169.6,0.0,11,320618.0,0.03129294486192056
54547,Sithe Independence Station,NY,43.495,-76.4511,NYIS,1157.8,0.0,1157.8,6,6158049.9,0.6071633553953294
55151,La Paloma Generating Plant,CA,35.2956,-119.5919,CISO,1156.0,0.0,1156.0,4,2096605.0,0.20704019923843833
7834,John S Rainey,SC,34.347734,-82.774478,SC,1154.3,609.7,544.6,8,4253491.0,0.4206517658609836
55690,Bethlehem Power Plant,PA,40.6175,-75.3147,PJM,1153.0,0.0,1153.0,8,5933716.699999999,0.5874804163844962
55215,Odessa-Ector Power Plant,TX,31.8403,-102.3264,ERCO,1152.8,0.0,1152.8,6,7501523.0,0.7428333119440774
55198,Riverside Generating LLC,KY,38.191661,-82.604586,PJM,1150.0,1150.0,0.0,5,535150.0,0.05312189795513202
6112,Fort St Vrain,CO,40.2461,-104.8742,PSCO,1148.5,280.6,867.9,6,3850274.0,0.38269829815741396
60464,Tenaska Westmoreland Generating Station,PA,40.175249,-79.696665,PJM,1134.0,0.0,1134.0,3,7068519.0,0.7115595781691673
6073,Victor J Daniel Jr,MS,30.5322,-88.5553,SOCO,1132.4,0.0,1132.4,6,8029278.0,0.8094173848245695
55455,Red Hawk,AZ,33.334562,-112.840641,SRP,1127.0,0.0,1127.0,6,4173915.0,0.4227811136366399
55841,Silverhawk,NV,36.4078,-114.9606,NEVP,1120.3,455.6,664.7,5,2852939.0,0.2907060323453804
59220,Wildcat Point Generation Facility,MD,39.719364,-76.161625,PJM,1113.6,0.0,1113.6,3,2968185.0,0.304268951247835
55097,Lamar Power Project,TX,33.6308,-95.59,ERCO,1112.6,0.0,1112.6,6,5938348.0,0.6092878009221069
59906,Moxie Freedom Generation Plant,PA,41.113056,-76.158056,PJM,1105.0,0.0,1105.0,2,7915249.0,0.817707907188165
55061,Tenaska Georgia Generation Facility,GA,33.3516,-84.9996,SOCO,1099.1999999999998,1099.1999999999998,0.0,6,28554.551,0.0029654766563312136
7153,Hay Road,DE,39.7436,-75.5072,PJM,1098.2,0.0,1098.2,8,1785899.85,0.1856399980790484
55153,Guadalupe Generating Station,TX,29.6244,-98.1419,ERCO,1088.2,0.0,1088.2,6,6450394.0,0.6766645350413191
55279,Aurora,IL,41.8151,-88.2265,PJM,1086.2,1086.2,0.0,10,354861.0,0.037294463796117165
55419,Plaquemine Cogeneration Plant,LA,30.3217,-91.2347,MISO,1084.8,0.0,1084.8,7,4792779.49,0.5043519048184292
7757,Chouteau,OK,36.222058,-95.277064,AECI,1069.6,0.0,1069.6,6,6759803.0,0.7214538230482611
55927,Jasper,SC,32.3594,-81.1242,SCEG,1068.2,0.0,1068.2,4,4612786.5,0.49295431695362574
58215,Lee Combined Cycle Plant,NC,35.373611,-78.089444,DUK,1068.0,0.0,1068.0,4,6549344.9,0.7000394305918971
59764,Oregon Clean Energy Center,OH,41.667928,-83.443664,PJM,1060.0,0.0,1060.0,3,6321090.0,0.6807411475833549
54,J K Smith,KY,37.8833,-84.1017,PJM,1055.0,1055.0,0.0,9,626774.89,0.06781956869873834
358,Mountainview Generating Station,CA,34.0818,-117.2418,CISO,1036.8,0.0,1036.8,6,2493397.6100000003,0.2745316650899854
55226,Freestone Energy Center,TX,31.8907,-96.1131,ERCO,1036.0,0.0,1036.0,6,6855216.0,0.7553657375575183
61028,Hickory Run Energy Station,PA,40.994444,-80.43,PJM,1033.7,0.0,1033.7,3,5495460.0,0.6068836378430456
2706,Asheville,NC,35.4731,-82.5417,CPLE,1011.5,423.5,588.0,6,3825799.08,0.4317697032076328
55439,Tenaska Virginia Generating Station,VA,37.8667,-78.3813,PJM,1011.4,0.0,1011.4,4,5120934.0,0.5779923935627003
55451,Magnolia Power Plant,MS,34.835,-89.2026,TVA,1003.5,0.0,1003.5,6,6704562.0,0.7626915385192921
60926,St. Charles Power Station (LA),LA,30.01,-90.460833,MISO,1000.0,0.0,1000.0,3,5206712.0,0.5943735159817352
60925,Montgomery County,TX,30.44083,-95.5275,MISO,1000.0,0.0,1000.0,3,5929308.0,0.6768616438356164
60927,Lake Charles Power,LA,30.27099,-93.28861,MISO,1000.0,0.0,1000.0,3,5962677.0,0.6806708904109589
3405,John Sevier,TN,36.3767,-82.9639,TVA,996.9000000000001,0.0,996.9000000000001,4,4092926.0,0.4686819093527836
55286,Oleander Power Project LP,FL,28.3661,-80.7947,FPL,994.4000000000001,994.4000000000001,0.0,5,488123.87,0.05603570290430061
55144,Hays Energy Project,TX,29.7806,-97.9894,ERCO,989.0,0.0,989.0,4,5417165.0,0.6252758655715149
55166,Broad River Energy Center,SC,35.0786,-81.575,DUK,985.0,985.0,0.0,5,522245.59,0.06052495074519621
1355,E W Brown,KY,37.78831,-84.71257,LGEE,980.6,980.6,0.0,7,184679.75,0.021499248666132096
7538,Wayne County Energy Complex,NC,35.375789,-78.098052,CPLE,979.6999999999999,979.6999999999999,0.0,5,50260.879,0.005856428768847793
55401,Rolling Hills Generating,OH,39.0839,-82.3328,PJM,977.5,977.5,0.0,5,2201875.0,0.257141272232538
50006,Linden Cogen Plant,NJ,40.6322,-74.2156,NYIS,974.1,0.0,974.1,9,5591597.5,0.6552820212452286
641,Gulf Clean Energy Center,FL,30.5661,-87.2244,FPL,972.4,972.4,0.0,4,751495.0,0.08822202844160942
55087,Zeeland Generating Station,MI,42.8206,-85.9975,MISO,968.1999999999999,377.4,590.8,5,5680972.0,0.669812833493212
60376,"Clean Energy Future-Lordstown, LLC",OH,41.14889,-80.85162,PJM,962.0,0.0,962.0,3,6453066.0,0.7657498647224674
55518,High Desert Power Plant,CA,34.5953,-117.3647,CISO,960.0,0.0,960.0,4,4596087.0,0.5465286101598174
3264,W S Lee,SC,34.6022,-82.435,DUK,954.7,108.0,846.7,5,5645938.93,0.6750953980140549
55333,Delta Energy Center,CA,38.0169,-121.8439,CISO,943.5,0.0,943.5,4,3099000.0,0.3749519059752742
55137,Rio Nogales Power Project,TX,29.593056,-97.973215,ERCO,940.2,0.0,940.2,4,5029298.0,0.6106368605144733
55062,Tenaska Frontier Generation Station,TX,30.5924,-95.9178,ERCO,939.7,0.0,939.7,4,4297007.0,0.5220026745152806
55132,Tenaska Gateway Generating Station,TX,32.017826,-94.619743,ERCO,939.5999999999999,0.0,939.5999999999999,4,1512902.0,0.18380769238245753
55271,Tenaska Lindsay Hill Generating Station,AL,32.6514,-86.7386,SOCO,939.4,0.0,939.4,4,1752217.0,0.21292822193900118
10554,Formosa Utility Venture Ltd,TX,28.6917,-96.5417,ERCO,933.4,0.0,933.4,13,4423550.600000001,0.5410022816374174
55327,Baytown Energy Center,TX,29.7731,-94.9019,ERCO,932.9000000000001,0.0,932.9000000000001,4,5088871.0,0.6227048419251403
55440,Central Alabama Generating Station,AL,32.6497,-86.74,SOCO,927.1,0.0,927.1,4,3488057.0,0.4294898315511274
55299,Channel Energy Center LLC,TX,29.7189,-95.2319,ERCO,923.8,0.0,923.8,4,4070112.6900000004,0.5029494872281554
1396,Coughlin Power Station,LA,30.8439,-92.261111,MISO,922.8,0.0,922.8,5,4344901.0,0.5374872830951264
55503,"Waterford Power, LLC",OH,39.5333,-81.7178,PJM,921.5999999999999,0.0,921.5999999999999,4,6699999.0,0.8299045882087139
7709,Dahlberg,GA,34.042267,-83.397721,SOCO,919.0,919.0,0.0,10,211890.19,0.026320324106508464
55187,Channelview Cogeneration Plant,TX,29.836952,-95.121744,ERCO,918.3,0.0,918.3,5,5799983.0,0.7210045910723458
2336,Tracy,NV,39.5625,-119.525,NEVP,913.1,170.0,743.1,7,4016901.0,0.5021907156562846
55146,Green Country Energy LLC,OK,35.9833,-95.9346,SWPP,903.9000000000001,0.0,903.9000000000001,6,4245662.0,0.5361927335680341
55269,TVA Southaven Combined Cycle,MS,34.9939,-90.0378,TVA,903.9000000000001,0.0,903.9000000000001,6,4619131.0,0.5833588442977437
55467,Ouachita,LA,32.7061,-92.0683,MISO,903.9000000000001,0.0,903.9000000000001,6,4897983.0,0.6185755940392241
55292,Decatur Energy Center,AL,34.6292,-87.0214,TVA,902.4000000000001,0.0,902.4000000000001,4,3588837.0,0.45399444707568243
55293,Morgan Energy Center,AL,34.6397,-87.0639,TVA,900.0,0.0,900.0,4,4359154.0,0.5529114662607814
55706,Choctaw County,MS,33.2881,-89.4201,TVA,899.0,0.0,899.0,4,6023853.0,0.7649104027305834
55976,Hunterstown Power Plant,PA,39.8725,-77.1672,PJM,898.0,0.0,898.0,4,5465138.0,0.6947374174980423
55089,Taft Cogeneration Facility,LA,29.9888,-90.4599,MISO,894.2,0.0,894.2,4,4868523.3,0.6215248266607023
2539,Bethlehem Energy Center,NY,42.594196,-73.763752,NYIS,893.1,0.0,893.1,4,3638501.0,0.4650699758524129
7839,Ladysmith,VA,38.0722,-77.5133,PJM,892.5,892.5,0.0,5,779932.76,0.09975733343565737
55063,Batesville Generation Facility,MS,34.3356,-89.9275,TVA,891.0,0.0,891.0,6,4915248.0,0.6297434005196563
55317,Fore River Generating Station,MA,42.2422,-70.9661,ISNE,872.2,0.0,872.2,3,3212475.5,0.42045511062667335
58420,Hamilton Liberty,PA,41.7675,-76.39,PJM,870.0,0.0,870.0,2,5874244.0,0.770776780559492
58426,Hamilton Patriot Generation Plant,PA,41.180833,-76.839167,PJM,870.0,0.0,870.0,2,6331013.0,0.8307107804545216
7380,Midulla Generating Station,FL,27.641667,-81.9625,SEC,853.3,310.0,543.3,8,2884488.0,0.38588943168263745
58697,L V Sutton Combined Cycle,NC,34.283056,-77.985278,CPLE,851.0,121.0,730.0,5,4000510.807,0.5366384440277084
55694,Quantum Choctaw Power LLC,MS,33.3792,-89.2089,TVA,850.5,0.0,850.5,3,3847542.0,0.5164222496033759
56047,CPV Towantic Energy Center,CT,41.481243,-73.123108,ISNE,841.5,0.0,841.5,3,5580210.5,0.7569938574571935
55149,Lake Road Generating Plant,CT,41.872043,-71.895799,ISNE,840.0,0.0,840.0,3,5840726.0,0.793749456403566
57037,Ratcliffe,MS,32.654722,-88.762222,SOCO,840.0,0.0,840.0,3,4221091.0,0.573642503805175
55801,Marcus Hook Energy LP,PA,39.807038,-75.421606,PJM,836.0999999999999,0.0,836.0999999999999,4,6598979.9,0.9009786003618673
59773,Carroll County Energy,OH,40.60441,-81.05918,PJM,832.3,0.0,832.3,3,5351481.0,0.7339897363141255
60302,Keys Energy Center,MD,38.695519,-76.827785,PJM,830.6,0.0,830.6,3,4916094.0,0.6756536783114369
57267,Marsh Landing Generating Station,CA,38.016944,-121.765,CISO,828.0,828.0,0.0,4,139266.0,0.019200416914830255
3456,Newman,TX,31.983587,-106.431777,EPE,824.8,227.8,597.0,7,2966180.0,0.4105298530929319
55620,Perryville Power Station,LA,32.6908,-92.0183,MISO,824.1,186.2,637.9,4,3812850.0,0.5281602345771975
55411,Hillabee Energy Center,AL,33.000669,-85.903278,SOCO,822.8,0.0,822.8,3,4415953.0,0.6126692072730825
55320,Wise County Power LLC,TX,33.0583,-97.9103,ERCO,821.7,0.0,821.7,3,3444961.0,0.4785936328682657
55239,Red Oak Power LLC,NJ,40.448674,-74.348879,PJM,821.0999999999999,0.0,821.0999999999999,4,3249385.0,0.45175296642381396
55047,Pasadena Cogeneration,TX,29.72475,-95.176479,ERCO,815.0,0.0,815.0,5,4941991.0,0.6922137714653892
55234,Audrain Generating Station,MO,39.3092,-91.5369,MISO,814.4,814.4,0.0,8,146382.0,0.020518509298382538
59004,"Potomac Energy Center, LLC",VA,39.058056,-77.545,PJM,812.0,0.0,812.0,3,4833190.0,0.6794753919517736
6124,McIntosh,GA,32.356287,-81.168347,SOCO,810.4,810.4,0.0,8,25531.379,0.0035964227316574037
1363,Cane Run,KY,38.1831,-85.8892,LGEE,807.0,0.0,807.0,3,4270850.0,0.6041387290432461
55172,Thad Hill Energy Center,TX,31.8594,-97.3586,ERCO,807.0,0.0,807.0,5,4085059.0,0.5778574176865667
116,Ocotillo,AZ,33.4225,-111.9122,AZPS,806.2,806.2,0.0,7,539884.0,0.07644578715865286
58005,Rayburn Energy Station LLC,TX,33.582573,-96.617893,ERCO,803.2,0.0,803.2,3,3829603.0,0.5442844773872546
55197,Caledonia,MS,33.6464,-88.2717,TVA,801.0,0.0,801.0,6,5125481.0,0.7304626351763492
55123,Magic Valley Generating Station,TX,26.3403,-98.19,ERCO,801.0,0.0,801.0,3,2193832.0,0.3126559836733763
57482,"Sentinel Energy Center, LLC",CA,33.934167,-116.571388,CISO,800.0,800.0,0.0,8,419805.0,0.05990368150684931
7981,Mill Creek (SC),SC,35.1597,-81.4306,DUK,799.2,799.2,0.0,8,30696.875,0.0043846464900974035
60903,Salem Harbor Power Development LP,MA,42.525486,-70.878239,ISNE,798.2,0.0,798.2,4,1149956.0,0.16446193432941011
55348,Troy Energy LLC,OH,41.47724,-83.45983,PJM,795.6,795.6,0.0,4,986169.15,0.1414987267298911
55332,Washington County Power LLC,GA,33.092239,-82.979992,SOCO,795.6,795.6,0.0,4,172392.0,0.02473535954599613
7835,Essential Power Rock Springs LLC,MD,39.71901,-76.15976,PJM,795.6,795.6,0.0,4,178967.0,0.02567876172831854
55170,Granite Ridge,NH,42.9042,-71.4261,ISNE,790.0,0.0,790.0,3,3137690.0,0.45339720247384546
55139,Wolf Hollow I LP,TX,32.33422,-97.731686,ERCO,788.4000000000001,0.0,788.4000000000001,3,3210123.0,0.464805171563006
7846,Brandy Branch,FL,30.320556,-81.947222,JEA,783.1,185.0,598.1,4,5215058.05,0.760217419761876
55402,Renaissance Power Plant,MI,43.1864,-84.8429,MISO,782.0,782.0,0.0,4,1070105.0,0.1562124105151292
57794,St Joseph Energy Center,IN,41.698992,-86.479699,PJM,780.0,0.0,780.0,3,5626874.0,0.8235092495024002
55656,"Pastoria Energy Facility, LLC",CA,34.9556,-118.844,CISO,779.0,0.0,779.0,5,4007072.0,0.5871993716332261
55337,Ironwood LLC,PA,40.3509,-76.3658,PJM,777.5999999999999,0.0,777.5999999999999,3,4407279.0,0.6470087977056205
56846,CPV St Charles Energy Center,MD,38.5686,-76.8919,PJM,775.3,0.0,775.3,3,3628467.0,0.5342558514688968
57839,Woodbridge Energy Center,NJ,40.515,-74.318889,PJM,772.9,0.0,772.9,3,3608119.2,0.5329095011316568
56940,CPV Valley Energy Center,NY,41.4122,-74.4378,NYIS,770.5,0.0,770.5,3,5001908.0,0.7410695183996634
56963,West Deptford Energy Station,NJ,39.8414,-75.2214,PJM,754.6,0.0,754.6,3,1191426.0,0.18023791975427425
55409,Calhoun Energy Center,AL,33.5883,-85.9731,SOCO,748.0,748.0,0.0,4,313865.87,0.047900317131834055
55714,Magnet Cove,AR,34.4297,-92.8317,MISO,746.0,0.0,746.0,3,4259463.0,0.6517963384626685
55129,Desert Basin,AZ,32.9042,-111.7889,SRP,745.1,99.0,646.1,5,2741391.0,0.4200029232078805
7082,Harry Allen,NV,36.430554,-114.902405,NEVP,745.0,186.5,558.5,5,2959410.0,0.4534660292360026
56104,Mankato Energy Center,MN,44.1988,-94.003,MISO,740.8,0.0,740.8,3,2714587.2,0.41831045297198144
55701,Fremont Energy Center,OH,41.377116,-83.161388,PJM,739.5,0.0,739.5,3,4150725.0,0.6407397630757546
57029,Cleveland Cnty Generating Facility,NC,35.170547,-81.416648,DUK,736.0,736.0,0.0,4,709501.06,0.11004520609986104
58079,Newark Energy Center,NJ,40.707222,-74.125833,PJM,735.0,0.0,735.0,3,3122664.0,0.48499114714378905
56,Lowman Energy Center,AL,31.488019,-87.910747,SOCO,732.7,0.0,732.7,2,4268824.0,0.6650862232824987
3441,Nueces Bay,TX,27.819412,-97.419203,ERCO,730.2,0.0,730.2,3,1682458.0,0.2630257676323119
4939,Barney M Davis,TX,27.6064,-97.3117,ERCO,730.2,0.0,730.2,3,1506057.0,0.2354482539968408
56502,Emporia Energy Center,KS,38.445883,-96.065247,SWPP,730.2,730.2,0.0,7,1548140.0,0.2420272671901987
55415,Vandolah Power Station,FL,27.523607,-81.923951,FPC,728.0,728.0,0.0,4,722120.45,0.113233298522254
55193,Ontelaunee Energy Center,PA,40.4219,-75.9356,PJM,728.0,0.0,728.0,3,3625703.0,0.568534390837473
55640,University Park North,IL,41.4425,-87.7514,PJM,726.0,726.0,0.0,12,123674.0,0.01944633130809968
56948,Coolidge Generation Station,AZ,32.917399,-111.503327,SRP,726.0,726.0,0.0,12,197336.0,0.031028843855742984
7916,Talbot County Energy,GA,32.5892,-84.6917,SOCO,726.0,726.0,0.0,6,494231.55,0.07771229574700932
64020,West Riverside Energy Center,WI,42.582051,-89.041214,MISO,723.2,0.0,723.2,3,4955146.0,0.7821569912514649
10,Greene County,AL,32.6017,-87.7811,SOCO,720.0,720.0,0.0,9,164619.94,0.026100320268899035
55516,Fayette Energy Facility,PA,39.8592,-79.9182,PJM,714.9000000000001,0.0,714.9000000000001,3,5418695.0,0.8652573626863544
55397,Washington Energy Facility,OH,39.58,-81.6564,PJM,714.9000000000001,0.0,714.9000000000001,3,5169207.3,0.8254191600702846
7999,Grays Harbor Energy Facility,WA,46.9692,-123.48,BPAT,714.9000000000001,0.0,714.9000000000001,3,2779650.0,0.443854586425537
55418,Hot Spring Generating Facility,AR,34.29759,-92.868344,MISO,714.8,0.0,714.8,3,2034559.0,0.32492388585241455
55282,Arlington Valley Energy Facility,AZ,33.3417,-112.8897,DEAA,713.0,0.0,713.0,3,3563274.0,0.5704999135430076
56532,Colusa Generating Station,CA,39.3661,-122.27,CISO,712.4,0.0,712.4,3,2845444.0,0.4559550455210889
55345,Otay Mesa Generating Project,CA,32.581481,-116.914969,CISO,710.7,0.0,710.7,3,2349626.0,0.37740558058072526
8049,Intercession City,FL,28.262778,-81.548611,FPC,708.6,708.6,0.0,7,327270.02,0.05272310375980936
55177,South Point Energy Center,AZ,34.8678,-114.5317,WALC,708.0,0.0,708.0,3,2686489.0,0.4331593594407038
7238,Cane Island,FL,28.2764,-81.533,FMPP,706.0,32.0,674.0,7,4095261.0,0.6621749970895262
58236,Marshalltown Generating Station,IA,42.043333,-92.872778,MISO,705.9,0.0,705.9,3,3495810.0,0.5653280471641177
7838,Remington,VA,38.5442,-77.7714,PJM,705.5,705.5,0.0,4,846262.88,0.1369317527968441
55334,Holland Energy Facility,IL,39.223144,-88.758406,MISO,702.1,0.0,702.1,3,2604957.0,0.4235429718671773
55267,Edward L. Addison Generating Plant,GA,32.9111,-84.3064,SOCO,701.2,701.2,0.0,4,237516.74,0.03866768839849234
62116,AES Huntington Beach Energy Project,CA,33.645618,-117.979372,CISO,699.2,0.0,699.2,3,2415040.0,0.39429275989258433
2723,Dan River,NC,36.4862,-79.7208,DUK,697.9000000000001,0.0,697.9000000000001,3,4619858.0,0.7556685058436888
2720,Buck,NC,35.7133,-80.3767,DUK,697.9000000000001,0.0,697.9000000000001,3,4208617.0,0.6884019638825151
7900,Sand Hill,TX,30.2098,-97.6129,ERCO,696.4,308.4,388.0,8,2134378.0,0.3498714196166062
56798,Kleen Energy Systems Project,CT,41.553227,-72.596867,ISNE,693.0,0.0,693.0,3,2897136.0999999996,0.47723419781638954
55111,Vermillion Energy Facility,IN,39.922328,-87.446358,MISO,692.0,692.0,0.0,8,727856.0,0.12007020877873677
55672,AL Sandersville LLC,GA,33.1189,-82.8608,SOCO,692.0,692.0,0.0,8,154316.0,0.02545662100456621
55222,Lincoln Generating Facility,IL,41.393315,-87.943612,PJM,692.0,692.0,0.0,8,9469.0,0.0015620463483516775
55110,Madison,OH,39.4522,-84.4647,PJM,692.0,692.0,0.0,8,1045263.0,0.17243101195660782
55236,Lee Energy Facility,IL,41.8287,-89.4054,PJM,692.0,692.0,0.0,8,116779.0,0.01926435848708
58557,Mesquite Generating Station Block 1,AZ,33.345,-112.864167,SRP,691.6,0.0,691.6,3,3581057.0,0.5910880005598823
55481,Mesquite Generating Station Block 2,AZ,33.345047,-112.864227,SRP,691.6,0.0,691.6,3,3418526.0,0.5642606912433877
408,Valley (CA),CA,34.244991,-118.391327,LDWP,690.5,60.5,630.0,4,1514255.0,0.25034056454359394
7296,State Line Combined Cycle,MO,37.0659,-94.614,SWPP,690.5,123.0,567.5,4,2306646.07,0.38134071168070255
55328,Hermiston Power Partnership,OR,45.794046,-119.313323,GRID,689.4,0.0,689.4,3,4283080.0,0.7092197172314487
55687,Higgins Generating Station,NV,35.6139,-115.3561,NEVP,688.4,0.0,688.4,3,2984338.0,0.4948835762366045
55821,Curtis H Stanton Energy Center,FL,28.488246,-81.166944,FPC,688.3,0.0,688.3,3,3458240.1999999997,0.5735526348086776
55347,Armstrong,PA,40.638021,-79.351725,PJM,688.0,688.0,0.0,4,1051311.8,0.1744371548794733
55182,Sunrise Power LLC,CA,35.2097,-119.585,CISO,685.2,0.0,685.2,3,2608782.0,0.4346266263624659
55835,Rocky Mountain Energy Center,CO,40.0908,-104.5953,PSCO,685.0999999999999,0.0,685.0999999999999,3,2933447.0,0.4887875915858033
55496,Goose Creek Energy Center,IL,40.106931,-88.599867,MISO,684.0,684.0,0.0,6,762.999,0.00012733968196747576
56458,Hobbs Generating Station,NM,32.728333,-103.309444,SWPP,681.5,7.2,674.3,4,2681819.0,0.44922042767599
55340,Dell Power Station,AR,35.8619,-90.0253,AECI,679.1,0.0,679.1,3,3927715.5,0.6602405379400214
55217,Los Medanos Energy Center,CA,38.030071,-121.873004,CISO,678.3,0.0,678.3,3,3241422.0,0.5455187121712419
55350,Dresden Energy Facility,OH,40.0928,-82.0276,PJM,678.3,0.0,678.3,3,4580055.0,0.7708054382531672
62115,AES Alamitos Energy Center,CA,33.767229,-118.100194,CISO,678.0,0.0,678.0,3,2397914.0,0.4037381635484436
55357,Jack Fusco Energy Center,TX,29.4731,-95.6244,MISO,675.6,0.0,675.6,3,3398399.0,0.5742230481412092
55641,Riverside Energy Center,WI,42.583056,-89.035833,MISO,674.9000000000001,0.0,674.9000000000001,3,3386019.0,0.5727246248556356
2847,Tait Electric Generating Station,OH,39.727249,-84.211084,PJM,669.8,669.8,0.0,7,1332146.6,0.22704020555444207
55386,Columbia Energy Center (SC),SC,33.8697,-81.0178,SCEG,668.5,0.0,668.5,3,3257891.2,0.5563281796976124
62565,"Hill Top Energy Center, LLC",PA,39.894212,-79.938201,PJM,664.7,0.0,664.7,1,5091305.0,0.8743782171103385
3403,Gallatin (TN),TN,36.3156,-86.4006,TVA,663.2,663.2,0.0,8,55809.75,0.0096064174116364
59002,Carlsbad Energy Center,CA,33.140507,-117.333916,CISO,659.0,659.0,0.0,5,256324.0,0.044401715620041436
3295,Urquhart,SC,33.435,-81.9111,SCEG,658.9,111.1,547.8,8,1304333.899,0.22597748340079737
55178,Dogwood Energy Facility,MO,38.7931,-94.3006,SWPP,655.2,0.0,655.2,3,2074528.0,0.3614442381565669
55124,Griffith Energy LLC,AZ,35.054029,-114.133272,GRIF,655.0,0.0,655.0,3,3779043.0,0.6586222942591237
56467,Russell City Energy Center,CA,37.63466,-122.13381,CISO,655.0,0.0,655.0,3,1359011.0,0.23685227787653804
56350,Colorado Bend Energy Center,TX,29.2878,-96.0683,ERCO,654.1,74.0,580.1,8,2431330.0,0.42432210175506935
533,McWilliams,AL,31.400255,-86.476449,SOCO,654.0,0.0,654.0,7,2898305.68,0.5058972672559452
56259,Empire Generating Co LLC,NY,42.625239,-73.750021,NYIS,653.7,0.0,653.7,3,2890095.5,0.504695697759784
55667,Lower Mount Bethel Energy,PA,40.801924,-75.107563,PJM,651.6,0.0,651.6,3,3984510.0,0.6980551561172919
57664,Astoria Energy II,NY,40.781321,-73.896618,NYIS,650.0,0.0,650.0,3,3989724.5,0.7006892342817
55343,Luna Energy Facility,NM,32.299349,-107.7834,PNM,650.0,0.0,650.0,3,3332318.0,0.5852332279592554
1403,Nine Mile Point,LA,29.9472,-90.1458,MISO,649.5,0.0,649.5,3,3769838.2,0.6625817189900205
55270,Jackson Generating Station,MI,42.2488,-84.3767,MISO,649.0,0.0,649.0,9,1996822.0,0.3512291477580542
55412,Osprey Energy Center Power Plant,FL,28.0525,-81.8083,TEC,644.2,0.0,644.2,3,3131131.0,0.5548510488390258
56964,Bayonne Energy Center,NJ,40.652834,-74.09155,NYIS,644.0,644.0,0.0,10,589829.89,0.10455307332879549
1912,High Bridge,MN,44.9314,-93.1117,MISO,644.0,0.0,644.0,3,3042687.6,0.5393459116821238
991,Eagle Valley (IN),IN,39.48517,-86.4183,MISO,644.0,0.0,644.0,3,5352318.0,0.9487503190674721
50815,"Odyssey Energy Altura Cogen, LLC",TX,29.8161,-95.10773,ERCO,643.6,0.0,643.6,7,3540717.0,0.6280165294533319
55112,Sutter Energy Center,CA,39.053139,-121.695873,BANC,636.0,0.0,636.0,3,1598502.0,0.2869141466356509
55393,Metcalf Energy Center,CA,37.2207,-121.7457,CISO,635.0,0.0,635.0,3,2770709.0,0.49809603422859816
55183,Nelson Energy Center,IL,41.774444,-89.607222,PJM,627.5,0.0,627.5,4,3204154.0,0.5829019993087012
469,Cherokee,CO,39.807275,-104.964548,PSCO,625.6,0.0,625.6,3,3088254.0,0.5635236748064324
56565,J Lamar Stall Unit,LA,32.51947,-93.760125,SWPP,624.0,0.0,624.0,3,3348706.0,0.6126159846622176
55164,Bluegrass Generating Station,KY,38.3902,-85.4133,PJM,624.0,624.0,0.0,3,112126.16,0.020512483901182533
55400,Elk Hills Power LLC,CA,35.280318,-119.470707,CISO,623.0,0.0,623.0,3,2134875.0,0.39118329338815716
54761,Hermiston Generating Plant,OR,45.8042,-119.37,PACW,621.2,0.0,621.2,4,3345664.0,0.6148182777772877
643,Lansing Smith,FL,30.2686,-85.7003,FPL,619.7,0.0,619.7,3,3965115.0,0.7304158441667532
56476,Gateway Generating Station,CA,38.0175,-121.7587,CISO,619.7,0.0,619.7,3,2866951.0,0.5281224970397371
55364,Sugar Creek Power,IN,39.3931,-87.5108,MISO,619.4,0.0,619.4,3,4060692.0,0.7483844285897532
59338,Gila River Power Block 1,AZ,32.975,-112.694444,SRP,619.0,0.0,619.0,3,2109491.0,0.3890298463422371
55306,Gila River Power Block 4,AZ,32.975,-112.6944,SRP,619.0,0.0,619.0,3,2906973.0,0.5361005377652864
60768,Gila River Power Block 2,AZ,32.975,-112.694444,SRP,619.0,0.0,619.0,3,3241057.0,0.5977119156689609
59784,Gila River Power Block 3,AZ,32.975,-112.6944,TEPC,619.0,0.0,619.0,3,3204308.0,0.5909347083600741
56031,Fox Energy Center,WI,44.3204,-88.208889,MISO,618.8,0.0,618.8,3,4455838.0,0.8220059889076811
55168,Bastrop Energy Center,TX,30.1458,-97.55,ERCO,618.7,0.0,618.7,3,3033754.0,0.5597526261058502
55231,Liberty Electric Power Plant,PA,39.8614,-75.3358,PJM,614.0,0.0,614.0,3,3900183.0,0.7251243808843871
3804,Possum Point,VA,38.5367,-77.2806,PJM,613.0,0.0,613.0,3,2179308.5,0.4058393297429365
55188,Cordova Energy,IL,41.712216,-90.279679,PJM,611.2,0.0,611.2,3,1150277.0,0.21483992116713285
55470,Green Power 2,TX,29.378097,-94.932773,ERCO,611.0,0.0,611.0,4,3869265.866,0.7229083742498637
8073,Beaver,OR,46.172401,-123.17392,PGE,610.7,24.5,586.2,8,1700300.04,0.31782901274306824
2411,PSEG Sewaren Generating Station,NJ,40.5558,-74.2469,PJM,609.5,0.0,609.5,2,2599523.86,0.4868733373039507
55154,Lost Pines 1 Power Project,TX,30.1478,-97.2714,ERCO,609.0,0.0,609.0,3,2728001.0,0.5113557295064144
55661,Newington Energy Center,NH,43.1047,-70.8061,ISNE,605.5,0.0,605.5,3,1195255.81,0.22534224140206405
55522,Sundance,AZ,32.9285,-111.5899,WALC,605.0,605.0,0.0,10,384034.0,0.07246197969734706
2404,PSEG Kearny Generating Station,NJ,40.737283,-74.096464,PJM,605.0,605.0,0.0,10,141061.23,0.02661633080493604
63688,Topaz Generating,TX,29.426389,-94.976667,ERCO,605.0,605.0,0.0,10,688707.0,0.1299496207404053
8031,Emery Station,IA,43.094,-93.292222,MISO,602.8,0.0,602.8,3,2357353.0,0.4464237288392373
55514,Apex Generating Station,NV,36.415999,-114.960916,NEVP,600.6,0.0,600.6,3,2021687.0,0.3842593859717147
55218,Hinds Energy Facility,MS,32.378969,-90.219906,MISO,600.4,49.1,551.3,4,3437594.0,0.6535966129125484
165,GREC,OK,36.190278,-95.2894,SWPP,600.3,0.0,600.3,2,2707611.0,0.5148892448752792
55221,Harry L. Oswald,AR,34.5923,-92.2166,MISO,599.5,0.0,599.5,9,1149051.0,0.21879934191735123
58835,Elk Station,TX,33.865,-101.843333,SWPP,599.4000000000001,599.4000000000001,0.0,3,1255428.0,0.2390952596432048
7836,Marsh Run Generation Facility,VA,38.5283,-77.7681,PJM,596.7,596.7,0.0,3,382317.2,0.07314147139556755
55392,Zion Energy Center,IL,42.4776,-87.895,PJM,596.7,596.7,0.0,3,362693.43,0.06938722907498089
7872,Robert P Mone Plant,OH,40.9297,-84.7392,PJM,596.7,596.7,0.0,3,308829.46,0.05908246114665669
55406,Bobby C Smith Jr Energy Facility,GA,32.277252,-81.284411,SOCO,596.6,0.0,596.6,3,1650261.0,0.31576593849163526
55107,Rhode Island State Energy Center,RI,41.8017,-71.5186,ISNE,596.0,0.0,596.0,3,3529707.0,0.6760647467132481
55375,Astoria Energy,NY,40.7825,-73.8964,NYIS,595.0,0.0,595.0,3,4149880.0999999996,0.796185890794674
10789,Sabine River Operations,TX,30.0552,-93.7579,MISO,594.9,0.0,594.9,4,2645809.02,0.507703804253967
7946,Wansley Unit 9,GA,33.4083,-85.0403,SOCO,594.1,0.0,594.1,3,3453713.0,0.6636247683653337
55206,Corpus Christi Energy Center,TX,27.8139,-97.4283,ERCO,593.3,0.0,593.3,3,2528676.0,0.48653572195451955
55662,Chehalis Generating Facility,WA,46.6225,-122.9131,BPAT,593.3,0.0,593.3,3,2651878.0,0.5102406861398247
55295,Blythe Energy Inc,CA,33.6157,-114.6865,CISO,591.0,0.0,591.0,3,645060.0,0.12459726954546509
913,Venice,IL,38.6642,-90.1764,MISO,586.0,586.0,0.0,4,26835.0,0.005227570246388331
1927,Riverside (MN),MN,45.0203,-93.2753,MISO,585.9,0.0,585.9,3,2769987.0,0.5396971524899055
55192,Osceola Generating Station (FL),FL,28.1289,-81.0978,FPC,580.0,580.0,0.0,3,544.323,0.00010713332546055738
688,Arvah B Hopkins,FL,30.4522,-84.4,TAL,579.1,121.0,458.1,4,1440659.304,0.28399037240119884
55126,Milford Power Project,CT,41.224355,-73.099728,ISNE,578.0,0.0,578.0,2,3793320.0,0.749182348201166
55212,ANP Blackstone Energy Project,MA,42.059876,-71.515811,ISNE,578.0,0.0,578.0,2,1991001.0,0.3932235625918377
55211,ANP Bellingham Energy Project,MA,42.110577,-71.453468,ISNE,578.0,0.0,578.0,2,2668246.0,0.5269797443554376
55259,Whiting Clean Energy,IN,41.6739,-87.4775,MISO,576.8,0.0,576.8,3,3059814.0,0.6055718370603994
568,Bridgeport Station,CT,41.1706,-73.1844,ISNE,576.3,0.0,576.3,2,3483317.6,0.6899861104178205
7985,Greater Des Moines,IA,41.5563,-93.5283,MISO,576.3,0.0,576.3,3,2178470.0,0.43151794196484106
7512,Arthur Von Rosenberg,TX,29.257046,-98.384045,ERCO,575.0,0.0,575.0,3,3019748.0,0.5995132023029581
4937,Thomas C Ferguson,TX,30.558,-98.3721,ERCO,574.6,0.0,574.6,3,3612457.0,0.7176834947320908
55015,Sweeny Cogen Facility,TX,29.0728,-95.745,ERCO,572.0,572.0,0.0,4,2147042.8,0.4284898777022064
7158,Woodsdale,OH,39.4492,-84.4611,PJM,571.8,571.8,0.0,6,365581.55,0.07298540338049674
7813,Sewell Creek Energy,GA,33.9486,-85.2769,SOCO,570.0,570.0,0.0,4,522907.0,0.1047238244011856
55664,Harrison County Power Project,TX,32.3958,-94.4367,SWPP,570.0,0.0,570.0,3,3247919.0,0.6504684370744213
55251,Gleason Generating Facility,TN,36.2454,-88.612,TVA,567.8,567.8,0.0,3,185773.0,0.03734935447396907
56102,Currant Creek,UT,39.82144,-111.89345,PACE,566.9,0.0,566.9,3,2861379.0,0.5761888134700377
7063,McIntosh (AL),AL,31.2546,-88.0299,SOCO,566.0,566.0,0.0,4,257897.47,0.05201475345692757
55247,"Darby Power, LLC",OH,39.7139,-83.1778,PJM,564.0,564.0,0.0,6,507093.95,0.10263730002590758
55294,Westbrook Energy Center Power Plant,ME,43.6575,-70.375,ISNE,563.9,0.0,563.9,3,3022422.0,0.6118555461354024
1904,Black Dog,MN,44.8108,-93.2501,MISO,562.8,238.0,324.8,3,2309742.0,0.46849534129742676
55391,RockGen Energy Center,WI,42.9767,-89.0492,MISO,561.0,561.0,0.0,3,403541.79,0.08211482064805997
55985,Palomar Energy,CA,33.1197,-117.117778,CISO,559.0,0.0,559.0,3,925649.0,0.18902986415729328
56807,Bear Garden,VA,37.695556,-78.285278,PJM,559.0,0.0,559.0,3,3420616.4,0.6985354636867858
6061,R D Morrow,MS,31.2186,-89.394,MISO,558.0,0.0,558.0,2,2677705.0,0.5478030228637829
55970,Cosumnes,CA,38.338475,-121.123978,BANC,556.8,0.0,556.8,3,3798128.8,0.7786931519970608
55710,Allegheny Energy Units 3 4 & 5,PA,40.545278,-79.768611,PJM,556.0,0.0,556.0,3,4049593.0,0.8314429962879012
55404,Carville Energy LLC,LA,30.2294,-91.065,MISO,555.0,0.0,555.0,3,2967209.0,0.6103107902422971
55283,Front Range Power Plant,CO,38.6281,-104.7069,WACM,554.3,0.0,554.3,3,1813785.0,0.3735397477751774
55457,McClain Energy Facility,OK,35.29774,-97.58985,SWPP,551.3,0.0,551.3,3,2053279.0,0.42516339544472304
55545,Hidalgo Energy Center,TX,26.34172,-98.175759,ERCO,551.3,0.0,551.3,3,2056206.0,0.4257694763808582
55220,Attala,MS,33.0147,-89.6753,MISO,551.3,0.0,551.3,3,2956937.0,0.6122798582346252
56349,Quail Run Energy Center,TX,31.8414,-102.315,ERCO,550.4,0.0,550.4,6,3069777.0,0.636684528313157
55068,Maine Independence Station,ME,44.8242,-68.7094,ISNE,550.2,0.0,550.2,3,2546844.0,0.5284180596843987
404,Scattergood,CA,33.918151,-118.427648,LDWP,549.6,213.8,335.8,4,918657.0,0.19081062690674164
399,Harbor,CA,33.7706,-118.2656,LDWP,548.1,302.5,245.6,8,250977.0,0.05227210812945343
7837,Louisa Generation Facility,VA,38.1181,-78.2139,PJM,545.7,545.7,0.0,5,516182.49,0.10798046872058259
59326,Middletown Energy Center,OH,39.465,-84.347778,PJM,543.9,0.0,543.9,2,3612505.0,0.7582026393180992
59325,Kings Mountain Energy Center,NC,35.2025,-81.363056,DUK,543.9,0.0,543.9,2,3322502.0,0.6973359996843362
55414,Shady Hills Generating Station,FL,28.3665,-82.558611,FPC,541.2,541.2,0.0,3,387673.4,0.08177190380247513
676,C D McIntosh Jr,FL,28.0801,-81.9229,FMPP,540.6,156.6,384.0,4,2343225.211,0.4948047769939371
55438,MRP Elgin LLC,IL,42.000061,-88.244572,PJM,540.0,540.0,0.0,4,62188.999,0.01314666814645696
7917,Chattahoochee Energy Facility,GA,33.4072,-85.0386,SOCO,539.7,0.0,539.7,3,2923072.0,0.6182768542983883
57901,El Segundo Energy Center LLC,CA,33.910556,-118.425,CISO,537.4,0.0,537.4,4,169632.0,0.03603346401496806
55077,Desert Star Energy Center,NV,35.788889,-114.994167,CISO,537.3,0.0,537.3,3,1023123.0,0.2173736516167851
7925,Lakefield Junction,MN,43.798439,-94.841451,MISO,535.8,535.8,0.0,6,63940.0,0.013622782303081126
56806,Cedar Bayou 4,TX,29.751645,-94.92312,ERCO,535.5,0.0,535.5,3,2266071.0,0.48306984894414384
55098,Frontera Energy Center,TX,26.208,-98.3992,ERCO,529.0,0.0,529.0,3,2266170.0,0.4890268534583215
56196,Zeltmann,NY,40.7889,-73.9069,NYIS,528.0,0.0,528.0,3,3681252.0,0.7958981942714819
50625,ExxonMobil Beaumont Refinery,TX,30.0636,-94.0753,MISO,527.6,527.6,0.0,4,3564299.0,0.7711968299632003
58562,Montana Power Station,TX,31.823889,-106.211944,EPE,527.2,527.2,0.0,4,1156834.1,0.2504906813630726
2963,Northeastern,OK,36.4317,-95.7008,SWPP,527.0,0.0,527.0,3,1638077.0,0.354829395302089
61035,Birdsboro Power,PA,40.268522,-75.799669,PJM,525.0,0.0,525.0,1,3710748.0,0.8068597521200261
61322,Long Ridge Energy Generation,OH,39.70257,-80.84552,PJM,521.9,0.0,521.9,1,3752294.0,0.8207397277772382
55065,Mustang Station,TX,32.9728,-102.7417,SWPP,521.0,0.0,521.0,3,2313081.0,0.5068144769016381
55042,Bridgeport Energy Project,CT,41.1692,-73.1844,ISNE,520.0,0.0,520.0,3,2649661.0,0.5816783017211099
55276,Ceredo Generating Station,WV,38.3681,-82.5339,PJM,519.0,519.0,0.0,6,492386.0,0.10830144024775429
55313,Ingleside Cogeneration,TX,27.882778,-97.242778,ERCO,517.0,0.0,517.0,3,2629134.58,0.5805213119242557
3236,Manchester Street,RI,41.8167,-71.4042,ISNE,515.0,0.0,515.0,6,1339541.62,0.29692370882652835
2393,Gilbert,NJ,40.565833,-75.163889,PJM,512.0,161.0,351.0,6,54750.0,0.01220703125
55088,Dearborn Industrial Generation,MI,42.3026,-83.154,MISO,509.90000000000003,195.3,314.6,3,3978129.0,0.8906144637546444
6761,Rawhide,CO,40.860905,-105.021207,PSCO,506.79999999999995,506.79999999999995,0.0,5,124683.0,0.028084489301661783
7604,St Francis Energy Facility,MO,36.5852,-90.1779,AECI,506.6,0.0,506.6,2,1745358.0,0.3932921058466597
55103,Klamath Cogeneration Plant,OR,42.173889,-121.810556,AVRN,501.5,0.0,501.5,3,3664854.0,0.8342219915595679
55224,Wheatland Generating Facility,IN,38.6716,-87.2931,MISO,500.4,500.4,0.0,4,131096.0,0.029906668272687786
57515,Walnut Creek Energy Park,CA,34.008709,-117.944864,CISO,500.0,500.0,0.0,5,278182.0,0.06351187214611873
58503,Carty Generating Station,OR,45.698611,-119.813056,PGE,500.0,0.0,500.0,2,3316571.0,0.75720799086758
54676,Oyster Creek Unit VIII,TX,28.9802,-95.342,ERCO,497.9,0.0,497.9,4,2315339.76,0.5308459364949225
55141,Hawk Road Facility,GA,33.358472,-84.991391,SOCO,495.0,495.0,0.0,3,682490.0,0.15739357040726903
55128,Walton County Energy Facility,GA,33.8148,-83.6954,SOCO,494.09999999999997,494.09999999999997,0.0,3,313842.0,0.07250903122600105
55117,RS Cogen,LA,30.221,-93.2826,MISO,493.0,0.0,493.0,3,2042543.55,0.47295552113145684
64383,Braes Bayou Plant,TX,29.480277,-95.620277,ERCO,484.0,484.0,0.0,8,386891.0,0.09125132080455867
66604,Remy Jade Power Station,TX,29.848372,-95.016398,ERCO,484.0,484.0,0.0,8,376567.0,0.08881632325748141
63335,HO Clarke Generating,TX,29.64536,-95.45169,ERCO,484.0,484.0,0.0,8,474250.0,0.11185563606173818
65372,Mark One Power Station,TX,29.227109,-95.430756,ERCO,484.0,484.0,0.0,8,329288.0,0.07766519491301559
65373,Brotman Power Station,TX,29.364128,-95.435068,ERCO,484.0,484.0,0.0,8,453761.0,0.10702314238273142
56227,Port Westward,OR,46.17894,-123.172039,PGE,483.0,0.0,483.0,2,2753357.0,0.6507456724996927
55237,Shelby Energy County,IL,39.2794,-88.4772,MISO,483.0,483.0,0.0,8,200545.0,0.04739806385130983
2079,Hawthorn,MO,39.1306,-94.4778,SWPP,477.20000000000005,164.4,312.8,4,553605.0,0.1324327699250192
56326,Mustang Station Unit 4,TX,32.974554,-102.743607,SWPP,472.1,472.1,0.0,3,1691776.0,0.40907670865335977
50949,Hardee Power Station,FL,27.6364,-81.9636,TEC,470.1,182.4,287.70000000000005,5,946191.205,0.22976535765731373
55086,Gregory Power Plant,TX,27.88929,-97.258417,ERCO,469.8,0.0,469.8,3,841063.0,0.2043673009597011
7843,Pleasant Valley (MN),MN,43.799446,-92.682874,MISO,467.8,467.8,0.0,3,85278.752,0.020810212380500584
55176,Eastman Cogeneration Facility,TX,32.4481,-94.6903,SWPP,467.7,0.0,467.7,3,2726432.31,0.665461973633725
147,Kyrene,AZ,33.3556,-111.9353,SRP,465.7,173.7,292.0,5,1060452.678,0.25994468924376624
2953,Mustang,OK,35.46988,-97.67498,SWPP,462.0,462.0,0.0,7,579444.0,0.14317440550317262
55081,Brownsville Peaking Power,TN,35.5438,-89.198,TVA,460.0,460.0,0.0,4,67455.0,0.016739874925550922
55417,Raccoon Creek Energy Center,IL,38.6996,-88.5392,MISO,456.0,456.0,0.0,4,-941.0,-0.00023557037571096692
1571,Chalk Point Power,MD,38.5444,-76.6861,PJM,456.0,456.0,0.0,4,30628.125,0.007667458994232156
59926,Alpine Power Plant,MI,45.063748,-84.825348,MISO,453.8,453.8,0.0,2,498543.0,0.12541053629321952
2070,Moselle,MS,31.528,-89.3004,MISO,451.5,166.5,285.0,6,1983771.0,0.5015678332498976
3006,Anadarko Plant,OK,35.0847,-98.23,SWPP,450.29999999999995,135.0,315.29999999999995,6,1435833.0,0.3639970613198507
52088,Texas City Power Plant,TX,29.378697,-94.943829,ERCO,450.0,0.0,450.0,4,2131564.0,0.5407316083206494
3494,Permian Basin,TX,31.5839,-102.9633,ERCO,447.0,447.0,0.0,5,460458.57,0.11759231252489964
3797,Chesterfield,VA,37.3822,-77.3833,PJM,446.6,0.0,446.6,4,2030281.6,0.5189594848546195
56998,Pueblo Airport Generating Station,CO,38.320833,-104.52639,PSCO,440.0,240.0,200.0,9,1588749.0,0.41219100249066004
2880,Richland (OH),OH,41.305203,-84.334622,PJM,435.0,435.0,0.0,5,327320.0,0.08589723403138613
10725,Selkirk Cogen,NY,42.5744,-73.8592,NYIS,434.0,0.0,434.0,4,92361.0,0.024293763020011364
3464,Greens Bayou,TX,29.822201,-95.219429,ERCO,432.0,432.0,0.0,6,37072.001,0.009796212001099272
56803,Panoche Energy Center,CA,36.6514,-120.5833,CISO,432.0,432.0,0.0,4,1293546.0,0.34181728817858953
10308,Sayreville Cogeneration Facility,NJ,40.439,-74.3444,PJM,430.20000000000005,0.0,430.20000000000005,3,534828.0,0.14191869980830832
55079,Millennium Power,MA,42.112291,-72.015113,ISNE,427.5,0.0,427.5,2,520587.0,0.13901225666906994
60264,Bacliff,TX,29.49233,-94.98483,ERCO,427.20000000000005,427.20000000000005,0.0,6,106918.0,0.028570344432473103
2869,West Lorain,OH,41.429444,-82.264444,PJM,425.0,425.0,0.0,5,1699869.0,0.4565858178887994
56445,Spindle Hill Energy Center,CO,40.092192,-104.887844,PSCO,420.0,420.0,0.0,2,468851.92,0.12743311589475972
52120,Freeport Energy,TX,28.991289,-95.407481,ERCO,419.3,0.0,419.3,4,1901497.7599999998,0.5176865116572849
55223,Ennis Power Company LLC,TX,32.32,-96.675,ERCO,418.0,0.0,418.0,2,1656252.0,0.4523202464442551
55433,Bayou Cove Peaking Power,LA,30.2825,-92.5997,MISO,416.0,416.0,0.0,4,113920.0,0.03126097646645592
56400,Treasure Coast Energy Center,FL,27.383889,-80.3775,FMPP,411.4,0.0,411.4,2,1838779.4100000001,0.5102244174585945
55244,Doyle Energy Facility,GA,33.837699,-83.699577,SOCO,409.0,409.0,0.0,5,30568.001,0.008531779538020118
7929,West Gardner,KS,38.7875,-94.9861,SWPP,408.0,408.0,0.0,4,501967.0,0.14044649252395022
7237,Angus Anson,SD,43.60347,-96.6356,MISO,405.70000000000005,405.70000000000005,0.0,3,235477.18,0.06625821203106867
50216,Watson Cogeneration,CA,33.816647,-118.244841,CISO,405.0,0.0,405.0,6,2011728.3,0.5670354304075765
7948,Lawrence County Station,IN,38.8003,-86.4511,MISO,402.0,402.0,0.0,6,109254.0,0.031024671164724325
55486,Washington Parish Energy Center,LA,30.791389,-89.909166,MISO,399.6,399.6,0.0,2,282487.0,0.08069913520826763
10633,Hopewell Cogeneration,VA,37.291667,-77.281111,PJM,399.0,0.0,399.0,4,2024659.2999999998,0.5792618818736338
55645,Blue Spruce Energy Center,CO,39.747875,-104.681404,PSCO,397.8,397.8,0.0,2,520349.5,0.1493228452837639
50707,JM Shafer Generating Station,CO,40.0986,-104.7736,PSCO,396.9,0.0,396.9,7,979599.0,0.28174948315196197
57555,Pio Pico Energy Center,CA,32.573889,-116.917777,CISO,395.40000000000003,395.40000000000003,0.0,3,65939.0,0.019037134812905487
56046,Magnolia Power Project,CA,34.1786,-118.3153,LDWP,387.6,0.0,387.6,2,1553013.0,0.4573905806013826
7764,MPC Generating,GA,33.8119,-83.6953,SOCO,386.1,386.1,0.0,2,34422.753,0.010177513632993084
10307,Bellingham Cogeneration Facility,MA,42.0925,-71.4833,ISNE,386.09999999999997,0.0,386.09999999999997,3,367303.75,0.10859790682850046
55938,NAEA Ocean Peaking Power LLC,NJ,40.0633,-74.1672,PJM,383.0,383.0,0.0,2,188179.0,0.056087783301739455
55349,Pleasants Energy LLC,WV,39.3325,-81.3642,PJM,382.8,382.8,0.0,2,2221265.0,0.6624061231111302
10692,ExxonMobil Baytown Turbine,TX,29.759124,-95.009648,ERCO,381.8,381.8,0.0,5,2568272.0,0.7678934917753205
7203,South Fond Du Lac,WI,43.7353,-88.496667,MISO,381.6,381.6,0.0,4,5320.725,0.0015916894618190174
7159,Concord,WI,43.1669,-88.69,MISO,381.6,381.6,0.0,4,174871.06,0.05231249940170204
7270,Paris (WI),WI,42.6658,-88.0131,MISO,381.6,381.6,0.0,4,227444.66,0.06803983826809493
56799,Greenland Energy Center,FL,30.159131,-81.518415,JEA,380.8,380.8,0.0,2,769943.04,0.23081155749971222
50043,Houston Chemical Complex Battleground,TX,29.7314,-95.0839,ERCO,380.70000000000005,0.0,380.70000000000005,4,1788540.13,0.5363048272048724
60387,Invenergy Nelson Expansion LLC,IL,41.774417,-89.606528,PJM,380.0,380.0,0.0,2,697705.86,0.20959680966113914
55202,Pinckneyville,IL,38.1114,-89.3467,MISO,380.0,380.0,0.0,8,79774.001,0.023964792417688056
6223,Empire Energy Center,MO,37.1385,-94.1041,SWPP,379.0,379.0,0.0,4,114744.9,0.034561300466259444
3443,Victoria,TX,28.7883,-97.01,ERCO,376.9,0.0,376.9,2,1478174.0,0.44770847492945937
1240,Gordon Evans Energy Center,KS,37.7903,-97.521667,SWPP,375.1,375.1,0.0,3,345235.0,0.1050663506474377
55109,MRP Rocky Road LLC,IL,42.0931,-88.2397,PJM,374.0,374.0,0.0,3,12350.0,0.003769565111225063
7960,Kemper County,MS,32.7976,-88.606,TVA,372.0,372.0,0.0,4,16912.001,0.005189768068444052
55135,Alliant Energy Neenah,WI,44.1936,-88.5064,MISO,371.0,371.0,0.0,2,739903.0,0.22766526357247474
666,J D Kennedy,FL,30.364818,-81.625967,JEA,370.0,370.0,0.0,2,178377.92,0.05503453042083179
7212,Darbytown,VA,37.498223,-77.368544,PJM,368.4,368.4,0.0,4,127507.4,0.039510421469615614
7032,Gravel Neck,VA,37.1575,-76.6911,PJM,367.6,367.6,0.0,4,103566.11,0.032161630295983824
3482,Jones,TX,33.5239,-101.7392,SWPP,365.4,365.4,0.0,2,602005.38,0.18807355047199167
57943,Lonesome Creek Station,ND,47.796667,-103.57861,SWPP,363.0,363.0,0.0,6,1125535.0,0.35395518069864274
57349,Garrison Energy Center LLC,DE,39.187195,-75.499396,PJM,361.0,0.0,361.0,2,793188.72,0.2508217660228437
2493,East River,NY,40.7281,-73.9742,NYIS,360.0,360.0,0.0,2,2149169.0,0.6814970192795535
54538,Hartwell Energy Facility,GA,34.339588,-82.819871,SOCO,360.0,360.0,0.0,2,173903.96,0.05514458396752917
10761,Las Vegas Generating Station,NV,36.2319,-115.1222,NEVP,358.9,0.0,358.9,8,448509.0,0.142657167830166
55165,Calcasieu,LA,30.1608,-93.345,MISO,358.8,358.8,0.0,2,94066.0,0.029927892569345815
58471,Ector County Energy Center,TX,32.069167,-102.585556,ERCO,358.8,358.8,0.0,2,648673.0,0.20638079493797182
55718,Dean,MI,42.77412,-82.48203,MISO,357.6,357.6,0.0,4,770055.0,0.2458216496583004
8063,DeCordova Steam Electric Station,TX,32.403056,-97.700556,ERCO,357.6,357.6,0.0,4,50370.626,0.016079618180053733
55253,Crete Energy Venture LLC,IL,41.429444,-87.6187,PJM,356.0,356.0,0.0,4,43559.0,0.013967664563131702
55250,University Park South,IL,41.440893,-87.753189,PJM,353.4,353.4,0.0,6,70044.0,0.022625609538649984
55284,Big Sandy Peaker Plant,WV,38.3441,-82.5938,PJM,353.4,353.4,0.0,6,285310.0,0.09216082258968972
2499,Narrows Gas Turbines Generating,NY,40.648611,-74.020833,NYIS,352.0,352.0,0.0,16,38300.925,0.012421169637297634
56151,South Harper,MO,38.6803,-94.4824,SWPP,351.0,351.0,0.0,3,284455.0,0.09251291157683851
55517,Wallingford Energy,CT,41.448694,-72.835364,ISNE,350.0,350.0,0.0,7,87775.001,0.02862850652315721
61144,Astoria Station,SD,44.574965,-96.55942,MISO,349.0,349.0,0.0,1,413200.0,0.1351545838730358
56234,Caithness Long Island Energy Center,NY,40.8142,-72.9403,NYIS,348.9,0.0,348.9,2,1852821.25,0.6062174695160655
56241,Cannon Falls Energy Center,MN,44.536688,-92.915528,MISO,346.8,346.8,0.0,2,796628.59,0.2622241544348064
56166,Sheboygan Falls,WI,43.751826,-87.878056,MISO,346.8,346.8,0.0,2,642468.0,0.21147951525493355
55651,Spring Creek Energy Center,OK,35.7422,-97.655,SWPP,346.0,346.0,0.0,4,187919.0,0.061999828437194815
55972,Cass County,NE,40.947913,-95.964026,SWPP,345.0,345.0,0.0,2,202437.0,0.06698332340678975
56292,Hamlet Generating Facility,NC,34.842311,-79.736087,CPLE,343.79999999999995,343.79999999999995,0.0,6,142338.4,0.04726200057907726
56249,Anson County Generation Facility,NC,34.968651,-79.921738,CPLE,343.79999999999995,343.79999999999995,0.0,6,16739.364,0.005558133511837881
683,Indian River Plant,FL,28.493232,-80.780124,FMPP,342.8,342.8,0.0,4,5532.395,0.001842333549122723
7759,Georgetown,IN,39.902556,-86.24405,MISO,340.0,340.0,0.0,4,466094.0,0.15649140478109053
7972,Sumpter,MI,42.167,-83.5318,MISO,340.0,340.0,0.0,4,190146.0,0.06384165995165189
3096,Brunot Island,PA,40.464851,-80.043761,PJM,339.9,0.0,339.9,4,54240.0,0.018216477852067692
55933,Tracy Combined Cycle Power Plant,CA,37.7107,-121.4906,CISO,336.1,0.0,336.1,3,1000454.0,0.33980088552683957
2292,Sarpy County,NE,41.170594,-95.970603,SWPP,334.9,334.9,0.0,5,186385.09,0.06353191029558336
56164,Faribault Energy Park,MN,44.3356,-93.290556,MISO,334.5,0.0,334.5,2,1103303.0,0.37652565336391125
564,Stanton Energy Center,FL,28.4822,-81.1678,FMPP,333.0,0.0,333.0,2,1177381.46,0.4036164452123356
1556,Perryman,MD,39.442836,-76.221761,PJM,333.0,333.0,0.0,2,140597.25,0.048197941091776705
8027,Blue Lake,MN,44.7855,-93.4315,MISO,332.6,332.6,0.0,2,315411.83,0.10825591300861896
990,Harding Street,IN,39.711319,-86.196867,MISO,327.0,327.0,0.0,3,428488.07,0.1495845970703643
1572,Dickerson Power,MD,39.2097,-77.4644,PJM,326.0,326.0,0.0,2,138017.98,0.04832968456733059
56610,Deer Creek Station,SD,44.39624,-96.53332,SWPP,324.0,0.0,324.0,2,1131678.0,0.39872526636225264
50152,Dow St Charles Operations,LA,29.9861,-90.4414,MISO,323.6,0.0,323.6,4,1872893.85,0.6606942762923955
55040,Mid-Georgia Cogeneration Facility,GA,32.4856,-83.6039,SOCO,323.0,0.0,323.0,3,116162.837,0.041054482449071915
54914,Brooklyn Navy Yard Cogeneration,NY,40.699357,-73.976392,NYIS,322.0,0.0,322.0,4,2169368.34,0.7690831915255679
141,Agua Fria,AZ,33.5561,-112.2153,SRP,321.9,321.9,0.0,5,52812.0,0.01872869562997102
7848,Holden,MO,38.7538,-93.9983,AECI,321.29999999999995,321.29999999999995,0.0,3,269547.37,0.09576796675037343
2494,Gowanus Gas Turbines Generating,NY,40.6635,-74.0051,NYIS,320.0,320.0,0.0,16,10907.92,0.003891238584474886
55700,Mint Farm Generating Station,WA,46.138824,-122.985506,PSEI,319.0,0.0,319.0,2,2306414.0,0.8253582113053063
57028,Langley Gulch Power Plant,ID,43.904444,-116.819722,IPCO,318.5,0.0,318.5,2,1826940.0,0.6548031225134944
10298,Bayou Cogen Plant,TX,29.6225,-95.0458,ERCO,318.4,318.4,0.0,4,2076747.6,0.7445717457148758
55818,Frederickson Power LP,WA,47.086111,-122.365674,BPAT,318.3,0.0,318.3,2,1717651.0,0.6160191054933674
7721,Theodore Cogen Facility,AL,30.525445,-88.128477,SOCO,317.4,0.0,317.4,2,1560526.0,0.5612546863356093
3250,Darlington County,SC,34.4185,-80.1657,CPLE,316.0,316.0,0.0,2,12339.014,0.00445747861395295
55238,NRG Rockford I,IL,42.238558,-89.101202,PJM,316.0,316.0,0.0,2,80309.001,0.029011690436968964
7754,Nodaway,MO,40.2877,-94.7913,AECI,315.6,315.6,0.0,2,27430.001,0.009921668735640167
55296,Calumet Energy Team LLC,IL,41.6835,-87.5563,PJM,312.8,312.8,0.0,2,5139.0,0.0018754598325333707
6046,DeBary,FL,28.903863,-81.332329,FPC,310.5,310.5,0.0,3,44206.545,0.016252525753865838
58933,Shell Chemical Appalachia LLC,PA,40.671667,-80.336389,PJM,309.8,0.0,309.8,5,1610368.0,0.5933891654948987
55395,Crossroads Energy Center,MS,34.183,-90.5621,MISO,306.4,306.4,0.0,4,123494.0,0.046010080236536834
55748,Los Esteros Critical Energy Center,CA,37.425,-121.9319,CISO,306.1,0.0,306.1,5,233318.0,0.08701233219812071
55051,Westlake Plaquemine,LA,30.2586,-91.185,MISO,306.0,306.0,0.0,3,1505359.5,0.5615839600680455
1016,Butler-Warner Generation Plant,NC,35.0986,-78.8294,CPLE,303.4,57.6,245.8,9,37854.127,0.01424274019258149
55482,Goldendale Generating Station,WA,45.8114,-120.833,PSEI,302.8,0.0,302.8,2,2099552.0,0.7915286850883384
1391,Louisiana 1,LA,30.4922,-91.1864,MISO,302.4,302.4,0.0,2,1965798.6,0.7420841034282816
55179,Rathdrum Power LLC,ID,47.7858,-116.9203,AVA,301.5,0.0,301.5,2,1373012.0,0.5198558198353741
56078,Walnut Energy Center,CA,37.4878,-120.8956,TIDC,300.6,0.0,300.6,3,1524951.0,0.5791123232986083
50489,PPG Powerhouse C,LA,30.22612,-93.295173,MISO,300.6,300.6,0.0,4,1364785.0,0.518288005419906
54844,Gordonsville Energy LP,VA,38.124688,-78.203543,PJM,300.4,0.0,300.4,4,1384432.6,0.526099371310095
50134,Sycamore Cogeneration,CA,35.452577,-118.985313,CISO,300.0,300.0,0.0,4,312304.0,0.11883713850837138
10496,Kern River Cogeneration,CA,35.4515,-118.9849,CISO,300.0,300.0,0.0,4,217455.0,0.08274543378995433
55127,Manchief Electric Generating Station,CO,40.217143,-103.68504,PSCO,300.0,300.0,0.0,2,214873.0,0.08176293759512937
7350,Coyote Springs,OR,45.847998,-119.67392,PGE,296.0,0.0,296.0,2,2041693.0,0.7873985715167222
55233,Handsome Lake Energy LLC,PA,41.2908,-79.8061,PJM,294.5,294.5,0.0,5,84235.0,0.03265150281802606
2511,E F Barrett,NY,40.616689,-73.647881,NYIS,293.2,293.2,0.0,11,118987.62,0.04632694967201779
55048,Tiverton Power Plant,RI,41.6422,-71.1706,ISNE,290.1,0.0,290.1,2,1663114.0,0.6544405251535056
8059,Comanche (OK),OK,34.5431,-98.3244,SWPP,290.0,0.0,290.0,3,500643.0,0.19707250826641473
55041,Berkshire Power,MA,42.0476,-72.6478,ISNE,289.0,0.0,289.0,1,573345.0,0.22647177323790113
57978,Lodi Energy Center,CA,38.088056,-121.3875,CISO,288.9,0.0,288.9,2,776167.0,0.3066927615534281
54832,Brandywine Power Facility,MD,38.6681,-76.8678,PJM,288.8,0.0,288.8,3,559751.28,0.22125535992107162
7931,Coyote Springs II,OR,45.848039,-119.673965,BPAT,287.0,0.0,287.0,2,2325857.0,0.9251177350325362
55210,Afton Generating Station,NM,32.114185,-106.846483,PNM,287.0,0.0,287.0,2,549898.0,0.2187238477081444
54574,Saranac Facility,NY,44.7132,-73.4557,NYIS,285.6,0.0,285.6,3,354885.0,0.14184869153140708
54537,Ferndale Generating Station,WA,48.828996,-122.685114,PSEI,285.5,0.0,285.5,3,1693358.12,0.6770778334892722
55285,Wolf Hills Energy,VA,36.6644,-82.1044,PJM,285.0,285.0,0.0,5,177816.0,0.07122326363854843
6074,Greenwood (MO),MO,38.8615,-94.2982,SWPP,284.8,284.8,0.0,4,162906.96,0.06529734877635832
1239,Riverton,KS,37.072616,-94.698704,SWPP,283.90000000000003,16.3,267.6,3,1251445.473,0.5032020861580625
55010,LSP-Cottage Grove LP,MN,44.7956,-92.9119,MISO,283.5,0.0,283.5,2,1273277.04,0.5127028581092509
55011,Whitewater Generating Station,WI,42.855463,-88.72992,MISO,283.5,0.0,283.5,2,759978.48,0.30601599381508054
1007,Noblesville,IN,40.0969,-85.9714,MISO,283.0,0.0,283.0,5,1800099.0,0.7261157364828889
54817,Johnson County,TX,32.3994,-97.4078,ERCO,282.6,0.0,282.6,2,1315868.89,0.5315404940102828
1913,Inver Hills,MN,44.781,-93.042,MISO,280.79999999999995,280.79999999999995,0.0,6,64009.153,0.026022011880602068
55241,Hog Bayou Energy Center,AL,30.7478,-88.0575,SOCO,280.0,0.0,280.0,2,931444.0,0.3797472276581866
7699,Tiger Bay,FL,27.746369,-81.849446,FPC,278.1,0.0,278.1,2,1021067.0,0.41913038409691333
389,El Centro Hybrid,CA,32.802222,-115.54,IID,276.70000000000005,0.0,276.70000000000005,5,956025.0,0.39441732552440445
55100,Rumford Power LLC,ME,44.5303,-70.5219,ISNE,274.5,0.0,274.5,2,637701.0,0.2651982433814906
55242,Santa Rosa Energy Center,FL,30.5664,-87.115,FPL,274.5,0.0,274.5,2,1432616.0,0.5957764636408247
7953,Evander Andrews Power Complex,ID,43.179176,-115.734315,IPCO,270.9,270.9,0.0,3,1096706.0,0.46214377577869137
689,S O Purdom,FL,30.162304,-84.200673,TAL,270.1,0.0,270.1,2,1206312.0,0.5098365394856293
55204,Kinmundy,IL,38.7619,-89.0128,MISO,270.0,270.0,0.0,2,-4.268,-1.80449856248943e-06
55201,Gibson City Energy Center LLC,IL,40.4705,-88.3987,MISO,270.0,270.0,0.0,2,109259.0,0.0461944021647218
2500,Ravenswood,NY,40.759167,-73.946111,NYIS,268.5,0.0,268.5,2,1896396.6,0.8062705033034872
50109,Paris Energy Center,TX,33.6968,-95.5577,ERCO,265.6,0.0,265.6,3,647147.8300000001,0.27814504163915943
1464,Big Cajun 1,LA,30.6739,-91.3556,MISO,265.6,265.6,0.0,2,70038.0,0.03010243026902129
422,Glenarm,CA,34.126,-118.1494,CISO,265.6,178.6,87.0,6,38514.0,0.016553371018319853
6063,Electrifarm,IA,42.4407,-92.4205,MISO,264.1,264.1,0.0,3,10990.001,0.0047503457940208755
3439,Laredo,TX,27.5667,-99.5089,ERCO,263.6,263.6,0.0,2,52385.999,0.02268640695047845
59882,Exelon West Medway II LLC,MA,42.137218,-71.4447,ISNE,263.6,263.6,0.0,2,199740.05,0.08649990732464437
6373,Rokeby,NE,40.7316,-96.7364,SWPP,263.20000000000005,263.20000000000005,0.0,3,17952.244,0.007786257303854212
63259,Delta Energy Park,MI,42.690644,-84.657783,MISO,263.2,58.0,205.2,4,927163.0,0.4021296546890397
10726,Masspower,MA,42.1575,-72.5225,ISNE,260.9,0.0,260.9,3,475710.0,0.2081440955176234
56152,Freeport Energy Center,TX,28.988761,-95.395417,ERCO,260.0,0.0,260.0,2,1003738.54,0.4407000965929048
6085,R M Schahfer,IN,41.2164,-87.0261,MISO,258.0,258.0,0.0,2,46138.0,0.020414321616933913
55232,Marshall Energy Facility,KY,37.0286,-88.3958,TVA,258.0,258.0,0.0,3,65177.994,0.028838799511521716
6034,Belle River,MI,42.7756,-82.495,MISO,255.89999999999998,255.89999999999998,0.0,3,690725.0,0.30812772897518115
6035,Greenwood (MI),MI,43.1056,-82.6964,MISO,255.89999999999998,255.89999999999998,0.0,3,184949.0,0.08250449215857364
54324,Ocean State Power II,RI,42.0099,-71.6701,ISNE,254.2,0.0,254.2,3,896293.3800000001,0.4025043111345829
51030,Ocean State Power,RI,42.009722,-71.668909,ISNE,254.2,0.0,254.2,3,1182005.21,0.530810785201312
2454,Cunningham,NM,32.7131,-103.3533,SWPP,253.8,253.8,0.0,2,687373.0,0.3091695722731378
341,Long Beach Generation LLC,CA,33.7641,-118.2248,CISO,252.0,252.0,0.0,4,10348.999,0.004688065793288396
50561,Eagle Point Power Generation,NJ,39.8746,-75.1592,PJM,251.8,0.0,251.8,4,173752.614,0.07877193521712166
7988,Silver Creek,MS,31.6004,-89.9468,MISO,250.5,250.5,0.0,3,427708.0,0.19491063535030395
54805,Milford Power LP,MA,42.129361,-71.511496,ISNE,249.3,0.0,249.3,2,253129.0,0.11590856223910968
7605,River Road Gen Plant,WA,45.6497,-122.7256,BPAT,248.0,0.0,248.0,1,1561558.0,0.7187905067020179
8000,Beatrice,NE,40.330184,-96.808153,SWPP,247.1,0.0,247.1,3,488199.0,0.22553816046966732
55084,Crockett Cogen Project,CA,38.0569,-122.2161,CISO,247.0,0.0,247.0,1,1368470.0,0.6324616863549812
492,South Plant (CO),CO,38.824444,-104.833333,WACM,245.1,245.1,0.0,6,152267.7,0.07091863539064291
3612,V H Braunig,TX,29.2567,-98.3825,ERCO,244.0,244.0,0.0,4,167614.34,0.07841826671158021
55064,Black Hawk Station,TX,35.6957,-101.36,SWPP,243.9,243.9,0.0,2,1231613.5,0.5764458729062176
7829,Smarr Energy Center,GA,32.9842,-83.8464,SOCO,242.0,242.0,0.0,2,202026.0,0.0952988792029888
56674,Winchester Power Park,TX,30.02547,-96.9945,ERCO,242.0,242.0,0.0,4,51545.001,0.02431459724895279
55148,Worthington Generation LLC,IN,39.0708,-87.0128,MISO,242.0,242.0,0.0,4,195336.0,0.09214309973961282
2399,PSEG Burlington Generating Station,NJ,40.076611,-74.879172,PJM,242.0,242.0,0.0,4,49794.143,0.02348868966753462
7964,Peno Creek,MO,39.3531,-91.2295,MISO,240.0,240.0,0.0,4,115396.17,0.05488782819634703
50292,Bethpage Power Plant,NY,40.7469,-73.4994,NYIS,239.60000000000002,60.0,179.60000000000002,6,573468.0,0.2732236375694651
120,Yucca,AZ,32.7214,-114.7106,AZPS,238.0,238.0,0.0,5,293374.81,0.1407154416561145
3628,R W Miller,TX,32.6581,-98.3103,ERCO,237.6,237.6,0.0,2,73135.988,0.035138287363743984
55229,Montpelier Electric Generating Station,IN,40.6206,-85.3057,MISO,236.0,236.0,0.0,4,85346.814,0.04128299570466682
55365,Exelon LaPorte Generating Station,TX,29.7028,-95.0718,ERCO,236.0,236.0,0.0,4,164863.0,0.07974566597012615
55228,Greenville Electric Generating Station,OH,40.075783,-84.615136,PJM,236.0,236.0,0.0,4,104542.76,0.050568241622165465
52169,Midway Sunset Cogen,CA,35.2269,-119.6294,CISO,234.0,234.0,0.0,3,264038.0,0.12880907778168052
5083,Cumberland (NJ),NJ,39.3757,-74.9654,PJM,231.20000000000002,231.20000000000002,0.0,2,59509.127,0.029382696098181414
55075,Pine Bluff Energy Center,AR,34.2181,-91.9025,MISO,230.4,0.0,230.4,2,1059673.0,0.5250314125126839
52176,C R Wing Cogen Plant,TX,32.273178,-101.422386,ERCO,230.0,0.0,230.0,3,133743.0,0.06638028588445503
3609,Leon Creek,TX,29.3525,-98.5761,ERCO,229.6,229.6,0.0,4,227529.0,0.11312556679872082
55453,Fountain Valley Power Facility,CO,38.5569,-104.6875,PSCO,228.0,228.0,0.0,6,83442.0,0.04177781783225186
50973,Motiva Enterprises Port Arthur Refinery,TX,29.888462,-93.950984,MISO,225.7,18.8,206.9,6,1499707.69,0.7585268408988373
56505,Jonesboro City Water & Light Plant,AR,35.848561,-90.725377,MISO,224.3,224.3,0.0,5,77517.535,0.03945177742219834
7315,Almond Power Plant,CA,37.5744,-120.985,TIDC,223.5,223.5,0.0,4,172986.0,0.08835463209831142
54041,Lockport Energy Associates LP,NY,43.161947,-78.744971,NYIS,221.3,0.0,221.3,4,39516.0,0.020383908287887886
55216,Morris Cogeneration LLC,IL,41.411944,-88.332778,PJM,218.8,0.0,218.8,4,598242.0,0.3121227868072425
55622,West Valley Generation Project,UT,40.6667,-112.0317,PACE,217.0,217.0,0.0,5,790091.0,0.4156361130400017
56238,Groton Generation Station,SD,45.3735,-98.098689,SWPP,216.4,216.4,0.0,2,180479.0,0.09520621797955756
1248,Hutchinson Energy Center,KS,38.0906,-97.874722,SWPP,213.60000000000002,213.60000000000002,0.0,3,22595.04,0.012075573341542249
1595,Kendall Square Station,MA,42.3633,-71.0792,ISNE,213.39999999999998,0.0,213.39999999999998,2,1578920.3900000001,0.8446206825349957
10682,Brush Generation Facility,CO,40.2415,-103.631,PSCO,211.6,0.0,211.6,5,153728.0,0.0829341136459763
1366,Paddys Run,KY,38.223592,-85.841704,LGEE,210.6,210.6,0.0,2,77054.0,0.04176694549601703
7887,Terry Bundy Generating Station,NE,40.909653,-96.613086,SWPP,209.7,60.5,149.2,4,132578.24,0.07217216157894622
3548,Decker Creek,TX,30.3033,-97.6128,ERCO,206.0,206.0,0.0,4,0.0,0.0
56908,Dave Gates Generating Station,MT,46.104713,-112.876605,NWMT,203.10000000000002,203.10000000000002,0.0,3,468499.72,0.2633269482833433
10436,ExxonMobil Baytown Refinery,TX,29.753517,-94.997277,ERCO,201.8,201.8,0.0,6,1240328.0,0.7016350561838431
55026,Dighton Power Plant,MA,41.8312,-71.1239,ISNE,200.0,0.0,200.0,1,531137.0,0.3031603881278539
57483,Mariposa Energy Project,CA,37.789167,-121.601944,CISO,199.6,199.6,0.0,4,93437.0,0.053438498000567346
2161,James River Power Station,MO,37.108611,-93.261944,SWPP,197.5,197.5,0.0,2,136131.07,0.07868393156464945
56143,Riverside Energy Resource Center,CA,33.9636,-117.4528,CISO,196.0,196.0,0.0,4,71949.999,0.04190546023203802
55200,Arapahoe Combustion Turbine Project,CO,39.6692,-105.0018,PSCO,194.0,0.0,194.0,3,249406.0,0.14675775549592807
4014,Wheaton,WI,44.885416,-91.515833,MISO,194.0,194.0,0.0,4,17967.926,0.010572851056818716
7551,SCA Cogen 2,CA,38.530943,-121.400128,BANC,193.39999999999998,44.0,149.39999999999998,4,639252.0,0.3773214715756967
55029,De Pere Energy Center,WI,44.44861,-88.07204,MISO,192.3,192.3,0.0,1,95101.007,0.05645491075350777
57842,Wabash Valley Power IGCC,IN,39.53,-87.4247,MISO,192.0,192.0,0.0,1,490877.0,0.29185514174277016
2039,Elk River,MN,45.296797,-93.558447,MISO,191.3,191.3,0.0,1,44722.624,0.026687518946310634
3631,Sam Rayburn,TX,28.8947,-97.135,ERCO,189.60000000000002,0.0,189.60000000000002,4,193607.25,0.11656795488700074
1068,Marshalltown,IA,42.0474,-92.859444,MISO,189.0,189.0,0.0,3,79031.001,0.047734411466260784
7760,Tilton,IL,40.106125,-87.653818,MISO,188.0,188.0,0.0,4,69319.001,0.042091106212960264
4076,West Marinette,WI,45.0869,-87.6881,MISO,187.1,187.1,0.0,3,30647.0,0.01869864233957862
50243,Bucksport Generation LLC,ME,44.5738,-68.8046,ISNE,186.8,186.8,0.0,1,13769.989,0.008414970837855543
7975,Pyramid,NM,32.2363,-108.5494,PNM,186.0,186.0,0.0,4,269374.98,0.1653256370599499
201,Thomas Fitzhugh,AR,35.462382,-93.804926,SWPP,185.0,0.0,185.0,2,484175.64,0.2987631988152536
118,Saguaro,AZ,32.5517,-111.3,AZPS,184.5,184.5,0.0,3,135229.0,0.08366992117409759
52193,Delaware City Plant,DE,39.5871,-75.6343,PJM,184.0,184.0,0.0,2,868947.0,0.5391025163787969
7307,Redding Power,CA,40.507292,-122.423281,BANC,183.1,73.8,109.3,6,272176.0,0.16969044038614525
50304,Shell Deer Park,TX,29.723185,-95.128856,ERCO,182.2,182.2,0.0,2,1078038.1,0.6754319980552257
56013,Exira,IA,41.514365,-94.919729,SWPP,181.5,181.5,0.0,3,312222.58,0.1963738128482836
7763,Henry County,IN,39.9528,-85.5039,MISO,181.5,181.5,0.0,3,344725.0,0.21681635784998177
57881,Pioneer Generation Station,ND,48.2325,-103.95278,SWPP,181.5,181.5,0.0,3,597532.0,0.37582047121275014
3648,Gadsby,UT,40.7686,-111.9289,PACE,181.2,181.2,0.0,3,2024.0,0.0012751116352676727
10213,El Segundo Cogen,CA,33.9058,-118.4031,CISO,180.1,0.0,180.1,6,1268486.617,0.8040222561539886
7145,Pleasant Hill,IA,41.5572,-93.5242,MISO,179.8,179.8,0.0,3,21908.658,0.013909835128834168
99,Frederickson,WA,47.079722,-122.365,PSEI,177.8,177.8,0.0,2,68960.459,0.04427558220462168
3285,Hagood,SC,32.8265,-79.9634,SCEG,177.3,177.3,0.0,3,16006.53,0.010305862673743907
2790,R M Heskett,ND,46.8669,-100.8836,MISO,176.4,176.4,0.0,2,30881.0,0.01998428747450274
6137,A B Brown,IN,37.9053,-87.715,MISO,176.4,176.4,0.0,2,49647.843,0.032129036203522504
7870,Encogen,WA,48.746,-122.486,PSEI,176.4,0.0,176.4,4,752211.95,0.4867853971877944
7325,San Jacinto Steam Electric Station,TX,29.694838,-95.040622,ERCO,176.4,176.4,0.0,2,857867.0,0.5551588595864525
50002,Pittsfield Generating LP,MA,42.4564,-73.2181,ISNE,175.5,0.0,175.5,4,27896.617000000002,0.018145557376835916
7552,SPA Cogen 3,CA,38.511,-121.4735,BANC,173.9,0.0,173.9,2,672147.0,0.4412254720473899
7818,Alsey,IL,39.569771,-90.43602,MISO,173.0,173.0,0.0,6,38726.52,0.025553963100799746
4940,Riverside (OK),OK,35.9978,-95.9567,SWPP,173.0,173.0,0.0,2,96635.0,0.06376527568823079
56604,Hardin County Peaking Facility,TX,30.3038,-94.2526,MISO,173.0,173.0,0.0,2,194646.0,0.1284385145300499
2964,Southwestern,OK,35.1009,-98.3524,SWPP,173.0,173.0,0.0,2,145112.0,0.09575316071475704
10751,Camden Plant Holding LLC,NJ,39.9175,-75.1192,PJM,172.9,0.0,172.9,2,104531.0,0.0690153994047289
55733,Bennett Mountain,ID,43.147153,-115.666637,IPCO,172.8,172.8,0.0,1,919148.0,0.6072081642144428
2047,Chevron Oil,MS,30.34,-88.4919,SOCO,170.5,170.5,0.0,5,1013132.0,0.678324562460665
55102,Livingston Generating Station,MI,45.030397,-84.730795,MISO,170.1,170.1,0.0,4,19544.0,0.013116109513877145
56603,San Jacinto County Peaking Facility,TX,30.4193,-95.0118,MISO,170.0,170.0,0.0,2,139560.0,0.09371474617244158
7314,Richard M Flynn,NY,40.8158,-73.064,NYIS,170.0,0.0,170.0,2,468743.51,0.3147619594413108
7991,West Campus Cogeneration Facility,WI,43.075071,-89.4251,MISO,169.3,0.0,169.3,3,281441.356,0.18976969093797455
6120,Whitehorn,WA,48.885636,-122.75164,PSEI,169.2,169.2,0.0,2,224549.01,0.1514979233459633
2038,Cambridge CT Hybrid,MN,45.601,-93.2081,MISO,169.2,169.2,0.0,1,35368.742,0.02386245641590293
7336,Anderson,IN,40.0529,-85.7389,PJM,168.7,168.7,0.0,3,990751.26,0.670417657997093
55936,NRG Rockford II Energy Center,IL,42.2383,-89.1011,PJM,168.0,168.0,0.0,1,64603.001,0.043897451212220044
7456,Rathdrum,ID,47.80427,-116.867312,AVA,166.4,166.4,0.0,2,866302.0,0.5943084277309448
56298,Roseville Energy Park,CA,38.7928,-121.3811,BANC,165.0,0.0,165.0,3,556343.0,0.3849059083990591
55447,Columbia Energy Center,MO,39.0192,-92.2629,MISO,162.8,162.8,0.0,4,13259.0,0.009297201934188235
7268,491 E 48th Street,MI,42.7553,-86.0853,MISO,161.7,161.7,0.0,3,92121.055,0.06503464544805053
55802,Valencia Energy Facility,NM,34.611549,-106.732234,PNM,159.5,159.5,0.0,1,76829.0,0.05498704570504287
2831,Dick's Creek,OH,39.465,-84.3778,PJM,159.1,159.1,0.0,4,8651.0,0.006207146936678635
8029,Sycamore (IA),IA,41.6722,-93.6769,MISO,157.6,157.6,0.0,2,9531.0,0.006903640219734372
54365,Orange Cogeneration Facility,FL,27.87082,-81.825061,FPC,157.2,0.0,157.2,3,387478.13999999996,0.28137827216006134
52132,Power Station 4,TX,29.378164,-94.92195,ERCO,156.4,0.0,156.4,2,401440.0,0.29300820983545295
52109,Richmond Cogen,CA,37.9418,-122.3909,CISO,155.6,0.0,155.6,3,926351.633,0.6796137744890892
7825,Fulton (AR),AR,33.6094,-93.7924,SWPP,154.8,154.8,0.0,1,194353.0,0.14332309770745577
55504,Limon Generating Station,CO,39.2038,-103.7005,WACM,154.2,154.2,0.0,2,207601.48,0.153688710030856
55505,Frank Knutson,CO,39.941129,-104.682015,PSCO,154.2,154.2,0.0,2,270819.81,0.20048964607430309
56026,Donald Von Raesfeld Power Plant,CA,37.3767,-121.9508,CISO,154.0,0.0,154.0,3,878316.0,0.65106742572496
56233,EG178 Facility,TX,32.747058,-100.954661,ERCO,153.9,0.0,153.9,3,713126.0,0.5289608682623183
57027,Canyon Power Plant,CA,33.858056,-117.861667,CISO,150.0,150.0,0.0,3,78454.0,0.059706240487062405
55039,Rio Bravo,NM,35.026,-106.644,PNM,150.0,150.0,0.0,1,418835.15,0.31874821156773214
55541,Indigo Energy Facility,CA,33.910873,-116.552994,CISO,149.7,149.7,0.0,3,24611.0,0.01876736730691215
59093,Holland Energy Park,MI,42.7925,-86.092222,MISO,149.4,0.0,149.4,3,892920.0,0.6822724688709174
7266,Woodland,CA,37.652602,-121.020397,BANC,148.6,50.4,98.2,3,232082.0,0.17828653428959482
50458,Indeck Corinth Energy Center,NY,43.25,-73.8125,NYIS,147.0,0.0,147.0,2,422252.0,0.32790668778927096
3176,Hunlock Power Station,PA,41.200556,-76.07,PJM,145.9,0.0,145.9,3,630875.0,0.49360996616810787
55810,Gilroy Peaking Energy Center,CA,36.999,-121.5363,CISO,144.0,144.0,0.0,3,23334.0,0.018497907153729072
56312,Shute Creek Facility,WY,41.8805,-110.0904,PACE,144.0,144.0,0.0,3,520676.67,0.41276372241248094
1305,McPherson 2,KS,38.363411,-97.68335,SWPP,143.60000000000002,143.60000000000002,0.0,2,11020.947,0.008761134906704314
2241,C W Burdick,NE,40.9228,-98.3269,SWPP,142.8,142.8,0.0,3,3949.327,0.0031571177557781103
1336,Garden City,KS,37.9703,-100.8956,SWPP,142.4,142.4,0.0,2,18198.0,0.014588463906418348
55207,Valmont Combustion Turbine Project,CO,40.0205,-105.2009,PSCO,142.2,142.2,0.0,2,45988.0,0.03691822566454091
1728,Delray,MI,42.2947,-83.1019,MISO,142.2,142.2,0.0,2,90867.0,0.07294616881490473
664,John R Kelly,FL,29.6461,-82.3208,GVL,141.6,0.0,141.6,2,807194.0,0.650744588912107
60698,Stanton Energy Reliability Center Hybrid,CA,33.806801,-117.985758,CISO,141.0,141.0,0.0,2,2527.0,0.0020458887917354836
7989,Sylvarena,MS,31.982076,-89.412714,MISO,141.0,141.0,0.0,3,294253.0,0.23823067456847696
10154,Power Island,TX,29.2293,-95.1952,ERCO,141.0,141.0,0.0,3,833439.0,0.6747619741571942
56177,Nebo Power Station,UT,40.0614,-111.7294,PACE,140.0,0.0,140.0,2,809115.0,0.6597480430528375
57703,Cheyenne Prairie Generating Station,WY,41.123611,-104.72,WACM,140.0,40.0,100.0,4,430153.0,0.3507444553163731
56639,Midway Peaking LLC,CA,36.654114,-120.579727,CISO,139.8,139.8,0.0,2,15685.0,0.012807761903828692
54268,HF Sinclair Puget Sound Refining,WA,48.4708,-122.56,PSEI,139.8,139.8,0.0,3,767435.36,0.6266579131309568
50118,Hal C Weaver Power Plant,TX,30.2867,-97.7356,ERCO,138.9,0.0,138.9,4,361190.17,0.2968448852858894
7425,Interstate,IL,39.8233,-89.5891,MISO,138.6,138.6,0.0,1,50784.413,0.04182761486357377
54915,Michigan Power LP,MI,43.9375,-86.425,MISO,138.1,0.0,138.1,2,1062002.0,0.8778646272471473
3559,Silas Ray,TX,25.9131,-97.5214,ERCO,136.0,61.0,75.0,3,103408.0,0.08679828095621811
54785,Grays Ferry Cogeneration,PA,39.942219,-75.188069,PJM,135.0,135.0,0.0,1,866423.0,0.7326424826653137
7546,Ponca City,OK,36.71979,-97.085758,SWPP,134.3,60.5,73.8,3,22550.0,0.01916754216859277
10294,King City Power Plant,CA,36.225,-121.1278,CISO,133.2,0.0,133.2,2,37953.0,0.032526533382697766
2444,Rio Grande,NM,31.8047,-106.5472,EPE,131.8,131.8,0.0,1,101380.0,0.08780773414818356
638,Suwannee River,FL,30.376389,-83.180556,FPC,131.8,131.8,0.0,2,75308.434,0.0652265037659107
50558,Frontier,OK,35.44221,-97.647694,SWPP,131.4,0.0,131.4,2,725217.0,0.6300405537832823
10034,Gilroy Power Plant,CA,37.0001,-121.5367,CISO,130.0,0.0,130.0,2,44213.0,0.038824200913242006
56041,Malburg,CA,33.9986,-118.2219,CISO,130.0,0.0,130.0,3,351757.0,0.3088839128907622
1084,River Hills,IA,41.590218,-93.619499,MISO,128.0,128.0,0.0,8,1343.0,0.001197738299086758
54426,Mulberry Cogeneration Facility,FL,27.8489,-81.8775,FPC,127.7,0.0,127.7,2,387997.0,0.3468433435956848
54271,Saguaro Power,NV,36.0417,-115.0117,NEVP,127.2,0.0,127.2,3,212651.0,0.19084298986243933
2854,Yankee Street,OH,39.603,-84.2047,PJM,125.5,125.5,0.0,7,21971.0,0.019984900580327092
54476,Sumas Power Plant,WA,48.9905,-122.2733,PSEI,125.5,0.0,125.5,2,675821.0,0.6147292110098419
7527,Carson Ice-Gen Project,CA,38.445681,-121.462387,BANC,125.5,54.0,71.5,3,102978.734,0.09366982662955484
7697,Washington County Cogeneration Facility,AL,31.26423,-88.00267,SOCO,122.5,0.0,122.5,2,825864.0,0.7696058149287112
54466,Orlando Cogen LP,FL,28.442623,-81.412343,FPC,122.4,0.0,122.4,1,704752.0,0.6572805682394723
58325,Charles D. Lamb Energy Center,OK,36.813889,-97.125278,SWPP,122.0,122.0,0.0,1,211791.0,0.1981725802829553
1730,Hancock,MI,42.5497,-83.4425,MISO,121.6,121.6,0.0,4,9173.0,0.008611399002643596
60468,Friendswood Energy,TX,29.647267,-95.451516,ERCO,121.5,121.5,0.0,1,65743.001,0.06176879662513859
54114,Kennedy International Airport Cogen,NY,40.6417,-73.7778,NYIS,121.2,0.0,121.2,3,398557.0,0.37539087812890876
7749,Essex,MO,36.868206,-89.840173,AECI,121.2,121.2,0.0,1,62554.0,0.058918049339180496
2951,Horseshoe Lake,OK,35.50866,-97.17969,SWPP,121.0,121.0,0.0,2,143678.0,0.13555039812823125
55304,Baconton Power Plant,GA,31.3869,-84.08,SOCO,121.0,121.0,0.0,2,74017.149,0.06983013415600589
56239,Malaga Power LLC,CA,36.68957,-119.73989,CISO,121.0,121.0,0.0,2,13559.0,0.012791992150647195
60460,Chamon Power LLC,TX,29.883214,-95.111345,ERCO,121.0,121.0,0.0,2,114912.0,0.10841163817502547
56569,Niland Gas Turbine Plant,CA,33.238842,-115.504456,IID,121.0,121.0,0.0,2,55694.998,0.05254443375221706
56135,Ripon Generation Station,CA,37.7315,-121.116,BANC,121.0,121.0,0.0,2,8659.0,0.008169176195328125
60459,Port Comfort Power LLC,TX,28.64807,-96.54621,ERCO,121.0,121.0,0.0,2,76123.999,0.07181780350201894
56482,Black Mountain Generating Station,AZ,35.0361,-114.1594,TEPC,121.0,121.0,0.0,2,86350.999,0.08146628080304917
56032,Equus Freeport Power,NY,40.6439,-73.5683,NYIS,120.0,120.0,0.0,2,38512.7,0.03663689117199391
56556,PPS Power Plant No 1,KY,37.03385,-88.615862,LGEE,120.0,120.0,0.0,2,109431.0,0.10410102739726028
1682,Cleary Flood Hybrid,MA,41.8653,-71.1061,ISNE,118.0,0.0,118.0,2,132473.34,0.12815701184118877
10030,Energy Center Dover,DE,39.149549,-75.547335,PJM,118.0,50.0,68.0,3,114257.887,0.1105350659778655
56914,Orange Grove Peaking Facility,CA,33.3594,-117.1114,CISO,118.0,118.0,0.0,2,23551.0,0.022783646776565282
7903,McCartney,MO,37.248431,-93.170839,SWPP,117.8,117.8,0.0,2,111738.0,0.10828081028908994
55043,Cherokee County Cogen,SC,35.0727,-81.613,SC,117.7,0.0,117.7,2,647186.9099999999,0.627695703029527
50463,Procter & Gamble Mehoopany Mill,PA,41.574259,-76.043233,PJM,117.6,117.6,0.0,2,606617.0,0.5888479250147548
55544,Klamath Expansion Project,OR,42.172718,-121.814393,AVRN,117.6,117.6,0.0,4,132311.76,0.12843607305936075
50150,Union Carbide Seadrift Cogen,TX,28.5105,-96.7706,ERCO,117.0,117.0,0.0,4,535545.0,0.5225237091675448
1660,Potter Station 2,MA,42.235,-70.9672,ISNE,116.0,116.0,0.0,2,21910.027,0.02156159167847583
7515,McPherson 3,KS,38.38932,-97.61108,SWPP,115.6,115.6,0.0,1,12996.422,0.012833994959788911
10342,Marathon Bay Area Cogen,CA,38.0244,-122.0589,CISO,113.5,0.0,113.5,3,689814.0,0.6937963912859816
7288,Sherman Avenue,NJ,39.451,-75.0578,PJM,112.8,112.8,0.0,1,23178.784,0.02345726869393439
1001,Cayuga,IN,39.9242,-87.4244,MISO,112.5,112.5,0.0,1,12634.742,0.01282064129883308
675,Larsen Memorial,FL,28.0491,-81.9238,FMPP,111.2,0.0,111.2,2,297975.87899999996,0.3058948858036858
6195,John Twitty Energy Center,MO,37.151706,-93.38804,SWPP,109.0,109.0,0.0,2,113262.0,0.11861882619077542
56606,Culbertson Generation Station,MT,48.21,-104.391667,SWPP,108.2,108.2,0.0,1,251232.0,0.26505963082065176
58063,SABIC Innovative Plastics Mt. Vernon,IN,37.910278,-87.926111,MISO,108.0,108.0,0.0,1,431809.0,0.45641911889058007
10617,CH Resources Beaver Falls,NY,43.8861,-75.4342,NYIS,107.8,0.0,107.8,2,7895.0,0.008360442558094221
6088,North Loop,AZ,32.401,-111.1262,TEPC,107.8,107.8,0.0,4,2456.0,0.0026007912504977084
50541,Harbor Cogen,CA,33.7771,-118.2303,CISO,107.39999999999999,0.0,107.39999999999999,3,17358.0,0.01844978444427438
2966,Weleetka,OK,35.3233,-96.1352,SWPP,106.0,106.0,0.0,2,4314.0,0.0046459033341948825
7869,Glenwood Landing,NY,40.8275,-73.6478,NYIS,106.0,106.0,0.0,2,108820.06,0.1171922762126303
56232,Miramar Energy Facility,CA,32.8769,-117.166389,CISO,106.0,106.0,0.0,2,10538.0,0.011348755061600758
2517,Port Jefferson,NY,40.949696,-73.078507,NYIS,106.0,106.0,0.0,2,67173.525,0.0723416095890411
6064,Nearman Creek,KS,39.1681,-94.6975,SWPP,104.0,104.0,0.0,1,109761.15,0.12047895811380399
55138,Walton Discover Power Facility,AL,32.54098,-85.038879,SOCO,103.0,103.0,0.0,2,69.0,7.647293523074877e-05
10621,CH Resources Syracuse,NY,43.0667,-76.2246,NYIS,102.7,0.0,102.7,2,16135.0,0.01793471253329065
10790,Victoria Texas Plant,TX,28.675088,-96.956014,ERCO,102.4,102.4,0.0,1,472432.0,0.526665953196347
54592,Massena Energy Facility,NY,44.9503,-74.8928,NYIS,102.1,0.0,102.1,2,12184.0,0.013622601174423857
7928,Osawatomie,KS,38.532161,-94.902633,SWPP,102.0,102.0,0.0,1,58768.0,0.06577133136359567
50137,Newgulf Cogen,TX,29.2639,-95.8997,ERCO,101.9,101.9,0.0,1,12650.0,0.014171382992547981
56108,T J Labbe Electric Generating,LA,30.2554,-92.0433,MISO,100.8,100.8,0.0,2,27634.0,0.03129529970283395
56283,Hargis-Hebert Electric Generating,LA,30.1694,-91.9923,MISO,100.8,100.8,0.0,2,52746.0,0.05973445314198739
8067,Fort Lupton,CO,40.0922,-104.796,PSCO,100.8,100.8,0.0,2,11546.672,0.013076520258027108
62548,SJRR Power LLC,TX,29.88193,-95.11148,ERCO,100.0,100.0,0.0,2,146604.0,0.16735616438356166
61966,Victoria Port Power II LLC,TX,28.698477,-96.946125,ERCO,100.0,100.0,0.0,2,185440.0,0.21168949771689496
61242,"Tres Port Power, LLC",TX,28.69637,-96.9453,ERCO,100.0,100.0,0.0,2,60784.0,0.06938812785388128
55786,Edgewood Energy LLC,NY,40.7861,-73.2931,NYIS,100.0,100.0,0.0,2,39874.002,0.04551826712328767
61241,Tres City Power LLC,TX,28.7853,-97.0093,ERCO,100.0,100.0,0.0,2,35282.0,0.040276255707762554
3325,Ben French,SD,44.087235,-103.260959,WACM,100.0,100.0,0.0,4,7873.363,0.008987857305936073
55542,Larkspur Energy Facility,CA,32.567041,-116.944197,CISO,99.8,99.8,0.0,2,24442.999,0.02795888466430578
58413,Copper Crossing Energy and Research Cent,AZ,33.15512,-111.483636,SRP,99.8,99.8,0.0,2,5083.0,0.0058141396949149445
7768,Sowega Power,GA,31.3869,-84.08,SOCO,99.6,99.6,0.0,2,53188.001,0.060960739075021544
1383,Robert A Reid,KY,37.6461,-87.5019,MISO,98.8,98.8,0.0,1,19205.0,0.022189793503780527
56018,AMEA Peaking,AL,33.1661,-86.2825,SOCO,98.6,98.6,0.0,2,35201.999,0.04075550746987506
2446,Maddox,NM,32.714224,-103.301469,SWPP,98.4,98.4,0.0,2,-81.0,-9.396926161042432e-05
6243,Dansby,TX,30.7217,-96.4608,ERCO,98.2,98.2,0.0,2,59991.0,0.06973816365817594
57504,TECO CHP-1,TX,29.703454,-95.398317,ERCO,98.0,98.0,0.0,2,30690.0,0.035749231199329046
58427,Lansing BWL REO Town Plant,MI,42.719722,-84.551667,MISO,98.0,0.0,98.0,3,436530.0,0.5084917528655297
55807,Henrietta Peaker,CA,36.2397,-119.9044,CISO,98.0,98.0,0.0,2,9805.0,0.011421349361662473
52026,Dartmouth Power Associates LP,MA,41.6731,-70.9994,ISNE,97.4,23.3,74.1,3,62775.656,0.07357464862685532
7698,General Electric Plastic,AL,32.310226,-86.52542,SOCO,97.0,0.0,97.0,2,602037.0,0.7085122157887304
54349,Nevada Cogen Associates 2 Black Mountain,NV,36.2253,-114.8783,NEVP,96.3,0.0,96.3,4,442506.0,0.5245522695913171
7962,Warren F Sam Beasley Generation Station,DE,39.279179,-75.623928,PJM,96.0,96.0,0.0,2,65820.683,0.07826850623097413
56629,Waterbury Generation,CT,41.5444,-73.0417,ISNE,96.0,96.0,0.0,1,43684.814,0.05194636367960426
54350,Nevada Cogen Assoc#1 GarnetVly,NV,36.343229,-114.920686,NEVP,94.8,0.0,94.8,4,429522.0,0.5172172128778684
50752,South Belridge Cogeneration Facility,CA,35.438611,-119.7075,CISO,94.19999999999999,94.19999999999999,0.0,3,484638.0,0.5873033185004218
7913,Hell Gate,NY,40.799,-73.9094,NYIS,94.0,94.0,0.0,2,105487.0,0.1281052657145633
7910,Joseph J Seymour Power Project,NY,40.6631,-74.0,NYIS,94.0,94.0,0.0,2,101309.0,0.12303142912659089
7914,Harlem River Yard,NY,40.7991,-73.9156,NYIS,94.0,94.0,0.0,2,109705.0,0.13322767900514912
7909,Vernon Boulevard,NY,40.7537,-73.9508,NYIS,94.0,94.0,0.0,2,117231.0,0.14236738560186535
6060,Coachella,CA,33.6758,-116.1714,IID,92.4,92.4,0.0,4,169.985,0.00021000736326078794
55698,Hanford Energy Park Peaker,CA,36.270072,-119.648055,CISO,92.2,92.2,0.0,2,7264.0,0.008993749938093681
4072,Pulliam,WI,44.54,-88.0086,MISO,91.0,91.0,0.0,1,55712.0,0.0698881027648151
6253,Germantown,WI,43.1952,-88.1496,MISO,90.9,90.9,0.0,1,26465.009,0.033235640801523074
54076,Indeck Olean Energy Center,NY,42.085944,-78.45425,NYIS,90.6,0.0,90.6,2,34517.0,0.04349113469815638
6358,Hutchinson Plant #2,MN,44.888881,-94.349348,MISO,90.5,25.0,65.5,3,1418.0,0.0017886424985494084
55655,WFEC GenCo LLC,OK,35.0833,-98.2264,SWPP,90.0,90.0,0.0,2,83680.0,0.10613901572805683
2092,Ralph Green,MO,38.78758,-94.277689,SWPP,88.9,88.9,0.0,1,49918.999,0.06410029097390224
54034,Rensselaer Cogen,NY,42.625325,-73.749955,NYIS,88.2,0.0,88.2,2,18844.0,0.02438936000579836
55738,Buchanan Generation LLC,VA,37.175278,-81.961388,PJM,88.0,88.0,0.0,2,0.0,0.0
7967,Lordsburg Generating,NM,32.35051,-108.69799,PNM,88.0,88.0,0.0,2,120413.0,0.15620200290577002
55377,Gans,PA,39.7475,-79.838888,PJM,87.6,87.6,0.0,2,147155.0,0.19176388107003606
55196,Springdale 1 & 2,PA,40.546667,-79.768333,PJM,87.6,87.6,0.0,2,130913.0,0.17059824649194136
55654,Chambersburg,PA,39.866944,-77.685833,PJM,87.6,87.6,0.0,2,193833.0,0.2525919497091387
59145,Freeport LP Pretreatment Facility,TX,28.979167,-95.306944,ERCO,87.0,87.0,0.0,1,555867.76,0.7293703878654281
9,Copper,TX,31.7569,-106.375,EPE,86.9,86.9,0.0,1,49822.002,0.06544813752226619
10416,Pensacola Florida Plant,FL,30.5958,-87.2525,SOCO,86.0,86.0,0.0,1,405181.98,0.5378331474992035
10690,ExxonMobil Baton Rouge Turbine Generator,LA,30.489722,-91.187222,MISO,85.3,85.3,0.0,1,653640.0,0.8747530874110713
124,Demoss Petrie,AZ,32.252273,-110.992148,TEPC,85.0,85.0,0.0,1,2468.999,0.003315872951920494
8037,Clifton,KS,39.6125,-97.2778,SWPP,85.0,85.0,0.0,1,6282.0,0.008436744560838033
2098,Lake Road (MO),MO,39.7246,-94.8773,SWPP,85.0,85.0,0.0,1,19283.026,0.025897160891753965
6058,Cascade Creek,MN,44.0322,-92.4908,MISO,84.9,84.9,0.0,2,28672.998,0.038553277828872
6635,A L Pierce,CT,41.44823,-72.834884,ISNE,84.0,84.0,0.0,1,0.0,0.0
56787,Geismar Cogen,LA,30.209,-90.9921,MISO,83.9,83.9,0.0,1,585714.64,0.7969296999580932
2176,Glendive GT,MT,47.0539,-104.74,MISO,83.7,83.7,0.0,2,2290.88,0.003124444226226521
55122,NAFTA Region Olefins Complex Cogen Fac,TX,29.954321,-93.883592,MISO,83.2,83.2,0.0,2,562039.0,0.771150278802248
7799,West Marinette 34,WI,45.0869,-87.6892,MISO,83.0,83.0,0.0,1,43646.0,0.0600291577267976
7335,Richmond,IN,39.839572,-84.965682,PJM,82.8,82.8,0.0,2,68516.932,0.09446337656894536
3576,Ray Olinger,TX,33.068055,-96.452481,ERCO,82.7,82.7,0.0,1,11151.0,0.01539232412913485
3338,Aberdeen CT,SD,45.429884,-98.49396,SWPP,82.2,82.2,0.0,1,27651.124,0.03840049883900499
58378,Petra Nova Carbon Capture Cogen,TX,29.475278,-95.634167,ERCO,82.2,82.2,0.0,1,200752.0,0.2787943427879434
63628,Tinker,OK,35.414719,-97.373445,SWPP,82.0,82.0,0.0,2,30679.0,0.04270937743624011
56188,Pinelawn Power LLC,NY,40.736611,-73.388424,NYIS,82.0,0.0,82.0,2,76649.0,0.10670592493596169
1217,Earl F Wisdom,IA,43.1606,-95.2569,SWPP,81.6,81.6,0.0,1,1909.822,0.0026717672799713493
55311,BASF Freeport Works,TX,29.002,-95.394,ERCO,81.0,81.0,0.0,1,466524.0,0.6574835109081685
2122,Chillicothe,MO,39.783388,-93.564112,SWPP,80.0,80.0,0.0,2,4241.208,0.00605195205479452
56248,Shell Chemical,LA,30.187508,-90.983963,MISO,80.0,80.0,0.0,2,572325.0,0.816673801369863
56253,Millcreek Power Generation,UT,37.112092,-113.516581,PACE,80.0,80.0,0.0,2,148882.0,0.21244577625570776
54912,Martinez Refining,CA,38.0169,-122.1117,CISO,80.0,0.0,80.0,2,718277.084,1.0249387614155252
1104,Burlington (IA),IA,40.7412,-91.116667,MISO,78.8,78.8,0.0,4,805.0,0.0011661799133115454
55101,Kalamazoo River Generating Station,MI,42.281345,-85.494956,MISO,77.4,77.4,0.0,1,244821.0,0.36108013875615025
535,McClellan (CA),CA,38.652731,-121.393336,BANC,77.0,77.0,0.0,1,3363.0,0.004985767657000533
10319,Geismar,LA,30.2,-91.0,MISO,76.9,76.9,0.0,2,320450.02,0.4756963915658716
7138,Forked River,NJ,39.8154,-74.2098,PJM,76.8,76.8,0.0,2,3373.54,0.005014418046042618
8219,Ray D Nixon,CO,38.633451,-104.70577,WACM,75.6,75.6,0.0,2,112532.0,0.16992220531033317
58478,LEPA Unit No. 1,LA,29.691111,-91.192778,MISO,74.1,0.0,74.1,2,144656.0,0.22285076935401377
50978,Carr Street Generating Station,NY,43.06132,-76.08239,NYIS,73.8,0.0,73.8,2,168667.0,0.2608973407085669
54637,JCO Oxides Olefins Plant,TX,29.963502,-93.929737,MISO,73.8,73.8,0.0,2,613754.0,0.9493664228879731
65405,"Flint Hills Resources Pine Bend, LLC",MN,44.45483,-93.02119,MISO,73.4,0.0,73.4,2,298965.0,0.46496491359038483
58235,Clayville,NJ,39.424444,-75.02,PJM,73.0,73.0,0.0,1,62421.0,0.0976121223494089
1079,Coralville GT,IA,41.671877,-91.563999,MISO,72.0,72.0,0.0,4,800.0,0.0012683916793505834
899,Moline,IL,41.509959,-90.534021,MISO,72.0,72.0,0.0,4,1049.0,0.0016631785895484526
10190,Castleton Energy Center,NY,42.5375,-73.7433,NYIS,72.0,0.0,72.0,2,86875.44,0.13774010654490107
1734,Northeast (MI),MI,42.45,-83.0381,MISO,71.4,71.4,0.0,4,4959.989,0.00793009509739969
151,McClure,CA,37.62936,-120.93139,BANC,71.2,71.2,0.0,1,1961.062,0.0031441787235134164
10567,Algonquin Windsor Locks,CT,41.9227,-72.6255,ISNE,71.0,0.0,71.0,3,130220.514,0.20937120393594444
7863,Elk Mound,WI,44.902814,-91.568096,MISO,71.0,71.0,0.0,2,25105.776,0.04036557978005017
10156,Fresno Cogen Partners,CA,36.617022,-120.099846,CISO,70.80000000000001,70.80000000000001,0.0,2,3089.0,0.004980587157856718
52149,West Point (PA),PA,40.217963,-75.298823,PJM,70.69999999999999,70.69999999999999,0.0,2,271882.38,0.43899294723992954
55309,Air Products Port Arthur,TX,29.866497,-93.96515,MISO,70.4,70.4,0.0,2,871923.0,1.4138435943337484
7932,Gaylord - Wolverine,MI,45.0046,-84.7218,MISO,70.19999999999999,70.19999999999999,0.0,3,23145.64,0.03763812460159493
10350,Greenleaf 1,CA,39.052922,-121.696072,CISO,69.8,69.8,0.0,2,4069.0,0.00665469508445526
50410,Chester Operations,PA,39.843743,-75.358801,PJM,69.2,0.0,69.2,4,172193.0,0.28405686647134903
50464,Oxnard,CA,34.196,-119.1667,CISO,68.7,68.7,0.0,2,495366.0,0.8231241650216347
2434,Howard Down,NJ,39.4889,-75.0347,PJM,68.2,68.2,0.0,1,74344.0,0.12443926672826364
7784,Allegany Cogen,NY,42.5027,-78.0686,NYIS,67.0,0.0,67.0,2,15549.0,0.026492537313432835
55977,Bluffview,NM,36.716628,-108.215282,WACM,67.0,0.0,67.0,2,286534.0,0.4881994138894568
55558,Combined Locks Energy Center,WI,44.2717,-88.3011,MISO,66.5,0.0,66.5,2,310441.999,0.5329110430185052
54593,Batavia Power Plant,NY,42.9828,-78.1592,NYIS,66.2,0.0,66.2,2,3440.0,0.005931934500406958
56489,Elkins Generating Center,AR,35.9714,-94.0014,SWPP,66.0,66.0,0.0,3,20736.0,0.03586550435865504
54131,World Generation X,NY,43.0483,-78.8539,NYIS,65.7,0.0,65.7,2,289403.0,0.5028443249028725
66600,Bushy Park Combustion Turbine Facility,SC,33.014915,-79.930045,SCEG,65.4,65.4,0.0,1,,
63559,MMWEC Simple Cycle Gas Turbine,MA,42.54342,-70.927967,ISNE,65.0,65.0,0.0,1,0.0,0.0
1678,Waters River,MA,42.542949,-70.928314,ISNE,64.9,64.9,0.0,2,3618.73,0.006365131463227586
7231,Gianera,CA,37.401,-121.96867,CISO,64.6,64.6,0.0,2,6241.0,0.011028528210130483
50744,Sterling Power Plant,NY,43.080338,-75.600963,NYIS,64.2,0.0,64.2,2,3712.0,0.006600378383760794
10620,Carthage Energy LLC,NY,43.9842,-75.6225,NYIS,62.9,0.0,62.9,2,3283.0,0.005958214459423162
54694,Yuma Cogeneration Associates,AZ,32.728822,-114.654053,AZPS,62.6,0.0,62.6,2,34036.0,0.06206690300086072
1206,Summit Lake,IA,41.1136,-94.3472,MISO,62.3,62.3,0.0,2,3087.351,0.005657099980210647
54091,Mansfield Mill,LA,32.1575,-93.5562,MISO,62.0,62.0,0.0,1,213310.0,0.3927493003387833
64854,Primient,IN,40.376319,-86.843695,MISO,61.8,61.8,0.0,2,406046.0,0.7500369434469714
6210,Northeast (WA),WA,47.73511,-117.370538,AVA,61.8,61.8,0.0,1,1189.0,0.002196287922448316
57564,Algonquin Power Sanger LLC,CA,36.6842,-119.5522,CISO,61.5,0.0,61.5,2,9898.0,0.018372498793481084
63632,Primient Loudon Plant,TN,35.735092,-84.319301,TVA,61.4,61.4,0.0,2,393562.0,0.7317128493448158
55699,Bayswater Peaking Facility LLC,NY,40.610654,-73.762218,NYIS,60.5,60.5,0.0,1,42500.0,0.0801917053473716
55951,Agua Mansa Power Plant,CA,34.0414,-117.3603,CISO,60.5,60.5,0.0,1,8812.0,0.01662704252990679
55836,Island Street Peaking Plant,WI,44.2761,-88.2658,MISO,60.5,60.5,0.0,1,10948.405,0.020658147477263293
50279,Archbald Power Station,PA,41.485,-75.5406,PJM,60.5,60.5,0.0,1,67337.061,0.12705585305105854
7987,Lake One,CA,34.1772,-118.3147,LDWP,60.5,60.5,0.0,1,285.0,0.0005377561417411978
2679,Plant No 2 Freeport,NY,40.6447,-73.5683,NYIS,60.5,60.5,0.0,1,30970.904,0.05843787312728782
7984,Kalkaska CT #1,MI,44.6889,-85.2019,MISO,60.5,60.5,0.0,1,47784.001,0.09016189478848258
55510,Border Hybrid Energy Center,CA,32.562448,-116.943869,CISO,60.5,60.5,0.0,1,14804.0,0.027933129552058567
55508,CalPeak Power Panoche Peaker Plant,CA,36.652905,-120.580609,CISO,60.5,60.5,0.0,1,10497.999,0.019808292765764745
57001,El Cajon Energy Center,CA,32.796106,-116.972073,CISO,60.5,60.5,0.0,1,8981.001,0.0169459243745047
55499,CalPeak Power Vaca Dixon Peaker Plant,CA,38.398867,-121.923973,CISO,60.5,60.5,0.0,1,3503.001,0.006609685271142308
58122,Delano Energy Center,CA,35.790864,-119.294469,CISO,60.5,60.5,0.0,1,7320.0,0.013811841956300237
56480,Marshfield Utilities Gas Plant,WI,44.634722,-90.134444,MISO,60.4,60.4,0.0,1,3964.0,0.007491910853064804
50127,Signal Hill Generating LLC,TX,33.8625,-98.5894,ERCO,60.0,0.0,60.0,3,1987.0,0.003780441400304414
3110,Hunterstown,PA,39.8662,-77.1648,PJM,60.0,60.0,0.0,3,12333.165,0.02346492579908676
1268,Chanute 2,KS,37.6953,-95.4586,SWPP,60.0,60.0,0.0,1,24547.0,0.046702815829528156
50451,Indeck Yerkes Energy Center,NY,42.9671,-78.9182,NYIS,59.900000000000006,0.0,59.900000000000006,2,20938.574,0.03990397618557565
1404,Sterlington,LA,32.7047,-92.0792,MISO,59.3,59.3,0.0,1,0.0,0.0
477,Valmont,CO,40.0195,-105.202,PSCO,59.3,59.3,0.0,1,15256.0,0.02936850778103752
55513,CalPeak Power Enterprise Peaker Plant,CA,33.121943,-117.117441,CISO,58.9,58.9,0.0,1,6104.001,0.01183028467102356
8076,Ellwood,CA,34.431419,-119.900055,CISO,58.0,58.0,0.0,1,2480.0,0.004881121083293969
3991,Fitchburg,WI,43.0147,-89.4603,MISO,57.6,57.6,0.0,2,14.0,2.774606798579401e-05
50450,Indeck Oswego Energy Center,NY,43.471745,-76.493474,NYIS,57.400000000000006,0.0,57.400000000000006,2,49816.130000000005,0.09907269740505624
377,Grayson,CA,34.1556,-118.2782,LDWP,57.4,57.4,0.0,1,46962.0,0.09339649658727507
56051,THUMS,CA,33.7684,-118.2141,CISO,57.4,57.4,0.0,1,348710.0,0.693503094522139
55874,Wellhead Power Panoche,CA,36.6535,-120.5783,CISO,56.7,56.7,0.0,1,3308.0,0.00666006297665354
50449,Indeck Silver Springs Energy Center,NY,42.6544,-78.0772,NYIS,56.599999999999994,0.0,56.599999999999994,2,60528.97,0.12207950126659892
10169,Carson Cogeneration,CA,33.8759,-118.2491,CISO,55.8,0.0,55.8,2,18898.0,0.03866139670381827
2059,L L Wilkins,MS,34.1845,-90.562662,MISO,55.2,0.0,55.2,4,,
7450,Alameda,CA,37.7886,-122.2889,CISO,54.8,54.8,0.0,2,3109.0,0.006476435689764357
7345,University of Florida,FL,29.640278,-82.348611,FPC,54.2,54.2,0.0,1,378952.0,0.7981431869113211
126,H Wilson Sundt Generating Station,AZ,32.16,-110.9047,TEPC,54.0,54.0,0.0,2,53552.24,0.1132086927109758
6515,Valencia,AZ,31.363472,-110.931343,TEPC,54.0,54.0,0.0,1,4601.95,0.009728458481312362
55538,Escondido Energy Center,CA,33.1261,-117.1172,CISO,54.0,54.0,0.0,1,9383.0,0.019835531878910875
464,Alamosa,CO,37.4594,-105.8947,PSCO,53.2,53.2,0.0,2,10191.048,0.021867700072098054
3132,Warren,PA,41.835947,-79.188668,PJM,53.1,53.1,0.0,1,15009.001,0.032266596582651845
54749,Goal Line LP,CA,33.1185,-117.0995,CISO,51.400000000000006,0.0,51.400000000000006,2,11365.0,0.025240747650267396
1877,George Johnson,MI,43.8393,-85.426,MISO,50.0,50.0,0.0,2,34032.0,0.0776986301369863
62449,Kimberly Clark Mobile - CHP Plant,AL,30.737741,-88.04977,SOCO,50.0,50.0,0.0,2,367835.16,0.839806301369863
7449,Combustion Turbine Project No 2,CA,38.088138,-121.386944,CISO,50.0,50.0,0.0,1,8253.0,0.01884246575342466
7947,Solway CT,MN,47.544582,-95.129652,MISO,50.0,50.0,0.0,1,124661.43,0.28461513698630136
55851,Valero Refinery Cogeneration Unit 1,CA,38.0736,-122.1411,CISO,49.9,49.9,0.0,1,145606.2,0.33310044747028306
52186,Yuba City Cogen Partners,CA,39.13667,-121.639846,CISO,49.9,49.9,0.0,1,22893.0,0.05237186702171466
50493,Double C Generation Limited Partnership,CA,35.5005,-119.046,CISO,49.8,49.8,0.0,2,14928.0,0.034219068053034055
50494,Kern Front Limited,CA,35.51647,-119.040128,CISO,49.8,49.8,0.0,2,12160.0,0.027874053290788726
50495,High Sierra Limited,CA,35.509041,-119.030546,CISO,49.8,49.8,0.0,2,14105.0,0.03233252645284334
56471,McGrath Peaker,CA,34.205556,-119.246944,CISO,49.8,49.8,0.0,1,7367.0,0.016887183436944123
56472,Grapeland Hybrid,CA,34.0903,-117.5343,CISO,49.8,49.8,0.0,1,3862.0,0.008852762648768591
56473,Mira Loma Peaker,CA,34.0053,-117.5604,CISO,49.8,49.8,0.0,1,11267.001,0.02582705479452055
56474,Barre Peaker,CA,33.8073,-117.9832,CISO,49.8,49.8,0.0,1,12665.001,0.029031654013313528
56475,Center Hybrid,CA,33.9296,-118.1046,CISO,49.8,49.8,0.0,1,7157.0,0.016405805871889383
4256,Walnut,CA,37.4903,-120.9044,TIDC,49.8,49.8,0.0,2,388.129,0.0008896980616530047
55264,Napoleon Peaking Station,OH,41.4079,-84.1095,PJM,49.5,49.5,0.0,2,2800.0,0.006457266731239334
50299,AltaGas Ripon Energy Inc.,CA,37.732533,-121.116006,CISO,49.5,49.5,0.0,1,2195.0,0.005062035883953692
55262,Bowling Green Generating Station,OH,41.397369,-83.641236,PJM,49.5,49.5,0.0,2,3060.0,0.007056870070568701
10349,Greenleaf 2 Power Plant,CA,39.1365,-121.6397,CISO,49.5,49.5,0.0,1,30458.0,0.07024122503574558
55263,Galion Generating Station,OH,40.7167,-82.789,PJM,49.5,49.5,0.0,2,2833.0,0.006533370232000369
7844,Minnesota River,MN,44.795231,-93.581013,MISO,49.0,49.0,0.0,1,5966.0,0.013898984251234741
56356,Clearwater Power Plant,CA,33.8912,-117.6085,CISO,49.0,0.0,49.0,2,10295.0,0.02398425123474047
52107,Kern River Eastridge Cogen,CA,35.4406,-118.9617,CISO,48.8,48.8,0.0,2,225849.0,0.528316584325174
55512,Cuyamaca Peak Energy Plant,CA,32.796491,-116.972071,CISO,48.7,48.7,0.0,1,5874.0,0.013768951646929763
10776,E F Oxnard Energy Facility,CA,34.1958,-119.1664,CISO,48.5,48.5,0.0,1,9813.0,0.023097020194887727
50115,US Borax,CA,35.0329,-117.701,CISO,48.2,48.2,0.0,1,270865.0,0.6415075124576063
55627,Goose Haven Energy Center,CA,38.226752,-121.843271,CISO,48.0,48.0,0.0,1,12991.0,0.03089564307458143
55855,Wolfskill Energy Center,CA,38.228522,-122.07525,CISO,48.0,48.0,0.0,1,7415.999,0.017636983923135462
55625,Creed Energy Center,CA,38.242158,-121.854722,CISO,48.0,48.0,0.0,1,6347.999,0.01509702958523592
50431,University of Michigan,MI,42.281167,-83.734617,MISO,47.5,0.0,47.5,5,220778.309,0.5305895433789954
55813,Yuba City Energy Center,CA,39.1392,-121.6387,CISO,47.3,47.3,0.0,1,39062.0,0.09427341268692017
2682,S A Carlson,NY,42.0933,-79.2478,NYIS,47.3,47.3,0.0,1,28324.0,0.06835799859055673
55811,King City Peaking,CA,36.224758,-121.124633,CISO,47.3,47.3,0.0,1,11865.0,0.028635349995655826
50026,Corpus Refinery,TX,27.8322,-97.5281,ERCO,47.0,47.0,0.0,1,280475.0,0.6812275332750413
54149,Stony Brook Cogen Plant,NY,40.916833,-73.129056,NYIS,47.0,47.0,0.0,1,309300.33,0.7512395074322356
7915,North 1st,NY,40.7171,-73.9664,NYIS,47.0,47.0,0.0,1,67641.0,0.16428883707373942
7912,Brentwood,NY,40.787062,-73.293412,NYIS,47.0,47.0,0.0,1,37446.999,0.09095258670941417
55847,Feather River Energy Center,CA,39.109344,-121.60931,CISO,47.0,47.0,0.0,1,45694.001,0.11098319488973088
8053,Pouch,NY,40.6182,-74.06849,NYIS,47.0,47.0,0.0,1,75899.998,0.1843485815602837
55626,Lambie Energy Center,CA,38.221577,-121.868333,CISO,47.0,47.0,0.0,1,9727.0,0.023625279316040027
55963,Riverview Energy Center,CA,38.014423,-121.790679,CISO,47.0,47.0,0.0,1,21904.999,0.053203631108520354
50971,Tropicana Products Bradenton,FL,27.483358,-82.548341,FPL,46.8,46.8,0.0,1,154205.0,0.37613911329664756
2628,Hillburn,NY,41.1269,-74.1653,NYIS,46.5,46.5,0.0,1,527.0,0.0012937595129375952
54768,Live Oak Limited,CA,35.4837,-119.0298,CISO,46.0,46.0,0.0,1,11559.0,0.028685229303156642
10649,Bear Mountain Limited,CA,35.419181,-118.926643,CISO,46.0,46.0,0.0,1,28373.0,0.07041145523128847
50003,Chalk Cliff Limited,CA,35.0968,-119.4299,CISO,46.0,46.0,0.0,1,10703.0,0.02656094897756601
10650,Badger Creek Limited,CA,35.483736,-119.029856,CISO,46.0,46.0,0.0,1,13164.0,0.03266825491363907
50612,McKittrick Limited,CA,35.319503,-119.661992,CISO,46.0,46.0,0.0,1,10679.0,0.026501389716100852
57908,Central Utility Plant Cincinnati,OH,39.134533,-84.509419,PJM,45.3,0.0,45.3,3,236289.611,0.5954459135948068
7318,Van Sant Station,DE,39.145036,-75.548172,PJM,45.1,45.1,0.0,1,1254.0,0.0031740728366187773
58151,Central Utility Plant - Texas A&M,TX,30.617778,-96.343333,ERCO,45.1,0.0,45.1,2,108602.41,0.27488991991414313
55935,Drews Generating Facility,CA,34.0609,-117.3532,CISO,44.8,44.8,0.0,4,1017.0,0.0025914261252446185
55934,Century Generating Facility,CA,34.0606,-117.3533,CISO,44.8,44.8,0.0,4,952.0,0.0024257990867579907
10243,Ticona Polymers Inc,TX,27.5697,-97.8228,ERCO,44.2,44.2,0.0,1,264707.0,0.6836582367404285
56397,Hunlock Unit 4,PA,41.2025,-76.068333,PJM,44.0,44.0,0.0,1,26230.0,0.06805209630552096
1130,Gas Turbine (IA),IA,42.512,-92.476,MISO,43.400000000000006,43.400000000000006,0.0,2,690.0,0.0018149106748311342
54907,Mass Inst Tech Cntrl Utilities/Cogen Plt,MA,42.360986,-71.093876,ISNE,43.4,43.4,0.0,2,204755.37,0.538569140205795
2135,Station H,MO,39.1067,-94.3804,SWPP,43.0,43.0,0.0,2,14090.639,0.037407451948603586
52096,Berry Placerita Cogen,CA,34.38407,-118.494882,CISO,42.8,42.8,0.0,2,29939.0,0.07985266504502198
58284,La Luz Energy Center,NM,34.616111,-106.815,PNM,42.3,42.3,0.0,1,7521.0,0.02029696557531008
1400,Teche,LA,29.822222,-91.5425,MISO,42.2,42.2,0.0,1,1194.0,0.0032298902811140687
55096,Portside Energy,IN,41.6317,-87.1728,MISO,42.0,42.0,0.0,1,219984.0,0.5979125896934117
8010,Murray Turbine,UT,40.67,-111.89,PACE,42.0,42.0,0.0,3,37300.0,0.10138073494237877
2049,Jack Watson,MS,30.4392,-89.0286,SOCO,41.9,41.9,0.0,1,25994.0,0.07081984721177842
2632,Shoemaker,NY,41.4278,-74.4186,NYIS,41.9,41.9,0.0,1,289.0,0.0007873715412866032
2048,Sweatt,MS,32.2925,-88.7461,SOCO,41.9,41.9,0.0,1,136.0,0.0003705277841348721
52168,Riverbay,NY,40.869972,-73.824437,NYIS,41.8,0.0,41.8,3,128954.568,0.3521732319591007
58207,Central Utility Plant at White Oak,MD,39.039444,-76.9825,PJM,41.7,17.2,24.5,8,72794.80799999999,0.19927840741105743
3993,Sycamore (WI),WI,43.1133,-89.3128,MISO,41.6,41.6,0.0,2,19.0,5.2138215665612926e-05
1358,Haefling,KY,38.0794,-84.5194,LGEE,41.4,41.4,0.0,2,-163.0,-0.00044945183420466326
50475,Corpus Christi,TX,27.811083,-97.595813,ERCO,41.0,41.0,0.0,1,54631.0,0.1521076957344916
50846,"Atlantic Alumina, Gramercy Operations",LA,30.054,-90.6693,MISO,40.7,40.7,0.0,2,117686.24,0.3300860511819416
57953,Roquette America,IA,40.389167,-91.394167,MISO,40.0,0.0,40.0,1,208836.0,0.5959931506849315
56144,Springs Generating Station,CA,33.9308,-117.2933,CISO,40.0,40.0,0.0,4,825.0,0.0023544520547945204
55478,Lange Generating Station,SD,44.1218,-103.2641,WACM,40.0,40.0,0.0,1,115379.0,0.3292779680365297
55477,Neil Simpson Gas Turbine #2,WY,44.285,-105.3786,WACM,40.0,40.0,0.0,1,28484.001,0.08128995719178082
2131,Higginsville,MO,39.073315,-93.714748,SWPP,40.0,40.0,0.0,1,6100.224,0.01740931506849315
2240,Lon Wright,NE,41.4281,-96.4623,SWPP,40.0,40.0,0.0,1,10477.0,0.02990011415525114
7504,Neil Simpson II,WY,44.2856,-105.3833,WACM,40.0,40.0,0.0,1,53154.0,0.15169520547945206
7281,Gardner Energy Center,KS,38.830833,-94.890278,SWPP,39.2,39.2,0.0,2,346.0,0.0010075948187494176
50028,Plant 31 Paper Mill,LA,32.486787,-92.149597,MISO,39.2,39.2,0.0,1,257440.12,0.7496974885844748
50865,Salinas River Cogeneration,CA,35.9515,-120.8679,CISO,38.9,38.9,0.0,1,258145.0,0.7575477456538836
10883,Medical Area Total Energy Plant,MA,42.33685,-71.10815,ISNE,38.8,38.8,0.0,3,234159.63,0.6889317363366756
54518,Formosa Plastics,LA,30.4992,-91.1872,MISO,38.8,38.8,0.0,1,317275.0,0.93346926046227
50170,Berry Cogen,CA,35.093046,-119.443617,CISO,38.7,38.7,0.0,1,13121.0,0.03870364470874187
10864,Archer Daniels Midland Cedar Rapids,IA,41.9221,-91.6875,MISO,38.5,38.5,0.0,1,287174.0,0.8514914309434858
10568,Port Arthur Texas Refinery,TX,29.964938,-93.891283,MISO,38.4,38.4,0.0,1,169345.15,0.5034280762461948
55540,Chula Vista Energy Center,CA,32.591667,-117.058611,CISO,37.2,37.2,0.0,1,1733.999,0.005321104605489272
54004,"WestRock Southeast, LLC.",GA,32.5036,-82.8443,SOCO,37.1,37.1,0.0,1,44154.08,0.13586037982005933
2903,Bryan (OH),OH,41.471822,-84.543148,PJM,36.8,36.8,0.0,3,2645.0,0.008204908675799087
58084,"Kimberly Clark-Unit 1,2,3",CT,41.558333,-73.413611,ISNE,36.300000000000004,16.1,20.200000000000003,3,218986.0,0.6886612073411574
10405,Kingsburg Cogen,CA,36.5397,-119.5794,CISO,36.2,0.0,36.2,2,10730.0,0.033836625545548574
1097,Merl Parr,IA,43.0563,-92.6932,MISO,36.0,36.0,0.0,2,432.0,0.0013698630136986301
50368,Cornell University Central Heat,NY,42.4428,-76.4764,NYIS,35.7,0.0,35.7,3,222316.828,0.7108860877684408
62289,Dearborn Energy Center,MI,42.2969,-83.23125,MISO,35.0,0.0,35.0,3,247309.0,0.806617742987606
50969,MU Combined Heat and Power Plant,MO,38.9461,-92.3328,MISO,34.6,34.6,0.0,2,77849.7,0.2568483252830786
63285,Valero Wilmington Cogeneration Plant,CA,33.778655,-118.23853,LDWP,33.5,33.5,0.0,1,228155.0,0.7774654126627139
10819,Ada Cogeneration LP,MI,42.962672,-85.494071,MISO,33.1,0.0,33.1,2,157931.52,0.5446740884823904
10427,New-Indy Ontario Mill,CA,34.045361,-117.540193,CISO,33.0,33.0,0.0,2,245944.0,0.8507817905078179
57584,University of California San Diego Hybri,CA,32.8747,-117.2392,CISO,33.0,0.0,33.0,3,222032.0,0.768064203680642
54372,University of Colorado,CO,40.00759,-105.269204,PSCO,33.0,0.0,33.0,3,4613.628,0.015959692818596927
2848,O H Hutchings,OH,39.6088,-84.2921,PJM,32.6,32.6,0.0,1,397.0,0.0013901728436563298
7782,Hamilton Peaking,OH,39.3528,-84.5183,PJM,32.0,32.0,0.0,1,2488.0,0.008875570776255708
50748,Agnews Power Plant,CA,37.4058,-121.9272,CISO,32.0,0.0,32.0,2,10346.0,0.036907819634703194
2909,West 41st Street,OH,41.474,-81.7145,PJM,32.0,32.0,0.0,2,0.0,0.0
58191,US Magnesium,UT,40.913333,-112.733889,PACE,32.0,32.0,0.0,2,9.8,3.496004566210046e-05
7783,Bowling Green Peaking,OH,41.3884,-83.6402,PJM,32.0,32.0,0.0,1,2372.001,0.00846176155821918
673,Tom G Smith,FL,26.612767,-80.0677,FMPP,31.4,0.0,31.4,2,-86.0,-0.0003126545094959718
50851,CSUCI Site Authority,CA,34.161951,-119.047916,CISO,31.1,0.0,31.1,2,2339.0,0.008585502650163708
50850,CamChino Leasing LLC,CA,33.989626,-117.680911,CISO,30.8,0.0,30.8,2,6875.0,0.02548108284409654
50628,Paulsboro Refinery,NJ,39.84,-75.2583,PJM,30.5,30.5,0.0,1,208107.0,0.7789018639119695
56509,Tesoro SLC Cogeneration Plant,UT,40.7931,-111.9038,PACE,30.4,30.4,0.0,2,183750.68,0.6900034546983898
3665,Bountiful City,UT,40.886867,-111.885332,PACE,30.4,30.4,0.0,3,28385.0,0.1065887106464792
57505,Monroe Generating Station,NC,34.985814,-80.506037,DUK,30.0,30.0,0.0,2,862.0,0.0032800608828006087
56309,Trigen St. Louis,MO,38.6359,-90.1809,MISO,30.0,0.0,30.0,3,74522.0,0.28356925418569257
2067,Yazoo,MS,32.8458,-90.4211,MISO,29.1,0.0,29.1,2,0.0,0.0
57585,Oxnard Paper Mill,CA,34.1414,-119.1831,CISO,29.0,29.0,0.0,1,195695.0,0.7703314438671075
10805,Kenilworth Energy Facility,NJ,40.6781,-74.2744,PJM,28.8,0.0,28.8,2,163529.391,0.6481853714802132
50849,PE Berkeley,CA,37.870331,-122.26337,CISO,28.5,0.0,28.5,2,159644.0,0.6394456460786669
52073,UCLA So Campus Cogen Project,CA,34.0692,-118.4439,LDWP,28.5,0.0,28.5,2,187463.0,0.7508731875350476
56668,NIH Cogeneration Facility,MD,39.0,-77.0939,PJM,28.0,28.0,0.0,1,155122.0,0.6324282452707111
54410,Western Power & Steam Inc,CA,35.440539,-119.012861,CISO,27.7,27.7,0.0,1,23464.0,0.0966981520861151
57946,Fredericktown Energy Center,MO,37.571672,-90.317251,SWPP,27.6,27.6,0.0,2,8364.0,0.034594004367679176
2250,J Street,NE,40.80788,-96.710667,SWPP,27.0,27.0,0.0,1,356.567,0.001507555386436665
55308,Calvert City,KY,37.048333,-88.353889,TVA,26.7,26.7,0.0,1,214208.4,0.915843209686522
471,Fruita,CO,39.1364,-108.7347,PSCO,26.6,26.6,0.0,1,832.874,0.0035743210766642636
55990,Ashtabula,OH,41.890026,-80.7612,PJM,26.1,0.0,26.1,7,165965.0,0.7258918105635158
54780,University of Illinois Abbott Power Plt,IL,40.105169,-88.241528,MISO,26.0,26.0,0.0,2,137967.34,0.6057575518089217
68899,Mississippi State University,MS,33.452279,-88.80154,TVA,26.0,26.0,0.0,2,,
54605,Pratt & Whitney,CT,41.748327,-72.636693,ISNE,25.8,25.8,0.0,1,121097.71,0.5358116084386394
58159,UCONN Cogen Facility,CT,41.809167,-72.254167,ISNE,25.700000000000003,0.0,25.700000000000003,4,122319.692,0.5433243252847217
10195,CF Industries Yazoo City Complex,MS,32.90411,-90.3781,MISO,25.0,25.0,0.0,1,142972.0,0.6528401826484018
54802,Mead Coated Board,AL,32.1761,-85.0272,SOCO,25.0,25.0,0.0,1,157513.0,0.7192374429223745
7824,Rockwood,CA,32.9553,-115.5364,IID,24.9,24.9,0.0,1,6266.659,0.028729800480460654
1880,Claude Vandyke,MI,42.731,-85.8551,MISO,24.8,24.8,0.0,1,5421.0,0.024953049049933715
7795,Custer Energy Center,WI,44.085437,-87.726102,MISO,24.5,24.5,0.0,1,5544.0,0.02583170254403131
3120,Blossburg,PA,41.706475,-77.08184,PJM,24.0,24.0,0.0,1,487.0,0.002316400304414003
50751,Southeast Kern River Cogen,CA,35.4206,-118.9644,CISO,24.0,24.0,0.0,1,59022.0,0.280736301369863
1881,Vestaburg,MI,43.4016,-84.9141,MISO,23.7,23.7,0.0,1,2311.82,0.011135290830973163
55857,Oak Point Cogen,LA,29.811956,-90.00843,MISO,23.5,23.5,0.0,5,99155.0,0.4816622947634315
10521,Lederle Laboratories,NY,41.0772,-74.0181,NYIS,23.400000000000002,0.0,23.400000000000002,5,149656.42200000002,0.73008830933146
54044,University of Illinois Cogen Facility,IL,41.8675,-87.6524,PJM,23.4,23.4,0.0,3,98597.8,0.48100241970104984
52122,Wasson CO2 Removal Plant,TX,33.009944,-102.756945,SWPP,23.4,23.4,0.0,1,145598.0,0.7102895835772548
2177,Miles City GT,MT,46.4112,-105.7953,MISO,23.3,23.3,0.0,1,321.2,0.0015736766809728183
8026,Hartzog,WY,43.8294,-105.5322,WACM,22.5,22.5,0.0,3,178.0,0.0009030948756976155
8030,Barber Creek,WY,43.7219,-105.7689,WACM,22.5,22.5,0.0,3,273.0,0.0013850837138508372
54851,MMSD Jones Island Wastewater,WI,43.0214,-87.9014,MISO,22.1,22.1,0.0,2,46658.788,0.24101111593214736
3561,Bryan (TX),TX,30.64741,-96.372316,ERCO,22.0,22.0,0.0,1,1540.0,0.007990867579908675
56038,UMCP CHP Plant,MD,38.985844,-76.935478,PJM,22.0,22.0,0.0,2,67500.0,0.35024906600249067
60025,Eight Flags Energy,FL,30.6608,-81.4706,JEA,21.6,21.6,0.0,1,162430.0,0.8584369186538137
2487,Coxsackie,NY,42.350889,-73.815798,NYIS,21.3,21.3,0.0,1,379.941,0.0020362563508907324
55799,Otsego Mill Power Plant,MI,42.4628,-85.6961,MISO,21.2,21.2,0.0,2,165451.44,0.8909033341948824
2126,Fulton (MO),MO,38.868095,-91.94778,AECI,21.2,21.2,0.0,1,161.0,0.0008669337468768846
59197,Univ Minnesota CHP Plant,MN,44.978611,-93.240833,MISO,21.0,21.0,0.0,1,166150.91,0.9031904218308328
10261,Enterprise Products Operating,TX,29.8247,-94.9197,ERCO,20.7,20.7,0.0,6,154745.0,0.8533794366135045
54321,Goodyear Beaumont Chemical Plant,TX,29.9728,-94.2142,MISO,20.0,20.0,0.0,4,172802.0,0.9863127853881278
7339,Wellington 2,KS,37.2678,-97.3497,SWPP,20.0,20.0,0.0,1,2421.0,0.013818493150684931
2914,Dover (OH),OH,40.520066,-81.46815,PJM,19.5,19.5,0.0,1,599.0,0.0035066151504507667
52147,CP Kelco San Diego Plant,CA,32.6947,-117.1436,CISO,19.2,19.2,0.0,2,70641.0,0.4200021404109589
2003,Owatonna,MN,44.0833,-93.23,MISO,19.0,19.0,0.0,1,0.0,0.0
57122,UCI Facilities Management Central Plant,CA,33.6481,-117.8467,CISO,19.0,0.0,19.0,2,111760.0,0.6714732035568373
1743,St Clair,MI,42.7642,-82.4719,MISO,18.5,18.5,0.0,1,516.0,0.0031840059237319513
10866,Archer Daniels Midland Peoria,IL,40.677188,-89.604911,MISO,18.0,18.0,0.0,1,78666.0,0.498896499238965
4118,Kaukauna Gas Turbine,WI,44.276199,-88.265445,MISO,18.0,18.0,0.0,1,1675.0,0.010622780314561136
2490,Arthur Kill Generating Station,NY,40.591564,-74.200035,NYIS,18.0,18.0,0.0,1,419.0,0.0026572805682394725
50622,Berry Cogen Tanne Hills 18,CA,35.089829,-119.440881,CISO,18.0,18.0,0.0,2,137748.0,0.8735920852359208
58199,Arizona State University CHP,AZ,33.417222,-111.928333,AZPS,17.1,7.9,9.2,2,42627.0,0.2845670111351438
2503,59th Street,NY,40.771285,-73.99115,NYIS,17.1,17.1,0.0,1,477.0,0.0031843306897380436
54096,International Paper Riverdale Mill,AL,32.426016,-86.870912,SOCO,17.0,0.0,17.0,1,301624.472,2.025412785388128
63423,BYU Central Heating Plant,UT,40.24724,-111.6462,PACE,16.5,16.5,0.0,1,115632.0,0.8
58184,Rand Whitney CHP Plant,CT,41.452778,-72.136111,ISNE,16.5,16.5,0.0,1,133276.0,0.9220700152207002
58914,MCAGCC Cogen Plant,CA,34.237222,-116.054167,CISO,16.4,16.4,0.0,3,69172.0,0.4814845751197238
2917,Hamilton (OH),OH,39.4098,-84.5543,PJM,16.3,16.3,0.0,1,1119.0,0.007836793007815783
3470,W A Parish,TX,29.4828,-95.6311,ERCO,16.3,16.3,0.0,1,268.0,0.0018769084236770596
57666,Foxwoods CoGen,CT,41.4731,-71.9606,ISNE,16.2,0.0,16.2,3,10820.0,0.07624443316985174
9674,Nine Springs,WI,43.0386,-89.3586,MISO,16.2,16.2,0.0,1,82.0,0.0005778228761485992
1225,Colby,KS,39.403001,-101.038202,SWPP,16.0,16.0,0.0,1,1247.54,0.008900827625570776
4251,Logan City,UT,41.725833,-111.8433,PACE,15.899999999999999,15.899999999999999,0.0,3,4596.0,0.03299732919789782
58584,Princeton University Cogeneration,NJ,40.341389,-74.657222,PJM,15.5,15.5,0.0,1,33263.641,0.24498188982177055
2144,Marshall (MO),MO,39.1228,-93.2064,SWPP,15.2,15.2,0.0,1,0.0,0.0
7930,Russell Energy Center,KS,38.899722,-98.839444,SWPP,15.0,15.0,0.0,2,700.0,0.00532724505327245
8906,Astoria Generating Station,NY,40.787674,-73.912561,NYIS,15.0,15.0,0.0,1,486.0,0.0036986301369863013
57322,Mont Belvieu Cogeneration Unit,TX,29.838138,-94.900661,ERCO,15.0,15.0,0.0,1,95447.1,0.7263858447488585
8028,Arvada,WY,44.69,-106.1092,WACM,15.0,15.0,0.0,2,199.0,0.0015144596651445966
59860,HP Hood CT,VA,39.132519,-78.187474,PJM,15.0,15.0,0.0,1,102743.0,0.781910197869102
10328,T B Simon Power Plant,MI,42.7178,-84.4836,MISO,14.3,14.3,0.0,1,27049.96,0.21593671169013634
57884,Lake Charles Polymers,LA,30.196571,-93.32197,MISO,14.3,14.3,0.0,1,110754.0,0.8841364115336718
50061,San Diego State University,CA,32.778225,-117.070114,CISO,14.299999999999999,0.0,14.299999999999999,3,59127.0,0.4720040233738864
7715,Pea Ridge,FL,30.59208,-87.135391,FPL,14.100000000000001,14.100000000000001,0.0,3,88215.0,0.7141989701739045
50906,Ford Utilities Center,NM,35.084078,-106.625191,PNM,13.7,13.7,0.0,2,77936.0,0.6494017264940173
971,Waterloo,IL,38.334786,-90.158939,MISO,13.6,13.6,0.0,2,338.259,0.002839267727639001
7283,Paragould Turbine,AR,36.024272,-90.509229,SPA,13.6,13.6,0.0,4,145.0,0.0012170964276121408
52086,Coalinga 25D Cogen,CA,36.1556,-120.3972,CISO,13.6,13.6,0.0,4,42334.0,0.35534179425194734
65512,"Kansas Ethanol, LLC",KS,38.286173,-98.192128,SWPP,13.5,13.5,0.0,1,116254.0,0.9830373752748182
52048,Vanderbilt University Power Plant,TN,36.145896,-86.803833,TVA,13.5,13.5,0.0,2,103822.0,0.8779130728902418
63063,Duke Energy CHP at Clemson University,SC,34.6779,-82.8231,DUK,13.4,13.4,0.0,1,94991.0,0.8092329448647175
58198,Parnassus Central Utility Plant,CA,37.762524,-122.456747,CISO,13.399999999999999,0.0,13.399999999999999,3,68951.871,0.5874043396033531
56478,MJMEUC Generating Station #1,MO,39.251076,-91.640071,SWPP,13.3,13.3,0.0,1,86665.0,0.7438544992618532
65400,Purdue CHP,IN,40.417023,-86.915334,MISO,13.3,13.3,0.0,1,123106.0,1.0566313042881175
58140,Summit Street Power Plant,OH,41.143056,-81.340833,PJM,13.2,13.2,0.0,2,35515.607,0.3071434118583091
54628,Phelps Dodge Refining,TX,31.764458,-106.391314,EPE,12.600000000000001,12.600000000000001,0.0,3,56067.76,0.507970573313039
2123,Columbia (MO),MO,38.964646,-92.316768,MISO,12.5,12.5,0.0,1,336.0,0.0030684931506849314
52085,Taft 26C Cogen,CA,35.1133,-119.4706,CISO,12.4,12.4,0.0,4,54714.0,0.50370083959346
52104,Cymric 36W Cogen,CA,35.3633,-119.6756,CISO,12.4,12.4,0.0,4,59204.0,0.5450360877890705
58328,North Chicago Energy Center,IL,42.306389,-87.851944,PJM,12.4,12.4,0.0,2,38206.0,0.351727058476948
10061,"Mars Wrigley Confectionery US, LLC",NJ,40.8625,-74.825,PJM,12.3,0.0,12.3,2,41652.0,0.38656866020715
52076,McKittrick Cogen,CA,35.3161,-119.6597,CISO,12.0,12.0,0.0,2,67450.0,0.6416476407914764
54550,W&T Onshore Treating Facility (OTF),AL,30.43203,-88.18241,SOCO,12.0,0.0,12.0,4,54636.0,0.5197488584474886
56039,H. Gonzales,CA,33.9986,-118.2219,CISO,11.8,11.8,0.0,2,178.36,0.001725485643526043
62176,Berry NMW Cogens,CA,35.307555,-119.611551,CISO,11.4,11.4,0.0,2,75434.0,0.7553672995273573
62762,NASA Johnson Space Center CHP,TX,29.562372,-95.089302,ERCO,11.2,11.2,0.0,2,82715.0,0.8430671069797782
61676,NCSU Cates Cogeneration Plant,NC,35.784027,-78.674704,CPLE,11.2,11.2,0.0,2,73652.493,0.7506981103228964
1332,West 14th Street,KS,37.2354,-97.011,SWPP,11.0,11.0,0.0,1,1318.0,0.013677874636778746
68493,Central Heating Plant,MA,42.390084,-72.537141,ISNE,11.0,11.0,0.0,1,82545.168,0.8566331257783313
54808,New York University Central Plant,NY,40.7899,-73.9233,NYIS,11.0,0.0,11.0,2,71266.038,0.7395811332503114
58161,Western Michigan University Power Plant,MI,42.28,-85.606389,MISO,10.9,0.0,10.9,3,52291.0,0.5476414896736626
57788,US GSA Heating and Transmission,DC,38.885709,-77.028373,PJM,10.8,10.8,0.0,2,44786.98,0.4733952731270083
50366,University of Notre Dame,IN,41.7094,-86.2367,PJM,10.8,10.8,0.0,2,39285.26,0.4152424742093692
10275,Florida's Natural Growers,FL,27.9114,-81.6006,FPC,10.7,10.7,0.0,2,44016.7,0.4696016301796611
10123,Hoffmann LaRoche,NJ,40.8359,-74.155,PJM,10.6,10.6,0.0,2,50285.0,0.5415374343068837
54520,Village Creek Water Reclamation Facility,TX,32.775093,-97.14209,ERCO,10.6,10.6,0.0,2,28078.0,0.3023821831653313
58181,Loyola University Health Plant,IL,41.855833,-87.835556,PJM,10.6,10.6,0.0,2,14764.0,0.1589988799862152
50411,Rutgers Biomedical and Health Cogen,NJ,40.73928,-74.187633,PJM,10.5,10.5,0.0,3,35375.0,0.3845944770602305
52061,Hartford Hospital Cogeneration,CT,41.7631,-72.6733,ISNE,10.4,0.0,10.4,2,31431.0,0.3450013171759747
10206,Loma Linda University Cogen,CA,34.050391,-117.248417,CISO,10.4,10.4,0.0,2,58812.0,0.6455479452054794
56127,Macon Energy Center,MO,39.748975,-92.384476,AECI,10.0,10.0,0.0,1,80702.0,0.921255707762557
1124,Atlantic,IA,41.409,-95.0,MISO,10.0,10.0,0.0,1,110.0,0.0012557077625570776
753,Crisp Plant,GA,31.844708,-83.940734,SOCO,10.0,10.0,0.0,2,229.0,0.0026141552511415524
54236,Pfizer Groton Plant,CT,41.3315,-72.0786,ISNE,10.0,10.0,0.0,1,59188.338,0.6756659589041096
58947,Bristol Myers Squibb Lawrenceville,NJ,40.324722,-74.707778,PJM,9.899999999999999,9.899999999999999,0.0,2,43909.687,0.5063152875789863
7480,Rowesville Rd Plant,SC,33.436637,-80.847389,SCEG,9.6,9.6,0.0,2,1019.0,0.012117104261796043
54829,Bristol Myers Squibb New Brunswick,NJ,40.475724,-74.446199,PJM,9.5,9.5,0.0,1,56056.0,0.6735880797885124
58258,Central Utilities Plant LAX 2,CA,33.943889,-118.404167,LDWP,9.2,9.2,0.0,2,39271.54,0.48728831645820925
61703,Sikorsky Aircraft CHP,CT,41.250009,-73.09865,ISNE,9.2,9.2,0.0,1,53017.75,0.6578537571967441
56229,Cogeneration 1,AZ,32.229922,-110.952797,TEPC,9.0,0.0,9.0,1,54472.29,0.6909219939117199
10008,Baptist Medical Center,FL,30.314467,-81.662705,JEA,9.0,9.0,0.0,3,19932.22,0.2528186199898529
10431,Anheuser-Busch Jacksonville,FL,30.43424,-81.645351,JEA,8.7,8.7,0.0,1,73376.0,0.9627880123865008
57348,CityCenter Central Plant Cogen Units,NV,36.1039,-115.1794,NEVP,8.6,8.6,0.0,2,62224.0,0.8259530636083678
10188,Cutrale Citrus Juices USA II,FL,28.05485,-81.798166,TEC,8.2,8.2,0.0,2,33675.0,0.4688022051453391
58330,The Andersons Albion Ethanol LLC,MI,42.256111,-84.788333,MISO,8.1,8.1,0.0,1,60916.8,0.858515136140707
56090,Blacksand Generating Facility,CA,33.9328,-117.855,CISO,8.0,8.0,0.0,3,39041.0,0.5570918949771689
61282,APG Combined Heat and Power Plant,MD,39.3975,-76.2991,PJM,7.9,7.9,0.0,1,53000.0,0.7658516848737067
59452,East. Michigan Univ. Heating Plant,MI,42.248889,-83.628889,MISO,7.8,7.8,0.0,1,37235.1,0.5449464348436951
61238,New York Presbyterian Hospital- 68th Street,NY,40.764396,-73.95393,NYIS,7.7,7.7,0.0,1,53962.0,0.8000059301429164
50389,Port Allen (LA),LA,30.477,-91.211,MISO,7.6,7.6,0.0,2,43430.0,0.6523371785628455
61488,NYU LANGONE HEALTH,NY,40.746778,-73.972226,NYIS,7.5,7.5,0.0,1,45866.0,0.6981126331811264
62492,"DTE Atlantic, LLC",NJ,39.3733,-74.4369,PJM,7.5,7.5,0.0,1,59094.0,0.8994520547945205
63347,"AOC, Capitol Power Plant",DC,38.882704,-77.007443,PJM,7.5,7.5,0.0,1,54431.681,0.8284882952815829
61857,Toray Plastic America's CHP Plant,RI,41.593802,-71.427609,ISNE,7.5,7.5,0.0,1,51789.0,0.7882648401826484
54240,Louisiana Tech University Power Plant,LA,32.5256,-92.6497,MISO,7.5,7.5,0.0,1,42328.0,0.6442617960426179
50087,Univ of Massachusetts Medical Center,MA,42.279015,-71.759772,ISNE,7.5,7.5,0.0,1,51444.526,0.783021704718417
58138,Otter Creek Ethanol Poet - Ashton,IA,43.275,-95.809722,MISO,7.5,7.5,0.0,1,43275.0,0.658675799086758
58597,HTW Plant 303 COGEN,UT,40.763056,-111.841667,PACE,7.4,7.4,0.0,1,45697.0,0.7049395285696656
58254,Chatham,MI,42.934444,-85.3475,MISO,7.300000000000001,7.300000000000001,0.0,2,42.0,0.0006567836367048226
550,Kettle Falls Generating Station,WA,48.620336,-118.111059,AVA,7.2,7.2,0.0,1,37056.0,0.5875190258751902
54225,Gillette SBMC,MA,42.3436,-71.0559,ISNE,7.2,7.2,0.0,1,54626.39,0.866095731861999
61927,Georgia-Pacific Taylorsville Plywood,MS,31.837173,-89.4635,SOCO,7.2,7.2,0.0,1,54552.0,0.8649162861491628
52077,Lost Hills Cogeneration Plant,CA,35.666111,-119.766944,CISO,7.0,7.0,0.0,2,9216.0,0.150293542074364
58195,East Campus Steam Plant,PA,40.809167,-77.8475,PJM,7.0,7.0,0.0,1,45239.216,0.7377562948467058
54800,Saint Agnes Medical Center,CA,36.8347,-119.7667,CISO,7.0,7.0,0.0,2,24964.0,0.4071102413568167
50621,Central Power Plant,RI,41.744973,-71.458415,ISNE,7.0,7.0,0.0,2,19044.0,0.3105675146771037
52081,Cymric 31X Cogen,CA,35.3639,-119.6592,CISO,6.8,6.8,0.0,2,20220.0,0.33944399677679293
50750,Coalinga Cogeneration Facility,CA,36.170317,-120.364084,CISO,6.8,6.8,0.0,2,35916.0,0.6029411764705882
52082,Cymric 6Z Cogen,CA,35.346102,-119.643431,CISO,6.8,6.8,0.0,2,33298.0,0.5589914047810906
54630,American Gypsum Cogeneration,CO,39.648565,-106.949394,PSCO,6.4,6.4,0.0,2,23041.0,0.4109767408675799
63501,Montclair State University Cogen,NJ,40.865207,-74.196651,PJM,6.4,6.4,0.0,1,44419.723,0.7923038491723744
56163,Kennecott Power Plant,UT,40.7119,-112.1225,PACE,6.4,6.4,0.0,1,43067.0,0.768175656392694
60742,Argonne National Laboratory CHP,IL,41.716534,-87.970608,PJM,6.3,6.3,0.0,1,47854.0,0.867108791766326
50200,B Braun Medical,CA,33.688721,-117.834793,CISO,6.1,6.1,0.0,2,32911.34,0.6159020136237742
58194,West Campus Steam Plant,PA,40.792778,-77.864722,PJM,6.1,6.1,0.0,1,29868.539,0.5589591099633207
54449,Dome Project,CA,35.220833,-119.583056,CISO,6.0,6.0,0.0,2,47543.0,0.9045471841704719
10548,San Jose Cogeneration,CA,37.336113,-121.878332,CISO,6.0,6.0,0.0,1,34636.0,0.6589802130898021
50537,SRI International Cogen Project,CA,37.455314,-122.172797,CISO,6.0,6.0,0.0,1,25354.0,0.4823820395738204
54333,Bucknell University,PA,40.955015,-76.878843,PJM,5.9,0.0,5.9,2,43186.181,0.835581243711787
50203,US Gypsum Oakfield,NY,43.0647,-78.2972,NYIS,5.8,5.8,0.0,1,1293.6,0.025460557392536606
54228,Erving Paper Mills,MA,42.5983,-72.3875,ISNE,5.6,5.6,0.0,1,38957.066,0.7941345808871494
61675,NCSU CCUP Cogeneration Plant,NC,35.775583,-78.673723,CPLE,5.6,5.6,0.0,1,27307.606,0.5566618966079583
60536,UA Central Utility Plant,AR,36.066336,-94.172254,SWPP,5.6,5.6,0.0,1,33403.0,0.6809156881930855
63485,ECP Uptown Campus,PA,40.43727,-79.98741,PJM,5.6,5.6,0.0,1,28202.44,0.5749029680365296
59496,BYUI Central Energy Facility,ID,43.816944,-111.785833,PACE,5.6,5.6,0.0,1,39684.0,0.8089530332681018
63483,ACM - Midtown Thermal,NJ,39.359831,-74.434228,PJM,5.5,5.5,0.0,1,46501.967,0.9651715857202158
57653,Oregon State University Energy Center,OR,44.564333,-123.289089,BPAT,5.5,0.0,5.5,1,45937.0,0.9534454130344542
58400,Central Energy Facility,SC,34.679444,-82.840278,DUK,5.5,5.5,0.0,1,2.0,4.1511000415110007e-05
59233,Cogeneration 2,AZ,32.240833,-110.948333,TEPC,5.5,0.0,5.5,1,36974.46,0.7674234122042342
58166,Smith College Central Heating Plant,MA,42.3125,-72.639444,ISNE,5.3,5.3,0.0,1,14161.0,0.30500990781425
50963,Naval Hospital Medical Center,CA,32.7261,-117.1464,CISO,5.3,5.3,0.0,1,15350.72,0.3306349616610666
58507,Montefieor Medical Center Moses Division,NY,40.881389,-73.880278,NYIS,5.3,5.3,0.0,1,30652.806,0.6602224088911863
10108,Hampton Facility,NH,42.9383,-70.8406,ISNE,5.0,5.0,0.0,1,23440.18,0.5351639269406393
55278,Beaver Creek Gas Plant,WY,42.8475,-108.3136,WACM,5.0,5.0,0.0,2,4489.0,0.10248858447488585
55036,University of Tennessee Steam Plant,TN,35.949209,-83.926065,TVA,5.0,5.0,0.0,1,35418.56,0.8086429223744291
59381,"The Methodist Hospital, Gas Turbine",TX,29.709444,-95.400278,ERCO,5.0,5.0,0.0,1,0.0,0.0
10122,CIP II/AR Bridgewater Holdings - NJCOE,NJ,40.624,-74.634,PJM,5.0,5.0,0.0,1,26470.508,0.6043494977168951
58179,MTSU Power Co-Gen Plant,TN,35.851389,-86.365,TVA,5.0,5.0,0.0,1,37435.0,0.8546803652968037
54447,Welport Lease Project,CA,35.354444,-119.6617,CISO,5.0,5.0,0.0,1,35383.0,0.8078310502283105
58139,Central Energy Plant USU,UT,41.748611,-111.811667,PACE,5.0,5.0,0.0,1,29016.0,0.6624657534246575
58136,Adkins Energy LLC,IL,42.362222,-89.803611,PJM,5.0,5.0,0.0,1,29803.0,0.6804337899543379
54918,Ergon Refining Vicksburg,MS,32.388271,-90.908344,MISO,4.8,4.8,0.0,1,31835.0,0.7571109208523592
10175,Childrens Hospital,CA,32.7992,-117.1517,CISO,4.8,4.8,0.0,1,26329.0,0.6261653348554034
54975,New Mexico State University,NM,32.164818,-106.451281,EPE,4.7,4.7,0.0,1,31356.0,0.7615855435733022
54262,Saint Marys Hospital Power Plant,MN,44.09785,-92.479815,MISO,4.7,4.7,0.0,1,37268.42,0.9051884776061401
54933,Mondelez Global LLC,IL,42.3156,-89.0356,PJM,4.7,4.7,0.0,1,,
59373,Broshco Fabricated Products,OH,40.776111,-82.568611,PJM,4.7,4.7,0.0,4,2505.0,0.06084232002331682
61822,"Princeton Energy Center, LLC",NJ,40.339838,-74.62393,PJM,4.6,4.6,0.0,1,24558.0,0.6094401429422275
58664,Frito Lay Incorporated,CT,41.862778,-71.891667,ISNE,4.6,4.6,0.0,1,24122.7,0.5986375818939845
58169,CSUF Trigeneration,CA,33.880638,-117.88656,CISO,4.6,4.6,0.0,1,30048.0,0.7456819535437761
59458,W Plant,CA,32.903333,-117.195556,CISO,4.6,4.6,0.0,1,30096.0,0.7468731387730793
56374,Robert Mueller Energy Center,TX,30.304994,-97.707675,ERCO,4.6,4.6,0.0,1,32162.0,0.7981437363510026
66018,Norton Powerhouse 2,MA,42.299,-71.804,ISNE,4.6,4.6,0.0,1,28601.0,0.7097726821520747
57798,OBP Cogen,NY,40.754865,-73.983248,NYIS,4.6,4.6,0.0,1,-397062.0,-9.853633114949375
63478,Ross Hall Central Utility Plant,DC,38.900216,-77.050788,PJM,4.6,4.6,0.0,1,11.0,0.0002729799483819734
58100,Kern Oil & Refining Co,CA,35.295556,-118.918333,CISO,4.5,4.5,0.0,1,35292.0,0.8952815829528158
56928,Fairfield University CHP Plant,CT,41.1589,-73.2572,ISNE,4.5,4.5,0.0,1,26109.0,0.6623287671232877
55037,Opryland USA,TN,36.211389,-86.694444,TVA,4.5,4.5,0.0,1,24369.0,0.6181887366818873
10115,Grossmont Hospital,CA,32.77973,-117.006397,CISO,4.5,4.5,0.0,1,25492.0,0.6466768138001014
50064,University of California Santa Cruz,CA,36.9997,-122.0622,CISO,4.4,4.4,0.0,1,32276.0,0.8373806558738066
58152,Danbury Hospital Cogen Plant,CT,41.405278,-73.4475,ISNE,4.3,4.3,0.0,1,28095.0,0.7458585536795158
54790,CSL Behring LLC,IL,41.1603,-87.8542,PJM,4.2,4.2,0.0,1,9097.0,0.24725483800826267
60276,West Groton CHP,MA,42.61343,-71.633767,ISNE,4.1,4.1,0.0,1,21969.0,0.6116772469094554
56518,South Energy Center,FL,29.6383,-82.34,GVL,4.1,4.1,0.0,1,14304.0,0.3982626127631139
59453,Albany Medical Ctr Cogen Plant,NY,42.655,-73.7777,NYIS,4.1,4.1,0.0,1,28801.0,0.8018988751531351
10020,Cutrale Citrus Juices USA I,FL,28.811828,-81.865273,FPC,4.1,4.1,0.0,1,10873.0,0.3027341574785611
50326,Nalco,IL,41.800909,-88.197156,PJM,4.0,0.0,4.0,1,20322.0,0.5799657534246575
57179,HSCo CHP,CT,41.7614,-72.6686,ISNE,4.0,4.0,0.0,1,27334.0,0.7800799086757991
50054,Rice University,TX,29.721048,-95.39536,ERCO,3.8,3.8,0.0,1,17683.12,0.5312160538332131
58153,Eastern Maine Medical Center,ME,44.808333,-68.750833,ISNE,3.8,3.8,0.0,1,31101.173,0.9343058459504926
56190,Central Michigan University,MI,43.590456,-84.779,MISO,3.8,3.8,0.0,1,22552.74,0.6775036049026677
54330,Westhollow Technology Center,TX,29.726017,-95.638249,ERCO,3.7,3.7,0.0,1,17426.36,0.5376514871035419
63492,DCO Burlington,NJ,40.108316,-74.826404,PJM,3.5,3.5,0.0,1,16847.0,0.5494781474233529
59794,Chicago West Side Energy Center,IL,41.870751,-87.678378,PJM,3.5,3.5,0.0,1,15192.0,0.4954990215264188
59448,Waxdale,WI,42.709444,-87.885278,MISO,3.5,3.5,0.0,1,17915.377,0.5843241030658839
61956,MCRD Parris Island PV Hybrid,SC,32.329402,-80.694722,SCEG,3.5,3.5,0.0,1,22393.0,0.7303652968036529
10042,Kaweah Delta District Hospital,CA,36.3275,-119.2947,CISO,3.5,3.5,0.0,1,21250.66,0.6931069797782127
57573,CCCSD Wastewater Treatment Plnt,CA,37.9978,-122.0697,CISO,3.5,3.5,0.0,1,18613.14,0.6070821917808219
55184,Aera San Ardo Cogen Facility,CA,35.953293,-120.859952,CISO,3.2,3.2,0.0,1,17238.0,0.6149400684931506
54604,Warner Lambert,MI,42.299332,-83.705318,MISO,3.0,3.0,0.0,1,23206.0,0.8830289193302892
58265,NCAH Central Utility Plant,IA,42.046111,-93.579444,MISO,3.0,3.0,0.0,1,13705.3,0.5215106544901065
58585,Sierra Nevada Brewing Co Hybrid,CA,39.724167,-121.815278,CISO,2.0,2.0,0.0,1,7413.601,0.4231507420091324
59727,Bull Street Plant,SC,33.489767,-80.870272,SCEG,2.0,2.0,0.0,1,37.0,0.0021118721461187216
59728,Substation 20 Plant,SC,33.440183,-80.8417,SCEG,2.0,2.0,0.0,1,751.0,0.04286529680365297
62757,Bridgewater Complex Co-Generation Plant,MA,41.931838,-70.958393,ISNE,1.5,1.5,0.0,1,1117.2,0.08502283105022831
10302,Juniata Locomotive Shop,PA,40.533299,-78.384125,PJM,1.5,1.5,0.0,1,0.0,0.0
50610,Saint Johns Health Center,CA,34.030318,-118.47844,CISO,1.2,1.2,0.0,1,,
58185,Amherst College Co Gen,MA,42.371667,-72.512222,ISNE,1.2,1.2,0.0,1,6944.0,0.6605783866057838
64241,Maryland Bioenergy Center (Jessup),MD,39.1578,-76.78042,PJM,1.1,1.1,0.0,1,1863.0,0.19333748443337484
62901,Phoenix Contact - CCHP Plant,PA,40.229379,-76.75007,PJM,1.0,1.0,0.0,1,4684.0,0.534703196347032
63535,Solar BESS Hybrid,GA,33.979348,-84.556128,SOCO,1.0,1.0,0.0,1,127.0,0.01449771689497717
58168,Energy Center,CA,34.063056,-117.163889,CISO,0.8999999999999999,0.8999999999999999,0.0,3,1486.0,0.18848300355149672
62736,Harbec Energy,NY,43.22731,-77.364092,NYIS,0.5,0.5,0.0,1,582.0,0.13287671232876713
