plant_code,name,state,ba,lat,lon,nameplate_MW,cf_ac,developable_area_mi2,developable_MW,usable_solar_MW,R_g5,R_g10,R_g20,headroom_g5,headroom_g10,headroom_g20,land_req_mi2_g5,land_req_mi2_g10,land_req_mi2_g20,qualifies_g5,qualifies_g10,qualifies_g20,solar_req_MW_g5,solar_req_MW_g10,solar_req_MW_g20,qualifying_any,hostable_MW_g5,hostable_MW_g10,hostable_MW_g20
7845,Lagoon Creek,TN,TVA,35.6578,-89.3964,1625.2,0.2099820967823446,101.9346764359277,9319.741845570532,9298.31327414196,5.881453794987722,5.571903595251528,4.952803195779135,0.9727756049923405,1.0268186941585815,1.1551710309284042,104.54651711452865,99.04406884534295,88.03917230697151,0.0,1.0,1.0,9558.538707614047,9055.457723002783,8049.295753780251,True,1580.954913233552,1625.2,1625.2
58001,Temple Power Station,TX,ERCO,31.055833,-97.317222,1606.4,0.2242187173812595,84.44992435568548,7721.135941091243,7699.707369662671,5.508014738573395,5.218119226016901,4.638328200903912,0.8702127273480952,0.9185578788674337,1.033377613725863,96.77581895673457,91.68235480111696,81.49542648988175,0.0,0.0,1.0,8848.074876044302,8382.38672467355,7451.010421932045,True,1397.9097252119802,1475.5713766126455,1606.4
55173,Acadia Energy Center,LA,MISO,30.428611,-92.413056,1389.1999999999998,0.2137021503501203,84.770311926844,7750.428519025736,7728.9999475971645,5.779071469223074,5.474909812948176,4.866586500398379,0.9627210422900789,1.0162055446395277,1.1432312377194687,87.80937905517635,83.18783278911444,73.94474025699061,0.0,1.0,1.0,8028.286085044693,7605.744712147604,6760.661966353427,True,1337.4120719493774,1389.1999999999998,1389.1999999999998
55230,Jack County,TX,ERCO,33.101,-97.9574,1280.0,0.2310190476789125,85.53548918464342,7820.387582595969,7798.959011167398,5.34587953854132,5.064517457565462,4.501793295613743,1.1397444861125794,1.2030636242299446,1.3534465772586879,74.84231353957848,70.90324440591648,63.02510613859242,1.0,1.0,1.0,6842.725809332889,6482.582345683792,5762.295418385592,True,1280.0,1280.0,1280.0
55372,Harquahala Generating Project,AZ,HGMA,33.47596,-113.113434,1277.1,0.2687304295827328,81.12963884329972,7417.56697995883,7396.138408530259,4.59568349560423,4.353805416888219,3.870049259456194,1.260172545387774,1.3301821312426496,1.4964548976479812,64.19379960258303,60.81517857086815,54.05793650743834,1.0,1.0,1.0,5869.147392236161,5560.2448979079445,4942.439909251505,True,1277.1,1277.1,1277.1
59812,Wolf Hollow II,TX,ERCO,32.337679,-97.734612,1231.2,0.2305815834345345,61.82020657200175,5652.133172297302,5630.704600868731,5.356021853977053,5.07412596692563,4.510334192822782,0.8538700814717682,0.9013073082201997,1.0139707217477245,72.1255292911185,68.32944880211227,60.7372878240998,0.0,0.0,1.0,6594.334106616548,6247.2638904788355,5553.123458203409,True,1051.284844308041,1109.6895578807098,1231.2
60122,Colorado Bend II,TX,ERCO,29.289415,-96.065399,1230.3,0.2161888294030561,92.09335712705516,8419.9640801879,8398.535508759327,5.71259858064869,5.411935497456654,4.810609331072581,1.1949750318221184,1.2613625335900138,1.4190328502887657,76.87104724438217,72.82520265257259,64.7335134689534,1.0,1.0,1.0,7028.210033772083,6658.304242520921,5918.492660018596,True,1230.3,1230.3,1230.3
55215,Odessa-Ector Power Plant,TX,ERCO,31.8403,-102.3264,1152.8,0.2621960889713425,71.00719855279242,6492.086724826734,6470.6581533981625,4.710215186066268,4.462309123641729,3.9664969987926475,1.191663782806255,1.257867326295491,1.4151007420824275,59.38992572731306,56.26414016271766,50.0125690335268,1.0,1.0,1.0,5429.936066497194,5144.149957734186,4572.577740208164,True,1152.8,1152.8,1152.8
6112,Fort St Vrain,CO,PSCO,40.2461,-104.8742,1148.5,0.2365189407706719,97.991337870302,8959.208033856183,8937.77946242761,5.221569130894478,4.946749702952665,4.397110847069035,1.4903820200580191,1.5731810211723531,1.7698286488188975,65.59188285597837,62.139678495137424,55.235269773455485,1.0,1.0,1.0,5996.972146832308,5681.342033841135,5050.081807858786,True,1148.5,1148.5,1148.5
55455,Red Hawk,AZ,SRP,33.334562,-112.840641,1127.0,0.2669241037274579,79.875540422138,7302.906552881188,7281.477981452616,4.626783354346272,4.383268440959627,3.896238614186335,1.3964212854236349,1.4740002457249475,1.658250276440566,57.032334191308976,54.03063239176641,48.02722879268126,1.0,1.0,1.0,5214.384840348249,4939.9435329615,4391.060918188,True,1127.0,1127.0,1127.0
55097,Lamar Power Project,TX,ERCO,33.6308,-95.59,1112.6,0.2135525546920577,81.24570115215758,7428.178391054406,7406.749819625835,5.783119765440723,5.478745040943844,4.869995591950083,1.1511354633790165,1.2150874335667394,1.366973362762582,70.3751458706335,66.6711908248107,59.26328073316506,1.0,1.0,1.0,6434.299051029348,6095.65173255412,5418.357095603662,True,1112.6,1112.6,1112.6
55153,Guadalupe Generating Station,TX,ERCO,29.6244,-98.1419,1088.2,0.2214454175067724,78.03869801308817,7134.966675482346,7113.538104053774,5.57699506228089,5.28346900637137,4.696416894552329,1.1721324263911077,1.2372508945239469,1.3919072563394403,66.37844091784135,62.88483876427076,55.89763445712956,1.0,1.0,1.0,6068.886026774065,5749.470972733326,5110.640864651845,True,1088.2,1088.2,1088.2
7757,Chouteau,OK,AECI,36.222058,-95.277064,1069.6,0.2194577972272914,61.00464298251254,5577.567358401146,5556.138786972575,5.6275056781004515,5.3313211687267446,4.738952149979329,0.9230723652249706,0.9743541632930245,1.0961484337046523,65.83478205167766,62.369793522642006,55.439816464570676,0.0,0.0,1.0,6019.180073296243,5702.3811220701255,5068.78321961789,True,987.3182018446284,1042.169213058219,1069.6
55144,Hays Energy Project,TX,ERCO,29.7806,-97.9894,989.0,0.2222065592513387,81.53481444847415,7454.611606717635,7433.183035289064,5.557891738934162,5.265371121095524,4.680329885418243,1.3522856904139913,1.4274126732147683,1.6058392573666145,60.12075704475189,56.95650667397549,50.62800593242265,1.0,1.0,1.0,5496.754929805887,5207.452038763473,4628.846256678642,True,989.0,989.0,989.0
55087,Zeeland Generating Station,MI,MISO,42.8206,-85.9975,968.2,0.1849141680993638,69.27078131517948,6333.328577387837,6311.900005959265,6.67877433456787,6.327259895906405,5.624231018583471,0.9761088766318124,1.0303371475558019,1.159129291000277,70.72613308609421,67.00370502893136,59.558848914605655,0.0,1.0,1.0,6466.389310728612,6126.053031216581,5445.380472192516,True,945.0686143549209,968.2,968.2
55518,High Desert Power Plant,CA,CISO,34.5953,-117.3647,960.0,0.2778907489914876,69.37572388187131,6342.9233263425185,6321.494754913948,4.444192563019904,4.210287691282015,3.7424779478062353,1.4816843051524942,1.5640000998831882,1.7595001123685867,46.664021911709,44.20802075846117,39.29601845196547,1.0,1.0,1.0,4266.424860499108,4041.8761836307344,3592.778829893986,True,960.0,960.0,960.0
55137,Rio Nogales Power Project,TX,ERCO,29.593056,-97.973215,940.2,0.2224515450038458,82.77397071610028,7567.905894043453,7546.477322614882,5.551770836110169,5.25957237105174,4.675175440934879,1.4457476441416688,1.5260669577050947,1.7168253274182315,57.091288407461676,54.08648375443738,48.076874448388786,1.0,1.0,1.0,5219.774940110781,4945.049943262846,4395.599949566974,True,940.2,940.2,940.2
55062,Tenaska Frontier Generation Station,TX,ERCO,30.5924,-95.9178,939.7,0.2118277513938763,75.41096394247998,6894.716703312454,6873.288131883883,5.830208704352523,5.52335561464976,4.909649435244231,1.2545593797134666,1.3242571230308813,1.4897892634097414,59.922702869313234,56.76887640250728,50.46122346889536,1.0,1.0,1.0,5478.647119480066,5190.29727108638,4613.597574299004,True,939.7,939.7,939.7
10554,Formosa Utility Venture Ltd,TX,ERCO,28.6917,-96.5417,933.4,0.2192027089519416,49.277484900671126,4505.37004806136,4483.941476632788,5.634054459932625,5.33752527783091,4.744466913627475,0.8526505930257814,0.9000200704161023,1.0125225792181152,57.518414109855925,54.491129156705625,48.436559250405004,0.0,0.0,1.0,5258.826432901113,4982.046094327371,4428.485417179885,True,795.8640635302643,840.0787337263899,933.4
55976,Hunterstown Power Plant,PA,PJM,39.8725,-77.1672,898.0,0.1969601560574964,65.63914302214508,6001.293076310406,5979.864504881835,6.270303723964759,5.940287738492931,5.2802557675492725,1.0620046762343758,1.1210049360251741,1.261130553028321,61.586139388816385,58.34476363151027,51.862012116898015,1.0,1.0,1.0,5630.732744120354,5334.378389166653,4741.669679259247,True,898.0,898.0,898.0
55063,Batesville Generation Facility,MS,TVA,34.3356,-89.9275,891.0,0.2114222246142895,58.32026772524619,5332.138763451079,5310.710192022508,5.841391567291877,5.533949905855464,4.9190665829826346,1.0203721089247666,1.0770594483094755,1.21169187934816,56.92618625812413,53.93007119190708,47.937841059472966,1.0,1.0,1.0,5204.679886457063,4930.749366117218,4382.888325437528,True,891.0,891.0,891.0
7380,Midulla Generating Station,FL,SEC,27.641667,-81.9625,853.3,0.2292006563071954,54.19345341388111,4954.830026411986,4933.401454983415,5.388291726114176,5.104697424739746,4.537508821990885,1.072984902442645,1.1325951748005694,1.2741695716506407,50.28875829570716,47.64198154330153,42.34842803849025,1.0,1.0,1.0,4597.829329893226,4355.838312530425,3871.856277804822,True,853.3,853.3,853.3
3456,Newman,TX,EPE,31.983587,-106.431777,824.8,0.272095666061362,56.94767455162779,5206.644530434541,5185.215959005969,4.538844803656253,4.299958235042767,3.8221850978157925,1.3850736383034172,1.4620221737647179,1.6447749454853076,40.94605368498397,38.79099822787956,34.48088731367072,1.0,1.0,1.0,3743.639194055677,3546.6055522632737,3152.5382686784656,True,824.8,824.8,824.8
55320,Wise County Power LLC,TX,ERCO,33.0583,-97.9103,821.7,0.2310190476789125,89.2647727135732,8161.35064809812,8139.922076669548,5.34587953854132,5.064517457565462,4.501793295613743,1.853052791544295,1.956000168852311,2.20050018995885,48.04525705896223,45.51655931901686,40.459163839126084,1.0,1.0,1.0,4392.709216819403,4161.51399488154,3699.123551005813,True,821.7,821.7,821.7
55234,Audrain Generating Station,MO,MISO,39.3092,-91.5369,814.4,0.2101094773343486,108.178759154092,9890.629408374125,9869.200836945554,5.877888116559046,5.5685255841085715,4.949800519207619,2.061687827166018,2.1762260397863518,2.448254294759646,52.357288398249715,49.60164164044711,44.09034812484187,1.0,1.0,1.0,4786.952082125687,4535.007235698021,4031.1175428426845,True,814.4,814.4,814.4
55172,Thad Hill Energy Center,TX,ERCO,31.8594,-97.3586,807.0,0.2240303966791317,74.78791088924004,6837.7518527305165,6816.323281301946,5.512644794218853,5.222505594523125,4.6422271951316665,1.532204153538397,1.6173266065127518,1.819492432326846,48.65770381647235,46.096772036658024,40.97490847702936,1.0,1.0,1.0,4448.704348934614,4214.562014780162,3746.277346471255,True,807.0,807.0,807.0
58005,Rayburn Energy Station LLC,TX,ERCO,33.582573,-96.617893,803.2,0.2242846206375819,76.98718739451367,7038.828561784106,7017.399990355534,5.506396276700655,5.21658594634799,4.636965285642658,1.5866643695451614,1.6748123900754475,1.8841639388348788,48.373691290815266,45.827707538667106,40.73574003437076,1.0,1.0,1.0,4422.737489445966,4189.961832106706,3724.410517428183,True,803.2,803.2,803.2
55123,Magic Valley Generating Station,TX,ERCO,26.3403,-98.19,801.0,0.2291982283166512,66.59231342093882,6088.4400842001205,6067.011512771549,5.388348806491527,5.10475150088671,4.5375568896770755,1.4056804398388298,1.4837737976076537,1.6692455223086105,47.20698712187187,44.722408852299665,39.75325231315526,1.0,1.0,1.0,4316.067393999713,4088.905952210255,3634.5830686313375,True,801.0,801.0,801.0
57482,"Sentinel Energy Center, LLC",CA,CISO,33.934167,-116.571388,800.0,0.2787518969663846,48.50779024761676,4434.997965496389,4413.5693940678175,4.430463123086591,4.197280853450455,3.7309163141781823,1.2452336447258914,1.3144132916551075,1.478714953111996,38.76655232700768,36.72620746769149,32.6455177490591,1.0,1.0,1.0,3544.370498469273,3357.8246827603643,2984.733051342546,True,800.0,800.0,800.0
55348,Troy Energy LLC,OH,PJM,41.47724,-83.45983,795.6,0.1870283088479946,95.7854590181173,8757.527681656436,8736.099110227866,6.603278442750257,6.2557374720791925,5.560655530737059,1.6628886431185164,1.755271345513989,1.974680263703238,57.4609035990074,54.43664551484914,48.38812934653256,1.0,1.0,1.0,5253.568329052105,4977.064732786206,4424.057540254405,True,795.6,795.6,795.6
55139,Wolf Hollow I LP,TX,ERCO,32.33422,-97.731686,788.4000000000001,0.2305815834345345,62.07630813376296,5675.548172229755,5654.119600801184,5.356021853977053,5.07412596692563,4.510334192822782,1.3389859958065788,1.413374106684722,1.5900458700203124,46.185645949575886,43.754822478545584,38.89317553648496,1.0,1.0,1.0,4222.687629675509,4000.440912324167,3555.9474776214815,True,788.4000000000001,788.4000000000001,788.4000000000001
55402,Renaissance Power Plant,MI,MISO,43.1864,-84.8429,782.0,0.184443139698171,90.01639778560778,8230.07065468414,8208.642083255567,6.695830498336754,6.343418366845348,5.6385941038625305,1.5676897382339399,1.6547836125802693,1.8616315641528032,57.27027523108656,54.25605021892412,48.22760019459922,1.0,1.0,1.0,5236.139449699342,4960.553162873062,4409.380589220499,True,782.0,782.0,782.0
57794,St Joseph Energy Center,IN,PJM,41.698992,-86.479699,780.0,0.1846692501570341,81.14736093237681,7419.187285245879,7397.758713817308,6.687632071662248,6.335651436311605,5.6316901656103155,1.4181859799888998,1.4969740899882829,1.6840958512368185,57.05386111136857,54.05102631603339,48.04535672536301,1.0,1.0,1.0,5216.353015896554,4941.808120323052,4392.718329176046,True,780.0,780.0,780.0
55656,"Pastoria Energy Facility, LLC",CA,CISO,34.9556,-118.844,779.0,0.2489621241565238,56.68844556238239,5182.943594274961,5161.515022846389,4.960593922405438,4.699510031752521,4.177342250446684,1.3356911892165764,1.4098962552841636,1.5861332871946843,42.265810404495085,40.0412940674164,35.59226139325902,1.0,1.0,1.0,3864.302665553836,3660.9183147352137,3254.149613097967,True,779.0,779.0,779.0
55337,Ironwood LLC,PA,PJM,40.3509,-76.3658,777.5999999999999,0.1953354868307128,69.91051398166844,6391.818421181114,6370.389849752542,6.322455893896589,5.989695057375718,5.324173384333971,1.2957581540240548,1.3677447181365021,1.5387128079035648,53.772487377590494,50.94235646298048,45.28209463376042,1.0,1.0,1.0,4916.341703093987,4657.586876615357,4140.077223658095,True,777.5999999999999,777.5999999999999,777.5999999999999
55129,Desert Basin,AZ,SRP,32.9042,-111.7889,745.1,0.2684542888087071,97.06735679469406,8874.729764086313,8853.301192657742,4.600410764456163,4.358283882116367,3.87403011743677,2.5828195495691557,2.726309524545219,3.0670982151133717,37.4911912877719,35.517970693678656,31.571529505492133,1.0,1.0,1.0,3427.7660605962874,3247.357320564905,2886.5398405021374,True,745.1,745.1,745.1
56104,Mankato Energy Center,MN,MISO,44.1988,-94.003,740.8,0.1975515254839881,59.54656679099285,5444.257535176488,5422.8289637479165,6.251533603571686,5.9225055191731775,5.264449350376157,1.1709500334763987,1.2360028131139762,1.3905031647532233,50.653051022939586,47.98710096910067,42.65520086142282,1.0,1.0,1.0,4631.1360935259045,4387.392088603489,3899.9040787586573,True,740.8,740.8,740.8
55701,Fremont Energy Center,OH,PJM,41.377116,-83.161388,739.5,0.1923373741042608,89.38361495797255,8172.216224728918,8150.787653300346,6.42100894717706,6.083061107851953,5.4071654292017355,1.7165565902305353,1.8119208452433422,2.03841095089876,51.93492627353446,49.20150910124319,43.73467475666061,1.0,1.0,1.0,4748.3361164374355,4498.4236892565195,3998.5988348946835,True,739.5,739.5,739.5
56502,Emporia Energy Center,KS,SWPP,38.445883,-96.065247,730.2,0.2206297253734898,103.43236670891385,9456.673527672121,9435.24495624355,5.597613820664229,5.303002566945061,4.71378005950672,2.3083859266859608,2.4366295892796246,2.741208287939578,44.705692629598666,42.35276143856717,37.64689905650415,1.0,1.0,1.0,4087.3776118490205,3872.2524743832837,3442.0021994518074,True,730.2,730.2,730.2
55415,Vandolah Power Station,FL,FPC,27.523607,-81.923951,728.0,0.2308736352082179,66.6194177924685,6090.918198168548,6069.489626739976,5.349246564624804,5.067707271749816,4.504628685999836,1.5585766939360548,1.6451642880436128,1.8508098240490647,42.593375770825006,40.351619151307915,35.8681059122737,1.0,1.0,1.0,3894.251499046857,3689.290893833866,3279.3696834078805,True,728.0,728.0,728.0
55640,University Park North,IL,PJM,41.4425,-87.7514,726.0,0.192333985713748,61.36116971571064,5610.1640882935435,5588.735516864972,6.421122067516757,6.0831682744895605,5.407260688435165,1.1988532104913214,1.265456166629728,1.4236381874584436,50.98772241737525,48.304158079618674,42.93702940410549,1.0,1.0,1.0,4661.734621017165,4416.380167279421,3925.67125980393,True,726.0,726.0,726.0
56948,Coolidge Generation Station,AZ,SRP,32.917399,-111.503327,726.0,0.2650733549481869,106.2435765252614,9713.698425166756,9692.269853738184,4.6590876711897415,4.413872530600809,3.9234422494229406,2.8654180604650334,3.02460795271309,3.4026839468022265,36.99606803904104,35.048906563302054,31.154583611824044,1.0,1.0,1.0,3382.4976492837523,3204.4714572161874,2848.419073081055,True,726.0,726.0,726.0
64020,West Riverside Energy Center,WI,MISO,42.582051,-89.041214,723.2,0.2025086426386659,75.46482519359665,6899.641160557408,6878.212589128836,6.098505149746116,5.777531194496322,5.135583283996731,1.5595301753841053,1.6461707406832218,1.8519420832686244,48.23917573449179,45.700271748465916,40.62246377641415,1.0,1.0,1.0,4410.438924296392,4178.31055985974,3714.053830986436,True,723.2,723.2,723.2
55282,Arlington Valley Energy Facility,AZ,DEAA,33.3417,-112.8897,713.0,0.2656445477392763,60.573057989693794,5538.108159057718,5516.679587629146,4.649069632748956,4.404381757341118,3.915006006525437,1.6642638495928612,1.7567229523480197,1.976313321391523,36.25547896414069,34.34729586076488,30.530929654013214,1.0,1.0,1.0,3314.786648150006,3140.324192984217,2791.3992826526364,True,713.0,713.0,713.0
56532,Colusa Generating Station,CA,CISO,39.3661,-122.27,712.4,0.2336050039809478,82.07516441935431,7504.0150326266785,7482.586461198107,5.286701821253466,5.008454356976968,4.451959428423971,1.9867490629337223,2.0971240108744844,2.3592645122337954,41.19331975347936,39.02525029276992,34.68911137135104,1.0,1.0,1.0,3766.246377460969,3568.022883910392,3171.5758968092373,True,712.4,712.4,712.4
55177,South Point Energy Center,AZ,WALC,34.8678,-114.5317,708.0,0.2671859918285372,32.368874461405944,2959.4399507571147,2938.011379328543,4.622248313049823,4.3789720860472015,3.892419632041957,0.8977738333326764,0.9476501574067137,1.0661064270825529,35.79353537417957,33.90966509132802,30.14192452562491,0.0,0.0,1.0,3272.551805639275,3100.312236921419,2755.8330994857056,True,635.6238739995349,670.9363114439533,708.0
58236,Marshalltown Generating Station,IA,MISO,42.043333,-92.872778,705.9,0.2013225697851722,82.33126598111552,7527.430032559132,7506.0014611305605,6.1344339152726235,5.811568972363539,5.165839086545367,1.7333687811936316,1.8296670468154999,2.0583754276674373,47.36262235240097,44.869852754906184,39.884313559916606,1.0,1.0,1.0,4330.296900790945,4102.386537591422,3646.565811192375,True,705.9,705.9,705.9
7838,Remington,VA,PJM,38.5442,-77.7714,705.5,0.1999395546669767,48.06751795623081,4394.744498855388,4373.315927426816,6.1768668138580205,5.8517685604970735,5.201572053775176,1.0035652079499295,1.0593188306138144,1.191733684440541,47.66321368787162,45.15462349377312,40.13744310557611,1.0,1.0,1.0,4357.779537176833,4128.422719430685,3669.709083938387,True,705.5,705.5,705.5
55334,Holland Energy Facility,IL,MISO,39.223144,-88.758406,702.1,0.2060343757354952,81.85485452769,7483.872413960227,7462.443842531656,5.99414537302979,5.678664037607171,5.047701366761929,1.7731881954566606,1.871698650759808,2.105660982104784,46.03035353879611,43.6077033525437,38.76240298003884,1.0,1.0,1.0,4208.489466404216,3986.990020803995,3543.9911296035507,True,702.1,702.1,702.1
7900,Sand Hill,TX,ERCO,30.2098,-97.6129,696.4,0.2187031560897518,60.32321128290098,5515.265031579517,5493.836460150946,5.646923538191549,5.3497170361814685,4.755304032161305,1.3970278295036846,1.4746404866983334,1.6589705475356251,43.01191072496276,40.74812594996473,36.22055639996865,1.0,1.0,1.0,3932.5175519965946,3725.5429439967747,3311.593727997133,True,696.4,696.4,696.4
55110,Madison,OH,PJM,39.4522,-84.4647,692.0,0.1951709866176401,41.84532723045588,3825.85848964168,3804.4299182131085,6.327784787087699,5.994743482504137,5.32866087333701,0.8688239693142218,0.9170919676094562,1.0317284635606383,47.89342110727003,45.372714733203196,40.3313019850695,0.0,0.0,1.0,4378.827072664688,4148.362489892863,3687.433324349211,True,601.2261867654415,634.6276415857437,692.0
55111,Vermillion Energy Facility,IN,MISO,39.922328,-87.446358,692.0,0.1985414583641209,67.96872900592678,6214.28379482759,6192.8552233990185,6.22036329427497,5.892975752471026,5.238200668863133,1.438696154421269,1.5186237185557836,1.708451683375257,47.08037468354369,44.602460226515085,39.64663131245784,1.0,1.0,1.0,4304.491399638279,4077.93922070995,3624.834862853288,True,692.0,692.0,692.0
55222,Lincoln Generating Facility,IL,PJM,41.393315,-87.943612,692.0,0.1978908679317843,97.25847736317256,8892.203644632918,8870.775073204348,6.240813499416868,5.912349631026507,5.255421894245784,2.0540654073904725,2.1681801522454984,2.439202671276186,47.23515717371143,44.74909626983189,39.776974462072786,1.0,1.0,1.0,4318.642941596473,4091.345944670343,3636.7519508180826,True,692.0,692.0,692.0
55236,Lee Energy Facility,IL,PJM,41.8287,-89.4054,692.0,0.1988829196859427,86.71279188647104,7928.026686763065,7906.598115334494,6.209683576398598,5.882858125009199,5.229207222230399,1.8399842245221223,1.9422055703289067,2.18498126662002,46.9995425688669,44.52588243366338,39.578562163256336,1.0,1.0,1.0,4297.10103486783,4070.9378225063656,3618.611397783436,True,692.0,692.0,692.0
55481,Mesquite Generating Station Block 2,AZ,SRP,33.345047,-112.864227,691.6,0.2669241037274579,74.99988097427985,6857.131974791299,6835.703403362728,4.626783354346272,4.383268440959627,3.896238614186335,2.1362351740718935,2.2549149059647755,2.5367792692103723,34.998724336033085,33.15668621308399,29.472609967185765,1.0,1.0,1.0,3199.8833678658816,3031.468453767678,2694.6386255712696,True,691.6,691.6,691.6
58557,Mesquite Generating Station Block 1,AZ,SRP,33.345,-112.864167,691.6,0.2669241037274579,75.02038299889846,6859.006445613572,6837.577874185001,4.626783354346272,4.383268440959627,3.896238614186335,2.136820967554586,2.2555332435298405,2.53747489897107,34.998724336033085,33.15668621308399,29.472609967185765,1.0,1.0,1.0,3199.8833678658816,3031.468453767678,2694.6386255712696,True,691.6,691.6,691.6
7296,State Line Combined Cycle,MO,SWPP,37.0659,-94.614,690.5,0.217321919449463,47.393036095473015,4333.077585871818,4311.649014443246,5.68281378670223,5.383718324244219,4.785527399328195,1.0987940321496679,1.1598381450468713,1.3048179131777302,42.918563184414424,40.65969143786631,36.14194794477005,1.0,1.0,1.0,3923.9829197178897,3717.4575028906334,3304.4066692361184,True,690.5,690.5,690.5
55328,Hermiston Power Partnership,OR,GRID,45.794046,-119.313323,689.4,0.2013844961708026,96.29800963358238,8804.389452213245,8782.960880784674,6.132547556950684,5.809781896058545,5.164250574274261,2.0774412202181214,2.1928546213413496,2.466961449009019,46.24132500051971,43.80757105312395,38.94006315833239,1.0,1.0,1.0,4227.778285761801,4005.2636391427604,3560.2343459046756,True,689.4,689.4,689.4
55835,Rocky Mountain Energy Center,CO,PSCO,40.0908,-104.5953,685.0999999999999,0.2380056016909457,107.90945289850865,9866.00712214936,9844.57855072079,5.188953500362014,4.9158506845534875,4.369645052936433,2.769257765328836,2.9231054189582153,3.288493596327992,38.88228797138454,36.835851762364314,32.742979344323835,1.0,1.0,1.0,3554.952043098015,3367.849303987594,2993.64382576675,True,685.0999999999999,685.0999999999999,685.0999999999999
55496,Goose Creek Energy Center,IL,MISO,40.106931,-88.599867,684.0,0.205181556214495,104.6732604362534,9570.126668457453,9548.69809702888,6.019059523600365,5.702266917095084,5.068681704084519,2.319313321697532,2.4481640617918385,2.7541845695158185,45.03008906093523,42.660084373517606,37.92007499868232,1.0,1.0,1.0,4117.0367141426495,3900.350571293038,3466.978285593811,True,684.0,684.0,684.0
56458,Hobbs Generating Station,NM,SWPP,32.728333,-103.309444,681.5,0.2645971715350823,117.51656263800932,10744.371441189422,10722.942869760851,4.667472417921347,4.421815974872856,3.930503088775872,3.3710591412382183,3.558340204640341,4.003132730220384,34.79090182764655,32.959801731454625,29.29760153907078,1.0,1.0,1.0,3180.8824528133982,3013.4675868758513,2678.6378550007566,True,681.5,681.5,681.5
55340,Dell Power Station,AR,AECI,35.8619,-90.0253,679.1,0.209100487522177,98.88195971941184,9040.636317203367,9019.207745774795,5.906251174421661,5.5953958494521014,4.973685199512979,2.2486545799844695,2.3735798344280505,2.670277313731557,43.8696034497629,41.560676952406965,36.94282395769508,1.0,1.0,1.0,4010.9351725497504,3799.833321362922,3377.629618989264,True,679.1,679.1,679.1
55357,Jack Fusco Energy Center,TX,MISO,29.4731,-95.6244,675.6,0.2142113151538741,61.65514789922486,5637.042093643415,5615.613522214843,5.765335034299492,5.46189634828373,4.855018976252204,1.4417269615366888,1.521822903844282,1.7120507668248177,42.60222256907681,40.36000032859909,35.87555584764363,1.0,1.0,1.0,3895.0603491727366,3690.0571729004882,3280.050820355989,True,675.6,675.6,675.6
55641,Riverside Energy Center,WI,MISO,42.583056,-89.035833,674.9000000000001,0.2025086426386659,75.73830135249227,6924.644695085007,6903.216123656435,6.098505149746116,5.777531194496322,5.135583283996731,1.6772146505351428,1.7703932422315394,1.9916923975104817,45.017449810852476,42.648110347123406,37.90943141966525,1.0,1.0,1.0,4115.881125563655,3899.255803165568,3466.005158369394,True,674.9000000000001,674.9000000000001,674.9000000000001
3403,Gallatin (TN),TN,TVA,36.3156,-86.4006,663.2,0.1990270151108989,39.59045201435214,3619.6984698836236,3598.269898455052,6.2051877696696165,5.878598939687007,5.225421279721783,0.8743680712004932,0.9229440751560759,1.0383120845505855,45.01088078424099,42.641887058754634,37.903899607781895,0.0,0.0,1.0,4115.28052884489,3898.686816800423,3465.499392711487,True,579.8809048201671,612.0965106435095,663.2
55178,Dogwood Energy Facility,MO,SWPP,38.7931,-94.3006,655.2,0.2130264412155152,75.4252111121302,6896.019301680474,6874.590730251903,5.797402392647453,5.492275950929168,4.882023067492593,1.8098372139405872,1.9103837258261747,2.1491816915544466,41.54563489630982,39.359022533346156,34.985797807418805,1.0,1.0,1.0,3798.4580476626115,3598.539203048791,3198.7015138211473,True,655.2,655.2,655.2
55124,Griffith Energy LLC,AZ,GRIF,35.054029,-114.133272,655.0,0.2688822872788954,56.17693742274536,5136.1771357938605,5114.74856436529,4.593087973545125,4.3513465012532775,3.8678635566695796,1.700114711305728,1.7945655286004898,2.0188862196755517,32.90516931047563,31.173318294134816,27.709616261453164,1.0,1.0,1.0,3008.472622672057,2850.131958320897,2533.4506296185746,True,655.0,655.0,655.0
56350,Colorado Bend Energy Center,TX,ERCO,29.2878,-96.0683,654.1,0.2161888294030561,92.2653656386858,8435.690572679843,8414.26200125127,5.71259858064869,5.411935497456654,4.810609331072581,2.251843342975982,2.3769457509190914,2.674063969783978,40.86917987690025,38.71817040969498,34.41615147528442,1.0,1.0,1.0,3736.610731602308,3539.9470088863977,3146.6195634545757,True,654.1,654.1,654.1
55343,Luna Energy Facility,NM,PNM,32.299349,-107.7834,650.0,0.2771050196163896,95.64854719269812,8745.010029046683,8723.581457618113,4.456794040431575,4.22222593304044,3.7530897182581686,3.0113338037227533,3.1786301261517944,3.5759588919207688,31.685020131193234,30.017387492709382,26.68212221574167,1.0,1.0,1.0,2896.9161262805237,2744.446856476286,2439.5083168678098,True,650.0,650.0,650.0
55112,Sutter Energy Center,CA,BANC,39.053139,-121.695873,636.0,0.2372854418362592,97.9850830153336,8958.636161401928,8937.207589973357,5.204701942280226,4.930770261107584,4.382906898762297,2.699907381367858,2.8499022358882935,3.2061400153743302,36.20520788598683,34.29967062882964,30.488596114515232,1.0,1.0,1.0,3310.190435290224,3135.9698860644235,2787.528787612821,True,636.0,636.0,636.0
55183,Nelson Energy Center,IL,PJM,41.774444,-89.607222,627.5,0.1988829196859427,93.27934712744998,8528.397451652569,8506.968880223998,6.209683576398598,5.882858125009199,5.229207222230399,2.183190552544676,2.3044789165749355,2.5925387811468026,42.61880485832945,40.375709865785794,35.88951988069849,1.0,1.0,1.0,3896.5764441901206,3691.4934734432723,3281.3275319495756,True,627.5,627.5,627.5
55164,Bluegrass Generating Station,KY,PJM,38.3902,-85.4133,624.0,0.1993742023742348,43.357264673092246,3964.0927701112905,3942.664198682719,6.194382148207151,5.868362035143618,5.216321809016549,1.020016518532413,1.0766841028953247,1.2112696157572405,42.27665816151381,40.0515708898552,35.601396346537946,1.0,1.0,1.0,3865.294460481262,3661.8579099296176,3254.984808826326,True,624.0,624.0,624.0
55400,Elk Hills Power LLC,CA,CISO,35.280318,-119.470707,623.0,0.2532106452092689,36.71877859997685,3357.145471997883,3335.7169005693117,4.877362083175136,4.620658815639604,4.107252280568535,1.097782089573915,1.1587699834391323,1.303616231369024,33.23465006988558,31.485457960944238,27.98707374306154,1.0,1.0,1.0,3038.59657781811,2878.670442143473,2558.8181707941976,True,623.0,623.0,623.0
54761,Hermiston Generating Plant,OR,PACW,45.8042,-119.37,621.2,0.2013844961708026,98.75234522478917,9028.78584912358,9007.357277695008,6.132547556950684,5.809781896058545,5.164250574274261,2.364422141289839,2.4957789269170516,2.8077512927816834,41.666827807256816,39.473836870032784,35.08785499558469,1.0,1.0,1.0,3809.538542377765,3609.0365138315683,3208.0324567391713,True,621.2,621.2,621.2
56476,Gateway Generating Station,CA,CISO,38.0175,-121.7587,619.7,0.2475389564895778,37.777239057405104,3453.9189995341803,3432.490428105609,4.989113703612132,4.726528771843073,4.201358908304954,1.1102082158517694,1.1718864500657564,1.318372256323976,33.8160567732798,32.036264311528235,28.476679388025097,1.0,1.0,1.0,3091.753762128438,2929.0298799111524,2603.58211547658,True,619.7,619.7,619.7
55364,Sugar Creek Power,IN,MISO,39.3931,-87.5108,619.4,0.2009118660198251,58.97181511778656,5391.708810769056,5370.2802393404845,6.146973916802581,5.823448973812973,5.176399087833754,1.4104717036276322,1.488831242718056,1.674935148057813,41.64382735698849,39.452046969778586,35.06848619535874,1.0,1.0,1.0,3807.4356440675188,3607.0442943797557,3206.261595004227,True,619.4,619.4,619.4
55306,Gila River Power Block 4,AZ,SRP,32.975,-112.6944,619.0,0.267301922771116,51.43297742116603,4702.44364993518,4681.015078506608,4.620243607665703,4.377072891472772,3.8907314590869078,1.636758165521512,1.7276891747171512,1.9436503215567955,31.280493050024212,29.634151310549257,26.341467831599335,1.0,1.0,1.0,2859.9307931450703,2709.408119821646,2408.362773174796,True,619.0,619.0,619.0
59338,Gila River Power Block 1,AZ,SRP,32.975,-112.694444,619.0,0.267301922771116,51.44166471973325,4703.237917232754,4681.809345804182,4.620243607665703,4.377072891472772,3.8907314590869078,1.637035888080211,1.7279823263068892,1.9439801170952504,31.280493050024212,29.634151310549257,26.341467831599335,1.0,1.0,1.0,2859.9307931450703,2709.408119821646,2408.362773174796,True,619.0,619.0,619.0
59784,Gila River Power Block 3,AZ,TEPC,32.975,-112.6944,619.0,0.267301922771116,51.43297742116603,4702.44364993518,4681.015078506608,4.620243607665703,4.377072891472772,3.8907314590869078,1.636758165521512,1.7276891747171512,1.9436503215567955,31.280493050024212,29.634151310549257,26.341467831599335,1.0,1.0,1.0,2859.9307931450703,2709.408119821646,2408.362773174796,True,619.0,619.0,619.0
60768,Gila River Power Block 2,AZ,SRP,32.975,-112.694444,619.0,0.267301922771116,51.44166471973325,4703.237917232754,4681.809345804182,4.620243607665703,4.377072891472772,3.8907314590869078,1.637035888080211,1.7279823263068892,1.9439801170952504,31.280493050024212,29.634151310549257,26.341467831599335,1.0,1.0,1.0,2859.9307931450703,2709.408119821646,2408.362773174796,True,619.0,619.0,619.0
56031,Fox Energy Center,WI,MISO,44.3204,-88.208889,618.8,0.1950694239637929,83.38173412386195,7623.472834181663,7602.044262753091,6.331079340395396,5.997864638269324,5.331435234017176,1.9404494467318258,2.0482521937724822,2.304283717994043,42.84953636071359,40.59429760488657,36.083820093232504,1.0,1.0,1.0,3917.671895836671,3711.4786381610575,3299.092122809828,True,618.8,618.8,618.8
55168,Bastrop Energy Center,TX,ERCO,30.1458,-97.55,618.7,0.2187031560897518,65.17211385117214,5958.593266392881,5937.164694964309,5.646923538191549,5.3497170361814685,4.755304032161305,1.6993665796748214,1.7937758341012002,2.0179978133638503,38.21290804930279,36.201702362497386,32.17929098888657,1.0,1.0,1.0,3493.751593079112,3309.8699302854748,2942.1066046982,True,618.7,618.7,618.7
55188,Cordova Energy,IL,PJM,41.712216,-90.279679,611.2,0.1972370387717739,77.05842324276475,7045.341553624205,7023.912982195633,6.261501428385557,5.931948721628425,5.272843308114155,1.835343224981037,1.9373067374799828,2.179470079664981,41.85813704875746,39.65507720408603,35.24895751474313,1.0,1.0,1.0,3827.029673029253,3625.6070586592937,3222.7618299193714,True,611.2,611.2,611.2
55154,Lost Pines 1 Power Project,TX,ERCO,30.1478,-97.2714,609.0,0.2220211845805626,36.764300044469,3361.3074326371657,3339.878861208594,5.562532252645773,5.269767397243365,4.684237686438546,0.985918192192833,1.0406914250924346,1.170777853228989,37.051679676607705,35.10159127257573,31.20141446451176,0.0,1.0,1.0,3387.5821418612754,3209.2883449212095,2852.700751041075,True,600.4241790454354,609.0,609.0
55522,Sundance,AZ,WALC,32.9285,-111.5899,605.0,0.2650733549481869,107.6981777973542,9846.690541472382,9825.261970043812,4.6590876711897415,4.413872530600809,3.9234422494229406,3.4856829439479986,3.679331996389553,4.139248495938247,30.83005669920087,29.207422136085043,25.96215300985337,1.0,1.0,1.0,2818.7480410697935,2670.3928810134894,2373.6825609008793,True,605.0,605.0,605.0
8031,Emery Station,IA,MISO,43.094,-93.292222,602.8,0.205458451831133,96.28654239947367,8803.341019380448,8781.912447951878,6.010947658726887,5.6945819924781045,5.0618506599805375,2.423666796075465,2.5583149514129904,2.8781043203396144,39.63092928244371,37.54509089915721,33.37341413258418,1.0,1.0,1.0,3623.3992486805673,3432.6940250658013,3051.283577836268,True,602.8,602.8,602.8
165,GREC,OK,SWPP,36.190278,-95.2894,600.3,0.2194577972272914,56.80416037929757,5193.523234678634,5172.094663250063,5.6275056781004515,5.3313211687267446,4.738952149979329,1.5310246386225084,1.6160815629904253,1.8180917583642284,36.948971265540486,35.004288567354145,31.114923170981466,1.0,1.0,1.0,3378.191658563701,3200.3920975866645,2844.7929756325907,True,600.3,600.3,600.3
58835,Elk Station,TX,SWPP,33.865,-101.843333,599.4000000000001,0.2635633335067244,113.50407317578868,10377.515261786391,10356.08669035782,4.685780770671922,4.439160730110243,3.9459206489868826,3.687202357817099,3.8920469332513816,4.378552799907804,30.71968587122696,29.102860299057127,25.86920915471745,1.0,1.0,1.0,2808.6569939407505,2660.83294162808,2365.184837002738,True,599.4000000000001,599.4000000000001,599.4000000000001
7836,Marsh Run Generation Facility,VA,PJM,38.5283,-77.7681,596.7,0.1999395546669767,46.14588751316506,4219.052572632233,4197.6240012036615,6.1768668138580205,5.8517685604970735,5.201572053775176,1.1388833909851999,1.2021546904843774,1.3524240267949248,40.31274217938058,38.191018906781615,33.94757236158365,1.0,1.0,1.0,3685.736427829081,3491.750300048604,3103.7780444876475,True,596.7,596.7,596.7
7872,Robert P Mone Plant,OH,PJM,40.9297,-84.7392,596.7,0.1900642428227076,110.41452231334787,10095.042040077518,10073.613468648948,6.497802962085883,6.155813332502417,5.471834073335481,2.598140944435137,2.7424821080148662,3.0852923715167253,42.40730186302583,40.17533860707711,35.71141209517965,1.0,1.0,1.0,3877.2390274766467,3673.1738155041926,3265.0433915592816,True,596.7,596.7,596.7
55295,Blythe Energy Inc,CA,CISO,33.6157,-114.6865,591.0,0.2640368718738643,75.00161843399329,6857.290828250814,6835.862256822243,4.677377031606343,4.431199293100748,3.9388438160895527,2.4728822853627075,2.6102646345495235,2.9365477138682143,30.23485746836788,28.643549180559056,25.46093260494138,1.0,1.0,1.0,2764.3298256793487,2618.838782222542,2327.8566953089257,True,591.0,591.0,591.0
55192,Osceola Generating Station (FL),FL,FPC,28.1289,-81.0978,580.0,0.2287497752970228,43.53101064443634,3979.978116062751,3958.5495446341793,5.398912407220509,5.114759122629957,4.54645255344885,1.2641593170978647,1.334390390269968,1.5011891890537143,34.24935058330511,32.44675318418379,28.841558385941145,1.0,1.0,1.0,3131.3691961878953,2966.560291125375,2636.942481000333,True,580.0,580.0,580.0
7985,Greater Des Moines,IA,MISO,41.5563,-93.5283,576.3,0.2029606916724947,44.46367901861147,4065.250653130191,4043.82208170162,6.084922108921683,5.7646630505573855,5.124144933828786,1.1531568855102714,1.2172211569275084,1.3693738015434471,38.3549754368765,36.33629251914617,32.29892668368548,1.0,1.0,1.0,3506.7406113715656,3322.175316036221,2953.0447253655293,True,576.3,576.3,576.3
7512,Arthur Von Rosenberg,TX,ERCO,29.257046,-98.384045,575.0,0.2225372505499426,73.24782659924594,6696.944146216771,6675.515574788199,5.549632688226445,5.25754675726716,4.673374895348585,2.0919568836707425,2.208176710541338,2.4841987993590062,34.90198682829913,33.0650401531255,29.391146802778216,1.0,1.0,1.0,3191.0387957302055,3023.089385428617,2687.1905648254365,True,575.0,575.0,575.0
4937,Thomas C Ferguson,TX,ERCO,30.558,-98.3721,574.6,0.2246701242724212,62.27194609749641,5693.4350717710995,5672.006500342528,5.4969480432677145,5.207634988358889,4.629008878541233,1.795764848640965,1.8955295624543513,2.132470757761146,34.54660065567407,32.72835851590176,29.091874236357114,1.0,1.0,1.0,3158.546345661629,2992.3070643110177,2659.828501609793,True,574.6,574.6,574.6
55015,Sweeny Cogen Facility,TX,ERCO,29.0728,-95.745,572.0,0.2149371231956772,48.67423888816441,4450.216126917889,4428.787555489317,5.745866426599861,5.443452404147238,4.838624359241989,1.3475140234162248,1.4223759136060148,1.6001729028067666,35.94757683141538,34.05559910344616,30.2716436475077,1.0,1.0,1.0,3286.6355960151204,3113.65477517222,2767.693133486418,True,572.0,572.0,572.0
7158,Woodsdale,OH,PJM,39.4492,-84.4611,571.8,0.1951709866176401,40.35319682855274,3689.435138610536,3668.0065671819643,6.327784787087699,5.994743482504137,5.32866087333701,1.013757904418446,1.0700777879972485,1.2038375114969044,39.57436154499567,37.49150041104853,33.325778143154245,1.0,1.0,1.0,3618.227341256746,3427.794323295865,3046.928287374102,True,571.8,571.8,571.8
55664,Harrison County Power Project,TX,SWPP,32.3958,-94.4367,570.0,0.2064543668369515,37.4683187203553,3425.674854432484,3404.2462830039126,5.981951454557258,5.667111904317404,5.037432803837692,0.9983969186939676,1.0538634141769654,1.1855963409490862,37.29372859950541,35.33090077847882,31.405245136425616,0.0,1.0,1.0,3409.712329097637,3230.2537854609204,2871.3366981874847,True,569.0862436555616,570.0,570.0
55251,Gleason Generating Facility,TN,TVA,36.2454,-88.612,567.8,0.2060852855891995,64.26654984852668,5875.798843293867,5854.370271865296,5.992664621683809,5.677261220542557,5.04645441826005,1.7205402047853982,1.8161257717179198,2.04314149318266,37.216320008350735,35.2575663237007,31.34005895440062,1.0,1.0,1.0,3402.6349721920665,3223.548921024064,2865.3768186880566,True,567.8,567.8,567.8
56102,Currant Creek,UT,PACE,39.82144,-111.89345,566.9,0.2372671111490446,45.54820137174135,4164.406982559209,4142.978411130637,5.205104045053287,4.931151200576799,4.383245511623821,1.4040313276507366,1.4820330680757774,1.6672872015852496,32.2740849718515,30.575448920701426,27.178176818401266,1.0,1.0,1.0,2950.7734831407083,2795.469615606987,2484.861880539544,True,566.9,566.9,566.9
55247,"Darby Power, LLC",OH,PJM,39.7139,-83.1778,564.0,0.1943349408415373,101.3307354395356,9264.524383043254,9243.095811614683,6.3550074662437135,6.020533389072993,5.351585234731549,2.5788274582117334,2.722095650334607,3.062357606626433,39.202452307390914,37.13916534384403,33.01259141675025,1.0,1.0,1.0,3584.2242109614544,3395.580831437168,3018.2940723885936,True,564.0,564.0,564.0
55391,RockGen Energy Center,WI,MISO,42.9767,-89.0492,561.0,0.196429186111383,80.92010120185873,7398.409252741369,7376.980681312797,6.287253052607502,5.9563449972071085,5.294528886406319,2.0914854347567147,2.2076790700209763,2.4836389537735983,38.57819177748385,36.5477606313005,32.48689833893378,1.0,1.0,1.0,3527.148962512809,3341.509543433188,2970.2307052739447,True,561.0,561.0,561.0
55970,Cosumnes,CA,BANC,38.338475,-121.123978,556.8,0.2325458109309247,95.80908847022008,8759.688088705834,8738.259517277264,5.310781540445998,5.031266722527788,4.472237086691367,2.9550666119440643,3.1192369792742896,3.5091416016835764,32.34265958131613,30.64041434019423,27.235923857950425,1.0,1.0,1.0,2957.043161720331,2801.409311103472,2490.1416098697528,True,556.8,556.8,556.8
55404,Carville Energy LLC,LA,MISO,30.2294,-91.065,555.0,0.214715609620153,40.83308320140515,3733.3104641284704,3711.8818926998993,5.751794209022817,5.449068198021617,4.843616176019215,1.1627807322888226,1.2273796618604236,1.3808021195929767,34.91518828445882,33.0775467958031,29.402263818491644,1.0,1.0,1.0,3192.2457860076634,3024.2328499019977,2688.206977690664,True,555.0,555.0,555.0
55283,Front Range Power Plant,CO,WACM,38.6281,-104.7069,554.3,0.2486023081350145,92.11663908721526,8422.092716545394,8400.664145116823,4.967773667367877,4.706311895401147,4.183388351467686,3.0507522656406567,3.2202385026206928,3.62276831544828,30.117904073053282,28.532751227103116,25.362445535202763,1.0,1.0,1.0,2753.636943822014,2608.708683620856,2318.852163218538,True,554.3,554.3,554.3
55457,McClain Energy Facility,OK,SWPP,35.29774,-97.58985,551.3,0.2290038008374048,69.06263364150924,6314.297932937987,6292.869361509415,5.39292359115412,5.1090855074091674,4.54140933991926,2.116588618229432,2.234176874797733,2.51344898414745,32.518486610348226,30.80698731506675,27.383988724503773,1.0,1.0,1.0,2973.118775803266,2816.638840234674,2503.6789690974874,True,551.3,551.3,551.3
55545,Hidalgo Energy Center,TX,ERCO,26.34172,-98.175759,551.3,0.2291982283166512,66.55860670249807,6085.358327085537,6063.929755656965,5.388348806491527,5.10475150088671,4.5375568896770755,2.041317073348457,2.1547235774233706,2.4240640246012926,32.49090137364289,30.780853932924853,27.360759051488753,1.0,1.0,1.0,2970.5966970187783,2814.249502438843,2501.5551132789715,True,551.3,551.3,551.3
56349,Quail Run Energy Center,TX,ERCO,31.8414,-102.315,550.4,0.2621960889713425,72.18276379490659,6599.566975534316,6578.1384041057445,4.710215186066268,4.462309123641729,3.9664969987926475,2.5373701897607264,2.6783352003029877,3.0131271003408617,28.355495420118935,26.863100924323213,23.87831193273174,1.0,1.0,1.0,2592.5024384108738,2456.0549416524077,2183.1599481354733,True,550.4,550.4,550.4
59326,Middletown Energy Center,OH,PJM,39.465,-84.347778,543.9,0.1936799697039235,42.896142865145,3921.9330619561138,3900.5044905275427,6.37649831259232,6.040893138245357,5.369682789551428,1.1246554038130554,1.187136259580447,1.3355282920280032,37.93319066489491,35.93670694568992,31.943739507279926,1.0,1.0,1.0,3468.1774322189626,3285.6417778916493,2920.5704692370214,True,543.9,543.9,543.9
55077,Desert Star Energy Center,NV,CISO,35.788889,-114.994167,537.3,0.2604218844632794,78.16518508022666,7146.531207335009,7125.102635906437,4.742304981569781,4.492709982539793,3.993519984479816,2.796306702860583,2.9516570752417257,3.3206142096469415,27.869192603409534,26.402392992703778,23.468793771292244,1.0,1.0,1.0,2548.040466597443,2413.9330736186307,2145.718287661005,True,537.3,537.3,537.3
7925,Lakefield Junction,MN,MISO,43.798439,-94.841451,535.8,0.2026200894045251,108.60964916302537,9930.025066333747,9908.596494905176,6.09515079985163,5.774353389333124,5.13275856829611,3.0340656865907896,3.2026248914013884,3.602953002826562,35.71948842175551,33.83951534692628,30.079569197267798,1.0,1.0,1.0,3265.781798560503,3093.8985460046874,2750.1320408930555,True,535.8,535.8,535.8
55098,Frontera Energy Center,TX,ERCO,26.208,-98.3992,529.0,0.2367513533300745,32.60412650660586,2980.948709175392,2959.520137746821,5.216443254194138,4.941893609236552,4.392794319321379,1.0724847857758792,1.1320672738745388,1.2735756831088565,30.182014641063894,28.593487554692118,25.416433381948547,1.0,1.0,1.0,2759.4984814686986,2614.261719286136,2323.7881949210096,True,529.0,529.0,529.0
58562,Montana Power Station,TX,EPE,31.823889,-106.211944,527.2,0.2780168815685053,93.89927275320574,8585.07636600738,8563.647794578808,4.442176291714456,4.208377539518959,3.740780035127963,3.656685467952007,3.8598346606160066,4.342313993193008,25.614699042098486,24.266556987251203,21.570272877556622,1.0,1.0,1.0,2341.9153409918613,2218.6566388343954,1972.1392345194624,True,527.2,527.2,527.2
2963,Northeastern,OK,SWPP,36.4317,-95.7008,527.0,0.2175716388801327,72.12577511630573,6594.356582062237,6572.928010633666,5.6762912958540594,5.3775391223880575,4.78003477545605,2.197270808740479,2.319341409226061,2.609259085379319,32.718497797508796,30.996471597639914,27.552419197902143,1.0,1.0,1.0,2991.4055129150893,2833.963117498506,2519.0783266653384,True,527.0,527.0,527.0
55065,Mustang Station,TX,SWPP,32.9728,-102.7417,521.0,0.2663361947943234,107.35485575797826,9815.301097872296,9793.872526443725,4.636996488418412,4.3929440416595495,3.9048391481418214,4.053964644437571,4.27918490246188,4.814083015269615,26.423634676971798,25.03291706239434,22.251481833239414,1.0,1.0,1.0,2415.8751704659926,2288.723845704625,2034.421196181889,True,521.0,521.0,521.0
55313,Ingleside Cogeneration,TX,ERCO,27.882778,-97.242778,517.0,0.2270614252634679,39.90562720637034,3648.5144874395737,3627.085916011002,5.4390568480180335,5.152790698122348,4.580258398330976,1.289863346842981,1.361522421667591,1.5317127243760398,30.756166770276977,29.137421150788715,25.899929911812194,1.0,1.0,1.0,2811.9923904253233,2663.9927909292537,2367.9935919371146,True,517.0,517.0,517.0
6761,Rawhide,CO,PSCO,40.860905,-105.021207,506.7999999999999,0.2295789044346062,98.03199442759652,8962.925204808824,8941.496633380251,5.379414119261032,5.096287060352558,4.530032942535607,3.279734079829555,3.4619415287089734,3.894684219797595,29.818764889828806,28.24935621141677,25.110538854592686,1.0,1.0,1.0,2726.2870756414904,2582.798282186676,2295.820695277045,True,506.7999999999999,506.7999999999999,506.7999999999999
7604,St Francis Energy Facility,MO,AECI,36.5852,-90.1779,506.6,0.2107639726619414,104.46546025452588,9551.127794699507,9529.699223270936,5.859635232729741,5.551233378375546,4.934429669667151,3.2102837949112204,3.3886328946285094,3.8122120064570737,32.467872597353455,30.759037197492756,27.341366397771335,1.0,1.0,1.0,2968.491208900887,2812.2548294850517,2499.782070653379,True,506.6,506.6,506.6
55103,Klamath Cogeneration Plant,OR,AVRN,42.173889,-121.810556,501.5,0.2266877680413742,55.251218887423995,5051.540012564479,5030.111441135908,5.448022231947656,5.161284219739885,4.587808195324342,1.8410593895890939,1.9433404667884875,2.1862580251370485,29.883253195706637,28.31045039593261,25.16484479638454,1.0,1.0,1.0,2732.183149321749,2588.3840361995526,2300.7858099551577,True,501.5,501.5,501.5
55224,Wheatland Generating Facility,IN,MISO,38.6716,-87.2931,500.4,0.2021530759262439,93.11915334187071,8513.751162685321,8492.32259125675,6.10923180041343,5.787693284602199,5.1446162529797315,2.7779381896595803,2.9322680890851114,3.298801600220751,33.43658929763776,31.67676880828841,28.157127829589694,1.0,1.0,1.0,3057.05959292688,2896.16171961494,2574.3659729910573,True,500.4,500.4,500.4
58503,Carty Generating Station,OR,PGE,45.698611,-119.813056,500.0,0.2076795981317282,111.24607053220072,10171.069305801208,10149.640734372635,5.946660197294185,5.6336780816471235,5.0077138503529985,3.4135600144063605,3.6032022374289356,4.053602517107553,32.52079795395258,30.809177009007712,27.385935119117963,1.0,1.0,1.0,2973.3300986470927,2816.839040823562,2503.8569251764993,True,500.0,500.0,500.0
55128,Walton County Energy Facility,GA,SOCO,33.8148,-83.6954,494.1,0.2081307215243681,33.20216013997225,3035.6260699403197,3014.197498511748,5.9337708097812225,5.621467082950634,4.996859629289451,1.0280780418364976,1.0851934886051915,1.2208426746808407,32.06739546842237,30.379637812189628,27.004122499724108,1.0,1.0,1.0,2931.876157112902,2777.5668856859083,2468.948342831918,True,494.1,494.1,494.1
64383,Braes Bayou Plant,TX,ERCO,29.480277,-95.620277,484.0,0.2142113151538741,58.50930334206857,5349.422019846269,5327.993448417697,5.765335034299492,5.46189634828373,4.855018976252204,1.9093861607333957,2.015463169663028,2.267396065870907,30.520242337822935,28.913913793727,25.70125670553511,1.0,1.0,1.0,2790.4221566009537,2643.5578325693255,2349.8291845060667,True,484.0,484.0,484.0
65372,Mark One Power Station,TX,ERCO,29.227109,-95.430756,484.0,0.2154136624276148,78.02028094012569,7133.282828811491,7111.854257382919,5.733155390805332,5.431410370236632,4.827920329099228,2.562971479630407,2.7053587840543174,3.043528632061108,30.34989135007573,28.752528647440176,25.55780324216904,1.0,1.0,1.0,2774.8472091497806,2628.80261919453,2336.713439284026,True,484.0,484.0,484.0
65373,Brotman Power Station,TX,ERCO,29.364128,-95.435068,484.0,0.2154136624276148,93.74776626619368,8571.224344337706,8549.795772909136,5.733155390805332,5.431410370236632,4.827920329099228,3.0811771346245806,3.252353642103723,3.658897847366689,30.34989135007573,28.752528647440176,25.55780324216904,1.0,1.0,1.0,2774.8472091497806,2628.80261919453,2336.713439284026,True,484.0,484.0,484.0
66604,Remy Jade Power Station,TX,ERCO,29.848372,-95.016398,484.0,0.2097510369697424,43.742980729476145,3999.358238123533,3977.9296666949613,5.88793275037851,5.578041552990168,4.958259158213482,1.3958826121423529,1.4734316461502612,1.657610601919044,31.169243997316237,29.528757471141706,26.247784418792623,1.0,1.0,1.0,2849.7594511831985,2699.772111647241,2399.7974325753253,True,484.0,484.0,484.0
55237,Shelby Energy County,IL,MISO,39.2794,-88.4772,483.0,0.2045943754419719,91.38308359620046,8355.024785938327,8333.596214509756,6.036334074835194,5.718632281422817,5.083228694598059,2.8583279481198063,3.017123945237573,3.3942644383922698,31.888821104715305,30.21046209920398,26.853744088181312,1.0,1.0,1.0,2915.549358145399,2762.0993919272205,2455.1994594908624,True,483.0,483.0,483.0
56326,Mustang Station Unit 4,TX,SWPP,32.974554,-102.743607,472.1,0.2663361947943234,107.02230596882563,9784.8965457212,9763.467974292627,4.636996488418412,4.3929440416595495,3.9048391481418214,4.459984389276854,4.707761299792234,5.296231462266263,23.943566086369266,22.68337839761299,20.163003020100437,1.0,1.0,1.0,2189.1260421823326,2073.9088820674733,1843.474561837754,True,472.1,472.1,472.1
50949,Hardee Power Station,FL,TEC,27.6364,-81.9636,470.1,0.2292006563071954,54.38318401458887,4972.176824190982,4950.748252762411,5.388291726114176,5.104697424739746,4.537508821990885,1.954472170612068,2.0630539578682936,2.320935702601831,27.705080598631127,26.246918461861075,23.33059418832095,1.0,1.0,1.0,2533.0359404462743,2399.718259370155,2133.082897217915,True,470.1,470.1,470.1
55086,Gregory Power Plant,TX,ERCO,27.88929,-97.258417,469.8,0.2270614252634679,48.01643664065564,4390.074207145658,4368.645635717086,5.4390568480180335,5.152790698122348,4.580258398330976,1.7096617985721385,1.8046430096039237,2.0302233858044145,27.948253672487667,26.477292952883058,23.535371513673827,1.0,1.0,1.0,2555.268907198872,2420.7810699778793,2151.8053955358923,True,469.8,469.8,469.8
7843,Pleasant Valley (MN),MN,MISO,43.799446,-92.682874,467.8,0.199368246503375,111.90283030388144,10231.115913497732,10209.687342069159,6.1945671974352905,5.868537344938698,5.216477639945508,3.523232120609402,3.718967238421035,4.183838143223665,31.69489022612751,30.02673810896291,26.690433874633698,1.0,1.0,1.0,2897.818534960229,2745.301769962323,2440.268239966509,True,467.8,467.8,467.8
55176,Eastman Cogeneration Facility,TX,SWPP,32.4481,-94.6903,467.7,0.216946725929925,26.443441854686736,2417.686112428501,2396.25754099993,5.692641798147771,5.393029071929468,4.79380361949286,0.900020217819873,0.9500213410320879,1.068774008661099,29.120531223368733,27.587871685296697,24.52255260915262,0.0,0.0,1.0,2662.4485689937123,2522.319696941412,2242.0619528368106,True,420.93945587435456,444.3249812007075,467.7
2953,Mustang,OK,SWPP,35.46988,-97.67498,462.0,0.2308560339336044,38.566740751192704,3526.102011537618,3504.6734401090466,5.349654409965274,5.068093651546051,4.5049721347076,1.418011831354639,1.496790266429896,1.6838890497336334,27.03247244035578,25.609710732968644,22.76418731819434,1.0,1.0,1.0,2471.5403374039565,2341.4592670142756,2081.297126234911,True,462.0,462.0,462.0
55081,Brownsville Peaking Power,TN,TVA,35.5438,-89.198,460.0,0.208124646896407,66.83173536945098,6110.330090921232,6088.901519492661,5.933944001426775,5.621631159246419,4.997005474885706,2.230682060784028,2.354608841938695,2.6489349471810324,29.855155757178462,28.283831769958553,25.14118379551871,1.0,1.0,1.0,2729.6142406563163,2585.950333253353,2298.6225184474247,True,460.0,460.0,460.0
55417,Raccoon Creek Energy Center,IL,MISO,38.6996,-88.5392,456.0,0.2052974737027783,89.66612590737806,8198.045797245994,8176.617225817422,6.015660971006321,5.6990472356902,5.065819765057955,2.980749449348207,3.1463466409786625,3.5396399711009954,30.00310909289403,28.423998088004875,25.265776078226555,1.0,1.0,1.0,2743.1414027788824,2598.765539474731,2310.0138128664275,True,456.0,456.0,456.0
59926,Alpine Power Plant,MI,MISO,45.063748,-84.825348,453.8,0.1810646362954983,33.784904127860365,3088.9055202615186,3067.476948832947,6.8207686783435415,6.461780853167567,5.743805202815614,0.9910224556025544,1.046079258691585,1.1768391660280335,33.85445903691578,32.0726454033939,28.509018136350125,0.0,1.0,1.0,3095.264826232299,2932.356151167442,2606.5388010377255,True,449.7259903524392,453.8,453.8
2070,Moselle,MS,MISO,31.528,-89.3004,451.5,0.2073500630518002,33.20876248688332,3036.229713086475,3014.8011416579034,5.956111041507,5.642631513006633,5.015672456005896,1.1210839384891667,1.1833663795163423,1.3312871769558852,29.412951479191996,27.864901401339793,24.76880124563537,1.0,1.0,1.0,2689.184135240411,2547.648128122495,2264.576113886662,True,451.5,451.5,451.5
3006,Anadarko Plant,OK,SWPP,35.0847,-98.23,450.2999999999999,0.2356915484518959,88.2810230238229,8071.40781932095,8049.979247892378,5.239899385921598,4.964115207715199,4.412546851302399,3.411692383110106,3.601230848838444,4.05138470494325,25.80732320994292,24.44904304099856,21.73248270310983,1.0,1.0,1.0,2359.526693480495,2235.3410780341537,1986.96984714147,True,450.2999999999999,450.2999999999999,450.2999999999999
3494,Permian Basin,TX,ERCO,31.5839,-102.9633,447.0,0.2619672841615326,102.59491112703527,9380.10616018608,9358.67758875751,4.714329134467349,4.466206548442752,3.9699613763935573,4.441064317709979,4.68779011313831,5.2737638772806,23.048649783981773,21.835562953245898,19.40938929177413,1.0,1.0,1.0,2107.305123106905,1996.3943271539104,1774.57273524792,True,447.0,447.0,447.0
56998,Pueblo Airport Generating Station,CO,PSCO,38.320833,-104.52639,440.0,0.2509740000079373,76.77174239004698,7019.130732804295,6997.702161375723,4.920828452194019,4.661837481025914,4.143855538689701,3.2319493969537243,3.4115021412289304,3.837939908882547,23.681486926183723,22.435092877437214,19.94230477994419,1.0,1.0,1.0,2165.1645189653686,2051.2084916514023,1823.2964370234686,True,440.0,440.0,440.0
2880,Richland (OH),OH,PJM,41.305203,-84.334622,435.0,0.1915490412450898,83.20486072503365,7607.301552003076,7585.872980574504,6.447435037901334,6.108096351696002,5.429418979285335,2.7047637329537495,2.855028384784513,3.211906932882578,30.67568701626495,29.06117717330364,25.832157487381007,1.0,1.0,1.0,2804.6342414870805,2657.021912987761,2361.7972559891205,True,435.0,435.0,435.0
56803,Panoche Energy Center,CA,CISO,36.6514,-120.5833,432.0,0.2505917824707839,104.58881989418018,9562.406390325043,9540.977818896472,4.928333993330314,4.668947993681352,4.1501759943834236,4.481351473518291,4.730315444269307,5.32160487480297,23.28637811848574,22.06077927014439,19.60958157346168,1.0,1.0,1.0,2129.040285118696,2016.985533270344,1792.876029573639,True,432.0,432.0,432.0
56445,Spindle Hill Energy Center,CO,PSCO,40.092192,-104.887844,420.0,0.241524031976969,93.22965577964555,8523.85424271045,8502.425671281879,5.113362798273282,4.844238440469426,4.305989724861711,3.9590131669799242,4.178958342923253,4.70132813578866,23.489510354567894,22.253220335906427,19.780640298583492,1.0,1.0,1.0,2147.6123752747785,2034.5801449971589,1808.515684441919,True,420.0,420.0,420.0
55223,Ennis Power Company LLC,TX,ERCO,32.32,-96.675,418.0,0.2242420182514662,86.17278940753359,7878.655031545927,7857.226460117356,5.507442403658106,5.2175770139918916,4.637846234659459,3.4130529401149476,3.6026669923435546,4.053000366386499,25.179338239224407,23.85410991084418,21.203653254083715,1.0,1.0,1.0,2302.1109247290883,2180.9471918486106,1938.6197260876538,True,418.0,418.0,418.0
55433,Bayou Cove Peaking Power,LA,MISO,30.2825,-92.5997,416.0,0.2172923040052536,64.70612715602726,5915.988768551063,5894.560197122492,5.683588315075073,5.38445208796586,4.786179633747431,2.493075689680801,2.631579894663067,2.9605273814959503,25.860326833591582,24.49925700024467,21.777117333550816,1.0,1.0,1.0,2364.37273907123,2239.932068593798,1991.0507276389314,True,416.0,416.0,416.0
56400,Treasure Coast Energy Center,FL,FMPP,27.383889,-80.3775,411.4,0.2258229014343155,24.8098822321095,2268.3320897928684,2246.903518364297,5.468887310170448,5.181051135950952,4.605378787511957,0.9986680649269059,1.0541496240895114,1.1859183271007003,24.60828386848259,23.313111033299304,20.722765362932712,0.0,1.0,1.0,2249.900239404122,2131.4844373302217,1894.652833182419,True,410.852041910929,411.4,411.4
55244,Doyle Energy Facility,GA,SOCO,33.837699,-83.699577,409.0,0.2081307215243681,30.83921492969248,2819.585365000455,2798.1567935718836,5.9337708097812225,5.621467082950634,4.996859629289451,1.1529699026645983,1.2170237861459643,1.3691517594142102,26.54435285688069,25.14728165388698,22.35313924789953,1.0,1.0,1.0,2426.91226120052,2299.1800369268094,2043.7155883793855,True,409.0,409.0,409.0
7929,West Gardner,KS,SWPP,38.7875,-94.9861,408.0,0.2126287092822431,83.38416656746077,7623.695229024984,7602.266657596412,5.808246704637907,5.502549509656966,4.89115511969508,3.208026012193692,3.386249679537785,3.809530889480009,25.91930091944666,24.555127186844214,21.826779721639298,1.0,1.0,1.0,2369.764655492266,2245.040199940042,1995.5912888355926,True,408.0,408.0,408.0
7237,Angus Anson,SD,MISO,43.60347,-96.6356,405.7000000000001,0.2096466341280747,78.67078585683801,7192.75756405376,7171.328992625188,5.890864907688092,5.580819386230825,4.960728343316289,3.000651616347507,3.1673544839223684,3.5632737944126647,26.139792580224093,24.764014023370198,22.012456909662397,1.0,1.0,1.0,2389.9238930490596,2264.1384249938465,2012.567488883419,True,405.7000000000001,405.7000000000001,405.7000000000001
7948,Lawrence County Station,IN,MISO,38.8003,-86.4511,402.0,0.201363308849175,46.29496155657829,4232.682199458586,4211.253628030015,6.133192819775517,5.81039319768207,5.164793953495173,1.7080427114291228,1.8029339731751846,2.028300719822083,26.96688217945048,25.54757259105836,22.708953414274095,1.0,1.0,1.0,2465.543513549758,2335.7780654681924,2076.2471693050597,True,402.0,402.0,402.0
55645,Blue Spruce Energy Center,CO,PSCO,39.747875,-104.681404,397.8,0.242047324256636,86.23464297333209,7884.310214704647,7862.881643276075,5.102308004407287,4.833765477859536,4.296680424764031,3.8739167907328262,4.089134390217983,4.600276188995231,22.199823232925834,21.031411483824478,18.694587985621755,1.0,1.0,1.0,2029.6981241532187,1922.8719070925233,1709.2194729711316,True,397.8,397.8,397.8
50707,JM Shafer Generating Station,CO,PSCO,40.0986,-104.7736,396.9,0.239592543798957,101.46973221661088,9277.232659804422,9255.804088375851,5.154584447487202,4.883290529198402,4.340702692620802,4.524175000869607,4.775518056473474,5.372457813532658,22.376534328833895,21.198821995737376,18.843397329544334,1.0,1.0,1.0,2045.8545672076702,1938.1780110388456,1722.8248987011962,True,396.9,396.9,396.9
7764,MPC Generating,GA,SOCO,33.8119,-83.6953,386.1,0.2081307215243681,33.44887941928087,3058.1832611913937,3036.754689762822,5.9337708097812225,5.621467082950634,4.996859629289451,1.32549819732222,1.399136986062343,1.574029109320136,25.058128699368304,23.73927982045419,21.101582062625944,1.0,1.0,1.0,2291.0289096565302,2170.44844072724,1929.2875028686574,True,386.1,386.1,386.1
7159,Concord,WI,MISO,43.1669,-88.69,381.6,0.1980011698626453,75.90336002526917,6939.735773738894,6918.307202310323,6.237336884709961,5.909055996041017,5.252494218703126,2.906646889564944,3.0681272723185518,3.451643181358371,26.03308482255821,24.6629224634762,21.922597745312178,1.0,1.0,1.0,2380.1677552053216,2254.895768089252,2004.351793857113,True,381.6,381.6,381.6
7203,South Fond Du Lac,WI,MISO,43.7353,-88.496667,381.6,0.1931559861375814,68.0656792579368,6223.147817868506,6201.719246439935,6.393796147328991,6.057280560627467,5.384249387224414,2.54182092191099,2.683033195350489,3.0184123447693008,26.68610666991438,25.281574739918895,22.472510879927903,1.0,1.0,1.0,2439.872609820743,2311.4582619354414,2054.6295661648364,True,381.6,381.6,381.6
7270,Paris (WI),WI,MISO,42.6658,-88.0131,381.6,0.1941389957347085,89.63554661642151,8195.249976358537,8173.821404929965,6.3614215955234,6.026609932601117,5.356986606756548,3.367151051332908,3.55421499862918,3.998491873457828,26.550983384315796,25.15356320619392,22.358722849950148,1.0,1.0,1.0,2427.5184808517297,2299.7543502805866,2044.226089138299,True,381.6,381.6,381.6
55202,Pinckneyville,IL,MISO,38.1114,-89.3467,380.0,0.2056188713845297,71.02040324661456,6493.294011119045,6471.865439690473,6.006258042776703,5.690139198420035,5.0579015097066975,2.835579943451307,2.993112162531934,3.3672511828484266,24.963509990290675,23.649641043433274,21.021903149718465,1.0,1.0,1.0,2282.378056255147,2162.2528953996134,1922.002573688545,True,380.0,380.0,380.0
60387,Invenergy Nelson Expansion LLC,IL,PJM,41.774417,-89.606528,380.0,0.1988829196859427,93.34815053210224,8534.688048649346,8513.259477220776,6.209683576398598,5.882858125009199,5.229207222230399,3.6078028997947804,3.8082363942278232,4.284265943506301,25.808997364406675,24.450629082069486,21.733892517395102,1.0,1.0,1.0,2359.6797590314673,2235.4860875034956,1987.0987444475518,True,380.0,380.0,380.0
6223,Empire Energy Center,MO,SWPP,37.1385,-94.1041,379.0,0.2163993932587836,80.90898145969271,7397.392590600475,7375.964019171904,5.7070400309445946,5.406669503000144,4.8059284471112385,3.4101121392272846,3.5995628136287996,4.0495081653324,23.65746437827502,22.412334674155286,19.922075265915808,1.0,1.0,1.0,2162.9681717280014,2049.1277416370544,1821.4468814551594,True,379.0,379.0,379.0
3443,Victoria,TX,ERCO,28.7883,-97.01,376.9,0.2140044886227636,67.0023539133109,6125.929500645567,6104.500929216995,5.770906993343472,5.467175046325395,4.85971115228924,2.8065963214810545,2.9625183393411123,3.332833131758752,23.789662375840752,22.537574882375452,20.033399895444845,1.0,1.0,1.0,2175.054845791154,2060.578274960041,1831.6251332978143,True,376.9,376.9,376.9
1240,Gordon Evans Energy Center,KS,SWPP,37.7903,-97.521667,375.1,0.229783355480695,98.39269106410688,8995.903183004057,8974.474611575486,5.374627754984442,5.091752609985263,4.526002319986899,4.451573809573311,4.698883465660717,5.286243898868308,22.050250150410395,20.889710668809855,18.568631705608755,1.0,1.0,1.0,2016.0228708946645,1909.9164040054723,1697.703470227086,True,375.1,375.1,375.1
55135,Alliant Energy Neenah,WI,MISO,44.1936,-88.5064,371.0,0.1951127797139105,46.18272165909001,4222.420265973943,4200.9916945453715,6.329672519713228,5.996531860780954,5.330250542916403,1.7889436954020728,1.8883294562577428,2.124370638289961,25.68462427139884,24.332801941325222,21.629157281177967,1.0,1.0,1.0,2348.3085048136077,2224.713320349734,1977.5229514219855,True,371.0,371.0,371.0
3482,Jones,TX,SWPP,33.5239,-101.7392,365.4,0.2601963937905475,98.74018300679506,9027.673874906975,9006.245303478405,4.74641474467993,4.496603442328356,3.9969808376252045,5.192895035019325,5.481389203631509,6.1665628540854485,18.969343178034883,17.97095669498042,15.974183728871484,1.0,1.0,1.0,1734.3399477060464,1643.058897826781,1460.4967980682497,True,365.4,365.4,365.4
57943,Lonesome Creek Station,ND,SWPP,47.796667,-103.57861,363.0,0.1972835104948246,100.37165767771616,9176.837273391191,9155.408701962619,6.260026481191382,5.930551403233943,5.271601247319059,4.0289784158955415,4.25281055011196,4.784411868875956,24.854261388605163,23.546142368152264,20.929904327246454,1.0,1.0,1.0,2272.3896126724717,2152.790159373921,1913.5912527768185,True,363.0,363.0,363.0
57349,Garrison Energy Center LLC,DE,PJM,39.187195,-75.499396,361.0,0.2056196211457138,31.72358192383395,2900.4417758933896,2879.013204464818,6.0062361418553945,5.690118450178796,5.057883066825596,1.327804242321853,1.401571144673067,1.5767675377572004,23.71524801635716,22.467077068127843,19.970735171669194,1.0,1.0,1.0,2168.2512472097974,2054.132760514545,1825.8957871240402,True,361.0,361.0,361.0
54538,Hartwell Energy Facility,GA,SOCO,34.339588,-82.819871,360.0,0.2089907158666545,34.38154779345601,3143.4557982588344,3122.0272268302633,5.909353412560133,5.598334811899075,4.976297610576955,1.4675544423986568,1.5490852447541377,1.742720900348405,23.26807906195553,22.043443321852607,19.594171841646762,1.0,1.0,1.0,2127.367228521648,2015.4005322836667,1791.4671398077037,True,360.0,360.0,360.0
10761,Las Vegas Generating Station,NV,NEVP,36.2319,-115.1222,358.9,0.2701582752850595,16.38598255746213,1498.1469766822515,1476.7184052536802,4.571394300977383,4.330794600925943,3.84959520082306,0.9000684670660076,0.9500722707918967,1.068831304640884,17.944865472414815,17.00039886860351,15.111465660980897,0.0,0.0,1.0,1640.6734146207828,1554.3221822723208,1381.6197175753962,True,323.0345728299901,340.9809379872117,358.9
55165,Calcasieu,LA,MISO,30.1608,-93.345,358.8,0.2079793393239338,28.010283024267835,2560.9401622187734,2539.511590790202,5.938089831492597,5.6255587877298305,5.000496700204294,1.1919306885705803,1.2581490601578345,1.4154176926775637,23.303291282463764,22.07680226759726,19.62382423786423,1.0,1.0,1.0,2130.5866315395438,2018.4504930374633,1794.1782160333007,True,358.8,358.8,358.8
58471,Ector County Energy Center,TX,ERCO,32.069167,-102.585556,358.8,0.2616275318483003,116.9136641174453,10689.249290737855,10667.820719309282,4.720451212741979,4.47200641207135,3.9751168107300883,6.298538098188399,6.648456881421087,7.479513991598723,18.524820728004308,17.549830163372505,15.599849034108892,1.0,1.0,1.0,1693.6978951318222,1604.5559006512003,1426.2719116899557,True,358.8,358.8,358.8
8063,DeCordova Steam Electric Station,TX,ERCO,32.403056,-97.700556,357.6,0.2328792822502889,62.19098047485006,5686.032500557719,5664.603929129147,5.303176770669851,5.024062203792492,4.46583307003777,2.9870049027881835,3.1529496196097484,3.5470683220609676,20.74205014428246,19.65036329458339,17.466989595185233,1.0,1.0,1.0,1896.416013191539,1796.6046440761952,1596.9819058455066,True,357.6,357.6,357.6
55718,Dean,MI,MISO,42.77412,-82.48203,357.6,0.187320328914144,23.129411197269363,2114.6890237503417,2093.26045232177,6.592984366187223,6.245985189019477,5.551986834683978,0.8878584092598516,0.9371838764409542,1.0543318609960737,25.78681010224978,24.429609570552433,21.715208507157715,0.0,0.0,1.0,2357.651209348551,2233.564303593365,1985.3904920829907,True,317.49816715132295,335.13695421528524,357.6
55253,Crete Energy Venture LLC,IL,PJM,41.429444,-87.6187,356.0,0.1953313049533538,56.65960373113927,5180.306626847018,5158.878055418447,6.322591252308096,5.989823291660303,5.324287370364714,2.291976487877236,2.4193085149815263,2.721722079354217,24.618589688674653,23.322874441902307,20.731443948357608,1.0,1.0,1.0,2250.842485821682,2132.377091831068,1895.4463038498382,True,356.0,356.0,356.0
55250,University Park South,IL,PJM,41.440893,-87.753189,353.4,0.192333985713748,62.82445828637065,5743.950471896745,5722.521900468173,6.421122067516757,6.0831682744895605,5.407260688435165,2.521796236103773,2.6618960269984266,2.99463303037323,24.819643391598365,23.513346370987932,20.900752329767048,1.0,1.0,1.0,2269.224538660422,2149.7916682046107,1910.9259272929871,True,353.4,353.4,353.4
56151,South Harper,MO,SWPP,38.6803,-94.4824,351.0,0.2124455533398162,74.32713657323549,6795.623915267244,6774.195343838673,5.81325417541012,5.507293429335904,4.89537193718747,3.319948044923846,3.50438960297517,3.942438303347067,22.31744610778542,21.142843681059873,18.793638827608774,1.0,1.0,1.0,2040.4522155689522,1933.0599936969024,1718.2755499528018,True,351.0,351.0,351.0
61144,Astoria Station,SD,MISO,44.574965,-96.55942,349.0,0.2025995779522871,97.08160396434428,8876.032362454333,8854.603791025762,6.095767881070545,5.774937992593149,5.133278215638354,4.162126587233718,4.393355842080035,4.94252532234004,23.268688958523974,22.044021118601666,19.594685438757033,1.0,1.0,1.0,2127.42299049362,2015.4533594150091,1791.5140972577856,True,349.0,349.0,349.0
56166,Sheboygan Falls,WI,MISO,43.751826,-87.878056,346.8,0.1927365630846024,77.94522268050504,7126.42035936046,7104.991787931888,6.4077099862878235,6.070462092272676,5.395966304242378,3.1972871644283103,3.374914229118771,3.796778507758618,24.305244941738007,23.026021523751798,20.467574687779376,1.0,1.0,1.0,2222.1938232446173,2105.236253600164,1871.321114311257,True,346.8,346.8,346.8
56241,Cannon Falls Energy Center,MN,MISO,44.536688,-92.915528,346.8,0.1929174873134214,79.48287452690033,7267.005671030886,7245.577099602315,6.401700629624985,6.0647690175394615,5.390905793368409,3.2636120836215587,3.4449238660449777,3.8755393493006003,24.282450700746274,23.004426979654372,20.44837953747055,1.0,1.0,1.0,2220.109778353945,2103.261895282685,1869.5661291401643,True,346.8,346.8,346.8
55651,Spring Creek Energy Center,OK,SWPP,35.7422,-97.655,346.0,0.2284136853108385,103.56823605850494,9469.095868206165,9447.667296777592,5.4068564163278605,5.122285025994816,4.553142245328725,5.050142764849073,5.330706251785132,5.997044533258274,20.46157225054075,19.384647395249136,17.230797684665895,1.0,1.0,1.0,1870.7723200494397,1772.3106189942064,1575.3872168837388,True,346.0,346.0,346.0
55972,Cass County,NE,SWPP,40.947913,-95.964026,345.0,0.2133010688372804,97.92079700593628,8952.758583399887,8931.330011971315,5.789938169236913,5.485204581382339,4.87573740567319,4.471189902463092,4.719589341488819,5.309538009174921,21.847969810479913,20.698076662559924,18.39829036671993,1.0,1.0,1.0,1997.5286683867348,1892.395580576907,1682.1294049572507,True,345.0,345.0,345.0
56249,Anson County Generation Facility,NC,CPLE,34.968651,-79.921738,343.79999999999995,0.2104114822159177,21.803381943971186,1993.4520634487938,1972.0234920202224,5.86945154795631,5.560533045432296,4.942696040384262,0.9772567751248491,1.0315488181873405,1.1604924204607583,22.070972023924465,20.909341917402127,18.586081704357444,0.0,1.0,1.0,2017.9174421873793,1911.711261019623,1699.298898684109,True,335.9808792879231,343.79999999999995,343.79999999999995
56292,Hamlet Generating Facility,NC,CPLE,34.842311,-79.736087,343.79999999999995,0.2084750098873839,33.944750421496934,3103.520038536862,3082.0914671082905,5.923971418287182,5.6121834489036475,4.988607510136575,1.5133057989161918,1.597378343300424,1.7970506362129774,22.27598377382802,21.103563575205495,18.758723177960437,1.0,1.0,1.0,2036.6613736071329,1929.4686697330737,1715.083261984954,True,343.79999999999995,343.79999999999995,343.79999999999995
7972,Sumpter,MI,MISO,42.167,-83.5318,340.0,0.188652675254855,35.28259440084651,3225.837202363109,3204.408630934538,6.546421874651984,6.20187335493346,5.512776315496409,1.4396767345452441,1.5196587753533128,1.7096161222724768,24.344506346362067,23.063216538658807,20.500636923252276,1.0,1.0,1.0,2225.7834373816745,2108.6369406773765,1874.3439472687792,True,340.0,340.0,340.0
55933,Tracy Combined Cycle Power Plant,CA,CISO,37.7107,-121.4906,336.1,0.2476387539073549,55.66160687173876,5089.061199701829,5067.632628273258,4.987103110937275,4.724623999835314,4.19966577763139,3.023348866736075,3.191312692665856,3.5902267792490883,18.333058576722078,17.368160756894603,15.438365117239645,1.0,1.0,1.0,1676.1653555860182,1587.9461263446492,1411.5076678619102,True,336.1,336.1,336.1
2292,Sarpy County,NE,SWPP,41.170594,-95.970603,334.9,0.2148350298157203,31.190181791807564,2851.6737638224054,2830.2451923938343,5.748596963257572,5.446039228349281,4.840923758532694,1.4701005927051245,1.5517728478554087,1.745744453837335,21.056931032757387,19.94867150471753,17.732152448637805,1.0,1.0,1.0,1925.205122994961,1823.878537574174,1621.225366732599,True,334.9,334.9,334.9
56164,Faribault Energy Park,MN,MISO,44.3356,-93.290556,334.5,0.2023090673817044,70.71912773230389,6465.748821239212,6444.32024981064,6.104521245554839,5.783230653683533,5.140649469940917,3.155944686669264,3.3312749470397782,3.7476843154197508,22.33396327572915,21.158491524374988,18.807548021666655,1.0,1.0,1.0,2041.9623566380935,1934.4906536571416,1719.5472476952368,True,334.5,334.5,334.5
1572,Dickerson Power,MD,PJM,39.2097,-77.4644,326.0,0.1990403130087291,47.89898436402703,4379.33571328247,4357.9071418539,6.204773200622117,5.878206190063059,5.225072168944941,2.1544402811096997,2.274131407838016,2.5583978338177684,22.123894443468238,20.959478946443596,18.630647952394305,1.0,1.0,1.0,2022.75606340281,1916.2952179605572,1703.3735270760506,True,326.0,326.0,326.0
56610,Deer Creek Station,SD,SWPP,44.39624,-96.53332,324.0,0.2025995779522871,99.79516854479644,9124.129695524245,9102.701124095673,6.095767881070545,5.774937992593149,5.133278215638354,4.608895401528447,4.864945146057805,5.473063289315031,21.601877428543748,20.464936511251974,18.19105467666842,1.0,1.0,1.0,1975.0287934668565,1871.0799096001804,1663.1821418668267,True,324.0,324.0,324.0
55040,Mid-Georgia Cogeneration Facility,GA,SOCO,32.4856,-83.6039,323.0,0.2158696427628584,26.47853854089825,2420.8949523106967,2399.466380882125,5.721045276184099,5.419937630069147,4.817722337839242,1.2984844774132014,1.3706225039361568,1.5419503169281763,20.21138026476914,19.147623408728663,17.020109696647697,1.0,1.0,1.0,1847.8976242074639,1750.6398545123345,1556.1243151220751,True,323.0,323.0,323.0
7848,Holden,MO,AECI,38.7538,-93.9983,321.29999999999995,0.2128945772904952,88.24210392624182,8067.849501827823,8046.420930399251,5.800993222644836,5.4956777898740565,4.885046924332494,4.317075702526155,4.556913241555384,5.126527396749808,20.38595915164141,19.31301393313397,17.167123496119082,1.0,1.0,1.0,1863.8591224357856,1765.7612738865341,1569.56557678803,True,321.29999999999995,321.29999999999995,321.29999999999995
57028,Langley Gulch Power Plant,ID,IPCO,43.904444,-116.819722,318.5,0.2139176036153939,69.0139847695329,6309.850036071578,6288.421464643007,5.773250911226677,5.469395600109485,4.861684977875097,3.4198871233198065,3.609880852393128,4.06111595894227,20.11166079153106,19.053152328818904,16.93613540339458,1.0,1.0,1.0,1838.7804152256967,1742.002498634871,1548.4466654532184,True,318.5,318.5,318.5
3250,Darlington County,SC,CPLE,34.4185,-80.1657,316.0,0.2211662364294683,47.03963678975911,4300.766792206547,4279.338220777975,5.584034977209784,5.2901383994619025,4.702345243966135,2.4251656042080714,2.559897026664075,2.8798841549970846,19.29982088998132,18.284040843140204,16.252480749457956,1.0,1.0,1.0,1764.5550527982919,1671.6837342299611,1485.9410970932986,True,316.0,316.0,316.0
55238,NRG Rockford I,IL,PJM,42.238558,-89.101202,316.0,0.2001086589601057,38.34538838370032,3505.864080795457,3484.4355093668855,6.171646976287085,5.846823451219345,5.197176401083862,1.7866696997191114,1.8859291274812837,2.1216702684164446,21.33075486179224,20.208083553276865,17.9627409362461,1.0,1.0,1.0,1950.2404445067189,1847.596210585313,1642.3077427425003,True,316.0,316.0,316.0
7754,Nodaway,MO,AECI,40.2877,-94.7913,315.6,0.2134770277494024,92.54023176535216,8460.821189975053,8439.392618546482,5.785165799899316,5.4806833893783,4.8717185683362665,4.622302746308168,4.879097343325287,5.4889845112409485,19.969669195527455,18.918633974710225,16.816563533075755,1.0,1.0,1.0,1825.798326448224,1729.7036776877917,1537.5143801669258,True,315.6,315.6,315.6
55395,Crossroads Energy Center,MS,MISO,34.183,-90.5621,306.4,0.2128703286318188,92.86861165119252,8490.844493823315,8469.415922394744,5.801654030121125,5.496303818009489,4.885603393786211,4.764451091213963,5.029142818503626,5.65778567081658,19.44279306844342,18.419488170104298,16.372878373426044,1.0,1.0,1.0,1777.6267948291127,1684.0674898381071,1496.9488798560951,True,306.4,306.4,306.4
55051,Westlake Plaquemine,LA,MISO,30.2586,-91.185,306.0,0.2184912824402655,51.00208741223267,4663.047991975558,4641.6194205469865,5.6523994285110355,5.354904721747298,4.75991530821982,2.6835843978591547,2.8326724199624405,3.1867564724577457,18.917874337297874,17.92219674059799,15.930841547198211,1.0,1.0,1.0,1729.6342251243768,1638.6008448546731,1456.5340843152649,True,306.0,306.0,306.0
1016,Butler-Warner Generation Plant,NC,CPLE,35.0986,-78.8294,303.4,0.2129444919659779,28.351867603930337,2592.170752359345,2570.7421809307734,5.799633456578514,5.494389590442804,4.883901858171381,1.4609737087470573,1.54213891478856,1.7349062791371301,19.245721148564762,18.232788456535044,16.206923072475593,1.0,1.0,1.0,1759.608790725921,1666.9978017403466,1481.775823769197,True,303.4,303.4,303.4
55482,Goldendale Generating Station,WA,PSEI,45.8114,-120.833,302.8,0.2104538083169373,86.81877692899094,7937.716747793456,7916.288176364885,5.8682710941496765,5.559414720773379,4.941701974020781,4.455080502223065,4.702584974568789,5.290408096389888,19.434980329936963,18.412086628361337,16.366299225210074,1.0,1.0,1.0,1776.912487308522,1683.3907774501793,1496.3473577334923,True,302.8,302.8,302.8
1391,Louisiana 1,LA,MISO,30.4922,-91.1864,302.4,0.2161030238783872,18.3659916468995,1679.1763791450967,1657.7478077165254,5.714866816000691,5.414084352000655,4.812519424000582,0.9592472475936326,1.0125387613488341,1.1391061065174384,18.901921993922286,17.907083994242168,15.917407994881927,0.0,1.0,1.0,1728.1757251586087,1637.219108044998,1455.305873817776,True,290.07636767231446,302.4,302.4
55179,Rathdrum Power LLC,ID,AVA,47.7858,-116.9203,301.5,0.1717020874859873,38.58585280804055,3527.849399592278,3506.420828163707,7.192690654391659,6.814127988371046,6.057002656329819,1.6169081067001108,1.7067363348501166,1.9200783767063812,23.719021290771245,22.47065174915171,19.973912665912632,1.0,1.0,1.0,2168.596232299085,2054.4595884938703,1826.1863008834403,True,301.5,301.5,301.5
56078,Walnut Energy Center,CA,TIDC,37.4878,-120.8956,300.6,0.2451699702648508,92.61702748468628,8467.842512885602,8446.413941457029,5.03732165348742,4.77219946119861,4.241955076620986,5.578066686792788,5.887959280503496,6.623954190566433,16.56176909885661,15.690097041022058,13.94675292535294,1.0,1.0,1.0,1514.2188890383186,1434.5231580363022,1275.1316960322686,True,300.6,300.6,300.6
54844,Gordonsville Energy LP,VA,PJM,38.124688,-78.203543,300.4,0.1963289618840217,22.306202785041013,2039.424254632321,2017.9956832037494,6.290462640603972,5.959385659519554,5.297231697350714,1.067917533894967,1.1272462857780203,1.268152071500273,20.668101313534425,19.580306507558937,17.40471689560794,1.0,1.0,1.0,1889.654977237433,1790.1994521196739,1591.2884018841544,True,300.4,300.4,300.4
10496,Kern River Cogeneration,CA,CISO,35.4515,-118.9849,300.0,0.2556362283709113,33.137179146689554,3029.6849505544733,3008.2563791259017,4.831083637363387,4.576816077502158,4.068280957779695,2.0756256807894196,2.1909382186110533,2.4648054959374353,15.851993185098616,15.017677754303957,13.349046892714625,1.0,1.0,1.0,1449.3250912090161,1373.0448232506474,1220.4842873339085,True,300.0,300.0,300.0
50134,Sycamore Cogeneration,CA,CISO,35.452577,-118.985313,300.0,0.2556362283709113,33.42247003163657,3055.768688606772,3034.3401171782,4.831083637363387,4.576816077502158,4.068280957779695,2.0936228425100794,2.2099352226495275,2.486177125480719,15.851993185098616,15.017677754303957,13.349046892714625,1.0,1.0,1.0,1449.3250912090161,1373.0448232506474,1220.4842873339085,True,300.0,300.0,300.0
55127,Manchief Electric Generating Station,CO,PSCO,40.217143,-103.68504,300.0,0.2346404646405619,100.87586848655675,9222.936547342331,9201.507975913759,5.263371779849892,4.986352212489372,4.43231307776833,5.8273849038117165,6.151128509579033,6.920019573276413,17.27043865263246,16.361468197230753,14.543527286427334,1.0,1.0,1.0,1579.0115339549675,1495.9056637468116,1329.693923330499,True,300.0,300.0,300.0
7350,Coyote Springs,OR,PGE,45.847998,-119.67392,296.0,0.2076795981317282,74.93142506157027,6850.873148486424,6829.444577057852,5.946660197294185,5.6336780816471235,5.0077138503529985,3.8799001674862823,4.095450176791076,4.60738144888996,19.252312388739927,18.239032789332565,16.212473590517835,1.0,1.0,1.0,1760.2114183990789,1667.5687121675485,1482.2832997044875,True,296.0,296.0,296.0
8059,Comanche (OK),OK,SWPP,34.5431,-98.3244,290.0,0.2325578356536675,100.80150521082147,9216.137619275105,9194.709047846534,5.310506939182221,5.031006573962106,4.472005843521871,5.970408029128533,6.302097364080117,7.089859534590133,16.84426419771861,15.957723976786056,14.184643534920937,1.0,1.0,1.0,1540.047012362844,1458.9919064490107,1296.8816946213426,True,290.0,290.0,290.0
57978,Lodi Energy Center,CA,CISO,38.088056,-121.3875,288.9,0.2450034250186981,91.61694567362964,8376.406461588995,8354.977890160424,5.040745858576253,4.775443444966977,4.244838617748424,5.737239253302839,6.055974767375219,6.8129716132971225,15.927969296560558,15.089655123057373,13.413026776050996,1.0,1.0,1.0,1456.2714785426795,1379.6256112509595,1226.3338766675195,True,288.9,288.9,288.9
54832,Brandywine Power Facility,MD,PJM,38.6681,-76.8678,288.8,0.2069630549087636,16.608724892725267,1518.511990192024,1497.0834187634528,5.967248601661925,5.653182885784983,5.025051454031096,0.8687097182829411,0.9169713692986599,1.0315927904609925,18.84904652049961,17.85699144047332,15.872881280420726,0.0,0.0,1.0,1723.341396159964,1632.6392174147031,1451.2348599241805,True,250.8833666401134,264.82133145345296,288.8
7931,Coyote Springs II,OR,BPAT,45.848039,-119.673965,287.0,0.2076795981317282,74.90536316586865,6848.490346593704,6827.0617751651325,5.946660197294185,5.6336780816471235,5.0077138503529985,4.000173358029533,4.222405211253395,4.75020586266007,18.66693802556878,17.684467603170425,15.719526758373712,1.0,1.0,1.0,1706.691476623431,1616.8656094327243,1437.2138750513107,True,287.0,287.0,287.0
54574,Saranac Facility,NY,NYIS,44.7132,-73.4557,285.6,0.1806908241535854,25.04026939011178,2289.3960585245054,2267.967487095934,6.834879445512199,6.475148948379979,5.755687954115536,1.1618438471657093,1.226390727563804,1.3796895685092796,21.350454667918736,20.226746527501962,17.97933024666841,1.0,1.0,1.0,1952.041569638284,1849.302539657322,1643.8244796953973,True,285.6,285.6,285.6
54537,Ferndale Generating Station,WA,PSEI,48.828996,-122.685114,285.5,0.1527096539637647,22.63736260642287,2069.7017240158048,2048.2731525872337,8.08724247579687,7.661598134965458,6.8103094533026285,0.887117804136123,0.9364021265881296,1.053452392411646,25.253678262312576,23.924537301138233,21.266255378789538,0.0,0.0,1.0,2308.9077268400065,2187.386267532638,1944.3433489179004,True,253.2721330808631,267.342807140911,285.5
55285,Wolf Hills Energy,VA,PJM,36.6644,-82.1044,285.0,0.1943842544374988,19.31464465043829,1765.910368040072,1744.4817966115006,6.353395256080758,6.019006032076509,5.350227584068008,0.9634201105593152,1.0169434500348324,1.1440613812891867,19.80472427481424,18.762370365613496,16.677662547211995,0.0,1.0,1.0,1810.7176479830161,1715.416719141805,1524.8148614593822,True,274.57473150940484,285.0,285.0
6074,Greenwood (MO),MO,SWPP,38.8615,-94.2982,284.8,0.2130264412155152,58.960347883677855,5390.66037793626,5369.231806507689,5.797402392647453,5.492275950929168,4.882023067492593,3.251911544720593,3.4325732972050695,3.8616449593557034,18.05890845309682,17.10843958714436,15.207501855239432,1.0,1.0,1.0,1651.1002014259948,1564.200190824627,1390.4001696218907,True,284.8,284.8,284.8
1239,Riverton,KS,SWPP,37.072616,-94.698704,283.90000000000003,0.2135585807950291,73.85767495866372,6752.701710506397,6731.273139077825,5.782956579887267,5.478590444103727,4.869858172536646,4.0999814284985465,4.3277581745262435,4.868727946342024,17.956983767515574,17.011879358698966,15.121670541065749,1.0,1.0,1.0,1641.7813730299952,1555.3718270810482,1382.552735183154,True,283.90000000000003,283.90000000000003,283.90000000000003
55010,LSP-Cottage Grove LP,MN,MISO,44.7956,-92.9119,283.5,0.1933529776789312,53.120050802917255,4856.690359123862,4835.261787695291,6.387282031160424,6.051109292678298,5.378763815714042,2.6702433134346886,2.8185901641810593,3.170913934703692,19.805564360684162,18.76316623643763,16.67836998794456,1.0,1.0,1.0,1810.7944558339802,1715.4894844742973,1524.879541754931,True,283.5,283.5,283.5
55011,Whitewater Generating Station,WI,MISO,42.855463,-88.72992,283.5,0.1957992105658422,76.6918192432287,7011.823473666623,6990.394902238051,6.307482019110089,5.975509281262191,5.311563805566392,3.909242631940816,4.126422778159749,4.642225625429718,19.558121979568707,18.528747138538783,16.469997456478918,1.0,1.0,1.0,1788.1711524177101,1694.0568812378312,1505.8283388780721,True,283.5,283.5,283.5
1007,Noblesville,IN,MISO,40.0969,-85.9714,283.0,0.1981416799048377,77.72039539358578,7105.86472169927,7084.436150270699,6.232913744312344,5.904865652506433,5.248769468894606,4.016314730814145,4.239443326970484,4.769373742841796,19.292815824191806,18.27740446502382,16.246581746687838,1.0,1.0,1.0,1763.9145896403934,1671.0769796593206,1485.4017596971735,True,283.0,283.0,283.0
54817,Johnson County,TX,ERCO,32.3994,-97.4078,282.6,0.2331624881229251,79.06449422790374,7228.753757979769,7207.3251865511975,5.296735379444477,5.017959833157926,4.460408740584823,4.814971084599919,5.082469478188803,5.717778162962404,16.371878011901664,15.51020022180158,13.786844641601403,1.0,1.0,1.0,1496.8574182310092,1418.0754488504301,1260.511510089271,True,282.6,282.6,282.6
1913,Inver Hills,MN,MISO,44.781,-93.042,280.79999999999995,0.1933529776789312,37.720250378804245,3448.708606062102,3427.2800346335307,6.387282031160424,6.051109292678298,5.378763815714042,1.9108931105918998,2.017053838958116,2.2691855688278806,19.616939938201455,18.584469415138223,16.519528369011752,1.0,1.0,1.0,1793.548794349847,1699.1514893840658,1510.3568794525029,True,280.79999999999995,280.79999999999995,280.79999999999995
7699,Tiger Bay,FL,FPC,27.746369,-81.849446,278.1,0.2298330865487385,45.78658084442546,4186.201677204613,4164.773105776041,5.373464798063813,5.090650861323613,4.5250229878432116,2.786993458141155,2.9418264280378854,3.309554731542621,16.34456862873567,15.484328174591687,13.763847266303722,1.0,1.0,1.0,1494.3605603415465,1415.710004534097,1258.4088929191973,True,278.1,278.1,278.1
389,El Centro Hybrid,CA,IID,32.802222,-115.54,276.70000000000005,0.2661309663079097,96.29939960135314,8804.516534980858,8783.087963552287,4.640572335994611,4.396331686731738,3.9078503882059894,6.840164187547398,7.220173309077808,8.122694972712534,14.044257121231198,13.305085693797977,11.826742838931537,1.0,1.0,1.0,1284.0463653697093,1216.4649777186721,1081.3022024165975,True,276.70000000000005,276.70000000000005,276.70000000000005
7953,Evander Andrews Power Complex,ID,IPCO,43.179176,-115.734315,270.9,0.22091765750929,26.001432103587344,2377.2737923279856,2355.845220899414,5.590318193320812,5.2960909199881385,4.7076363733227895,1.5556117713949587,1.6420346475835672,1.8472889785315132,16.563938109366024,15.692151893083604,13.948579460518758,1.0,1.0,1.0,1514.4171985706078,1434.7110302247866,1275.2986935331435,True,270.9,270.9,270.9
55201,Gibson City Energy Center LLC,IL,MISO,40.4705,-88.3987,270.0,0.2037205282683211,112.29132629580684,10266.635547045196,10245.206975616624,6.062226573324886,5.743162016834105,5.105032903852536,6.259286181709123,6.6070243029151845,7.432902340779583,17.902512849350057,16.960275330963217,15.075800294189523,1.0,1.0,1.0,1636.8011747977193,1550.6537445452082,1378.3588840401849,True,270.0,270.0,270.0
55204,Kinmundy,IL,MISO,38.7619,-89.0128,270.0,0.2060249854902169,79.95337861730016,7310.023187867442,7288.594616438871,5.99441857530743,5.678922860817567,5.047931431837837,4.503321637714475,4.753506173143055,5.347694444785937,17.702267355204757,16.77056907335188,14.907172509646115,1.0,1.0,1.0,1618.493015333006,1533.309172420743,1362.941486596216,True,270.0,270.0,270.0
1464,Big Cajun 1,LA,MISO,30.6739,-91.3556,265.6,0.2111400343366533,44.127306818089295,4034.4966233681635,4013.0680519395924,5.849198631988702,5.54134607241035,4.925640953253644,2.583164620877798,2.72667376648212,3.067507987292385,16.991922025927185,16.09761034035207,14.308986969201838,1.0,1.0,1.0,1553.5471566561994,1471.781516832189,1308.2502371841679,True,265.6,265.6,265.6
50109,Paris Energy Center,TX,ERCO,33.6968,-95.5577,265.6,0.2135525546920577,64.63593378360424,5909.571088786673,5888.142517358102,5.783119765440723,5.478745040943844,4.869995591950083,3.833434579327674,4.0464031670680995,4.552203562951612,16.799962918605306,15.91575434394187,14.147337194614995,1.0,1.0,1.0,1535.9966097010563,1455.154682874685,1293.4708292219423,True,265.6,265.6,265.6
6063,Electrifarm,IA,MISO,42.4407,-92.4205,264.1,0.1975455371820343,79.56801005285894,7274.789490547102,7253.360919118531,6.251723109603695,5.922685051203502,5.264608934403112,4.393100635547644,4.637161781966957,5.216807004712828,18.058688301131802,17.10823102212487,15.207316464110994,1.0,1.0,1.0,1651.080073246336,1564.181122022845,1390.383219575862,True,264.1,264.1,264.1
3439,Laredo,TX,ERCO,27.5667,-99.5089,263.6,0.2376707412355808,26.766261869444076,2447.2010852063154,2425.772513777744,5.1962643511758975,4.922776753745588,4.375801558884967,1.770979067223847,1.869366793180727,2.103037642328318,14.981479657484012,14.192980728142754,12.615982869460222,1.0,1.0,1.0,1369.7352829699666,1297.6439522873372,1153.4612909220773,True,263.6,263.6,263.6
6373,Rokeby,NE,SWPP,40.7316,-96.7364,263.20000000000005,0.2170246445795969,69.57379428920359,6361.032620727185,6339.604049298613,5.690597961316075,5.391092805457336,4.792082493739853,4.232708353046297,4.467858817104422,5.026341169242476,16.381808881138657,15.519608413710312,13.795207478853607,1.0,1.0,1.0,1497.7653834183911,1418.9356263963712,1261.2761123523296,True,263.20000000000005,263.20000000000005,263.20000000000005
63259,Delta Energy Park,MI,MISO,42.690644,-84.657783,263.2,0.1863027533457738,38.21646887296299,3494.077154099473,3472.6485826709018,6.628994890418324,6.2801004225015715,5.582311486668063,1.9903399836145852,2.1009144271487283,2.3635287305423196,19.08321904079175,18.0788390912764,16.07007919224569,1.0,1.0,1.0,1744.7514551581028,1652.9224312024135,1469.2643832910342,True,263.2,263.2,263.2
6085,R M Schahfer,IN,MISO,41.2164,-87.0261,258.0,0.1964053266512,87.08495575709011,7962.053097791095,7940.624526362523,6.2880168326252175,5.957068578276523,5.295172069579132,4.894645682813175,5.166570442969461,5.8123917483406435,17.743997499564287,16.810102894324068,14.942313683843615,1.0,1.0,1.0,1622.308342817306,1536.923693195343,1366.154393951416,True,258.0,258.0,258.0
55232,Marshall Energy Facility,KY,TVA,37.0286,-88.3958,258.0,0.2049433210815006,45.2962697132924,4141.373230929591,4119.9446595010195,6.026056343201702,5.708895483033193,5.074573762696171,2.6499549357880023,2.7971746544428906,3.146821486248252,17.004777743472307,16.109789441184294,14.31981283660826,1.0,1.0,1.0,1554.7225365460392,1472.8950346225638,1309.2400307756122,True,258.0,258.0,258.0
6034,Belle River,MI,MISO,42.7756,-82.495,255.9,0.187320328914144,26.71344309415547,2442.371940037071,2420.9433686085,6.592984366187223,6.245985189019477,5.551986834683978,1.4349352308681433,1.514653854805262,1.7039855866559201,18.45314514867371,17.481926982954047,15.539490651514704,1.0,1.0,1.0,1687.1446993073105,1598.3476098700842,1420.75343099563,True,255.9,255.9,255.9
6035,Greenwood (MI),MI,MISO,43.1056,-82.6964,255.9,0.1847309493187786,73.87852447522502,6754.607952020572,6733.179380592001,6.685398437859148,6.333535362182352,5.629809210828757,3.9357055875203844,4.154355897938183,4.673650385180457,18.71180347146421,17.7269717098082,15.757308186496177,1.0,1.0,1.0,1710.7934602481562,1620.7516991824639,1440.6681770510788,True,255.9,255.9,255.9
2454,Cunningham,NM,SWPP,32.7131,-103.3533,253.8,0.2645971715350823,118.9218200542404,10872.852119244835,10851.423547816263,4.667472417921347,4.421815974872856,3.930503088775872,9.160376776260344,9.669286597163694,10.877947421809155,12.956611715123541,12.274684782748622,10.910830917998775,1.0,1.0,1.0,1184.604499668438,1122.256894422731,997.5616839313163,True,253.8,253.8,253.8
7988,Silver Creek,MS,MISO,31.6004,-89.9468,250.5,0.2024716792581189,22.787131633721483,2083.3948922259638,2061.9663207973927,6.09961849738784,5.778585944893744,5.13652083990555,1.34949464163344,1.4244665661686307,1.6025248869397097,16.712001617452465,15.832422584954971,14.073264519959974,1.0,1.0,1.0,1527.9544335956539,1447.535779195883,1286.6984703963403,True,250.5,250.5,250.5
8000,Beatrice,NE,SWPP,40.330184,-96.808153,247.1,0.2152761569288565,102.07193575328954,9332.291268872184,9310.862697443614,5.736817386646944,5.434879629455001,4.831004115071111,6.568196714922764,6.933096532418473,7.799733598970782,15.504645365130031,14.688611398544243,13.056543465372659,1.0,1.0,1.0,1417.5675762404599,1342.9587564383305,1193.7411168340716,True,247.1,247.1,247.1
3612,V H Braunig,TX,ERCO,29.2567,-98.3825,244.0,0.2225372505499426,73.52964256476606,6722.710177350039,6701.281605921467,5.549632688226445,5.25754675726716,4.673374895348585,4.948844440640697,5.223780242898512,5.876752773260827,14.810582236704327,14.031077908456734,12.47206925196154,1.0,1.0,1.0,1354.1103759272526,1282.841408773187,1140.303474465055,True,244.0,244.0,244.0
55064,Black Hawk Station,TX,SWPP,35.6957,-101.36,243.9,0.2509913571724321,82.48103500841412,7541.123200769291,7519.694629340719,4.920488155102288,4.661515094307432,4.143568972717717,6.265853167208556,6.613956120942364,7.440700636060158,13.12617098000959,12.43531987579856,11.0536176673765,1.0,1.0,1.0,1200.107061029448,1136.9435315015826,1010.6164724458513,True,243.9,243.9,243.9
7829,Smarr Energy Center,GA,SOCO,32.9842,-83.8464,242.0,0.2088394582115647,17.877765467422577,1634.5385570214926,1613.109985592921,5.913633422420029,5.602389558082134,4.979901829406341,1.1271824386083935,1.1898036851977485,1.338529145847467,15.652648464968015,14.828824861548648,13.18117765470991,1.0,1.0,1.0,1431.099288225647,1355.7782730558763,1205.1362427163344,True,242.0,242.0,242.0
55148,Worthington Generation LLC,IN,MISO,39.0708,-87.0128,242.0,0.1982900861397003,81.73427482357718,7472.847983869912,7451.419412441342,6.228248845128403,5.900446274332172,5.244841132739708,4.943763499702308,5.218417027463547,5.87071915589649,16.485396161949243,15.617743732372968,13.882438873220416,1.0,1.0,1.0,1507.2362205210734,1427.9079983883855,1269.2515541230093,True,242.0,242.0,242.0
56674,Winchester Power Park,TX,ERCO,30.02547,-96.9945,242.0,0.2187724902673532,83.00157793856106,7588.715697239867,7567.2871258112955,5.645133894534707,5.348021584296039,4.753796963818701,5.539245320981761,5.846981172147413,6.577853818665842,14.941963777096555,14.155544630933582,12.582706338607625,1.0,1.0,1.0,1366.1224024773992,1294.2212233996415,1150.4188652441255,True,242.0,242.0,242.0
7964,Peno Creek,MO,MISO,39.3531,-91.2295,240.0,0.2046705134009732,69.75032019608919,6377.172132213868,6355.743560785297,6.03408854298661,5.716504935461001,5.081337720409778,4.3887763077964115,4.6325972137850995,5.211671865508238,15.839482425339854,15.005825455585128,13.338511516075668,1.0,1.0,1.0,1448.1812503167864,1371.9611845106401,1219.5210528983466,True,240.0,240.0,240.0
120,Yucca,AZ,AZPS,32.7214,-114.7106,238.0,0.2714131532029755,64.69743985746005,5915.19450125349,5893.765929824918,4.550258472832409,4.3107711847885986,3.8317966087009765,5.4422671903311945,5.744615367571816,6.4626922885182925,11.844891587091865,11.221476240402822,9.97464554702473,1.0,1.0,1.0,1082.9615165341133,1025.9635419796864,911.9675928708324,True,238.0,238.0,238.0
3628,R W Miller,TX,ERCO,32.6581,-98.3103,237.6,0.2333971289629562,52.24159117180148,4776.374049993277,4754.945478564706,5.291410419174496,5.012915133954786,4.4559245635153655,3.782053405418531,3.992167483497338,4.491188418934505,13.751052826829724,13.027313204365004,11.579833959435557,1.0,1.0,1.0,1257.2391155958603,1191.0686358276573,1058.7276762912509,True,237.6,237.6,237.6
55228,Greenville Electric Generating Station,OH,PJM,40.075783,-84.615136,236.0,0.1963898757004566,96.09264189545364,8785.612973298617,8764.184401870047,6.2885115416218405,5.957537249957534,5.295588666628919,5.905431569680707,6.233511101329635,7.01269998899584,16.23222041681138,15.377893026452886,13.669238245735897,1.0,1.0,1.0,1484.0887238227544,1405.978790989978,1249.7589253244248,True,236.0,236.0,236.0
55229,Montpelier Electric Generating Station,IN,MISO,40.6206,-85.3057,236.0,0.1928460370661435,102.44861701916356,9366.730698894953,9345.302127466382,6.404072485951122,6.067016039322117,5.3929031460641035,6.18336814817708,6.526888600853584,7.342749675960282,16.530512104361335,15.660485151500216,13.92043124577797,1.0,1.0,1.0,1511.3611066844649,1431.8157852800196,1272.7251424711285,True,236.0,236.0,236.0
52169,Midway Sunset Cogen,CA,CISO,35.2269,-119.6294,234.0,0.2681974590992317,17.73842119840461,1621.7985095684212,1600.3699381398496,4.604816183374266,4.362457436880884,3.877739943894119,1.4852249248344314,1.5677374206585661,1.7637045982408872,11.785451419323513,11.165164502517014,9.924590668904012,1.0,1.0,1.0,1077.5269869095782,1020.8150402301269,907.3911468712238,True,234.0,234.0,234.0
55075,Pine Bluff Energy Center,AR,MISO,34.2181,-91.9025,230.4,0.2121156148253521,74.96374181224027,6853.827822833396,6832.399251404824,5.822296491547083,5.515859834097237,4.902986519197544,5.093267009474844,5.376226287779,6.048254573751375,14.67218715869865,13.89996678192504,12.355526028377813,1.0,1.0,1.0,1341.4571116524478,1270.8541057760035,1129.6480940231143,True,230.4,230.4,230.4
52176,C R Wing Cogen Plant,TX,ERCO,32.273178,-101.422386,230.0,0.2555102086463782,90.18145645838467,8245.161733338025,8223.733161909455,4.83346636732319,4.57907340062197,4.070287467219528,7.397457405568119,7.808427261433013,8.784480669112142,12.159188830297403,11.519231523439647,10.239316909724128,1.0,1.0,1.0,1111.6972644843338,1053.1868821430533,936.1661174604915,True,230.0,230.0,230.0
3609,Leon Creek,TX,ERCO,29.3525,-98.5761,229.6,0.2225372505499426,35.85526112239667,3278.1953026191236,3256.766731190552,5.549632688226445,5.25754675726716,4.673374895348585,2.555939264348734,2.697935890145885,3.035177876414121,13.93651508830866,13.203014294187156,11.736012705944137,1.0,1.0,1.0,1274.1956652167917,1207.1327354685397,1073.0068759720352,True,229.6,229.6,229.6
55453,Fountain Valley Power Facility,CO,PSCO,38.5569,-104.6875,228.0,0.255200969787515,86.4400107114608,7903.086693619272,7881.658122190701,4.839323302839654,4.58462207637441,4.07521962344392,7.143287152200836,7.540136438434215,8.482653493238491,12.06806248645639,11.432901302958687,10.162578935963277,1.0,1.0,1.0,1103.3657130474412,1045.2938334133655,929.1500741452138,True,228.0,228.0,228.0
56505,Jonesboro City Water & Light Plant,AR,MISO,35.848561,-90.725377,224.3,0.2118372279111978,49.93146473681032,4565.162490222657,4543.733918794086,5.829947890546,5.523108527885686,4.909429802565054,3.474713044174942,3.6677526577402153,4.126221739957743,14.302501848353558,13.549738593177059,12.04421208282405,1.0,1.0,1.0,1307.657311849468,1238.8332428047595,1101.1851047153416,True,224.3,224.3,224.3
7315,Almond Power Plant,CA,TIDC,37.5744,-120.985,223.5,0.2451699702648508,78.7976204159192,7204.353866598326,7182.9252951697545,5.03732165348742,4.77219946119861,4.241955076620986,6.380050832926351,6.734498101422257,7.57631036410004,12.313890198251672,11.665790714133166,10.369591745896146,1.0,1.0,1.0,1125.8413895544384,1066.5865795778893,948.0769596247903,True,223.5,223.5,223.5
54041,Lockport Energy Associates LP,NY,NYIS,43.161947,-78.744971,221.3,0.1769543927695175,61.69893188400357,5641.045200823183,5619.616629394612,6.97919944608882,6.611873159452567,5.8772205861800595,3.638477265375216,3.8406148912293943,4.320691752633069,16.892934159275303,16.00383236141871,14.225628765705519,1.0,1.0,1.0,1544.496837419456,1463.207530186853,1300.6289157216472,True,221.3,221.3,221.3
55216,Morris Cogeneration LLC,IL,PJM,41.411944,-88.332778,218.8,0.1994601846955107,64.61438928315758,5907.601305888692,5886.17273446012,6.191711904234471,5.865832330327396,5.21407318251324,4.344851567123933,4.586232209741928,5.15951123595967,14.817540550821121,14.03766999551475,12.477928884902,1.0,1.0,1.0,1354.7465646465023,1283.4441138756342,1140.839212333897,True,218.8,218.8,218.8
55622,West Valley Generation Project,UT,PACE,40.6667,-112.0317,217.0,0.2249974041765952,22.59253614581609,2065.6033047603282,2044.1747333317567,5.488952214891676,5.200059993055273,4.622275549382465,1.7162036929160207,1.811548342522466,2.0379918853377745,13.027685022531966,12.342017389767127,10.970682124237445,1.0,1.0,1.0,1191.1026306314939,1128.4130184929943,1003.0337942159949,True,217.0,217.0,217.0
56238,Groton Generation Station,SD,SWPP,45.3735,-98.098689,216.4,0.2045656532081656,104.29414672678058,9535.464843591366,9514.036272162795,6.037181612023923,5.719435211391086,5.083942410125409,7.282379476681969,7.686956114275411,8.647825628559838,14.289254227959123,13.537188215961278,12.03305619196558,1.0,1.0,1.0,1306.4461008419769,1237.685779745031,1100.1651375511385,True,216.4,216.4,216.4
1248,Hutchinson Energy Center,KS,SWPP,38.0906,-97.874722,213.6,0.231637643996281,78.91333523283437,7214.933507001999,7193.504935573427,5.331603182856703,5.050992489022142,4.489771101353014,6.316572409558327,6.667493098978231,7.500929736350511,12.455957935948975,11.800381202477979,10.48922773553598,1.0,1.0,1.0,1138.8304398581918,1078.8919956551294,959.0151072490038,True,213.6,213.6,213.6
10682,Brush Generation Facility,CO,PSCO,40.2415,-103.631,211.6,0.2346404646405619,102.32386741173848,9355.325020501803,9333.89644907323,5.263371779849892,4.986352212489372,4.43231307776833,8.380757367110176,8.846354998616295,9.952149373443334,12.181416062990094,11.540288901780091,10.25803457936008,1.0,1.0,1.0,1113.729468616237,1055.112128162751,937.8774472557786,True,211.6,211.6,211.6
7887,Terry Bundy Generating Station,NE,SWPP,40.909653,-96.613086,209.7,0.2157048370184957,88.65318689444196,8105.434230348978,8084.005658920407,5.725416347034,5.424078644558527,4.821403239607579,6.733193643180342,7.10725995669036,7.995667451276656,13.131779149705014,12.44063287866791,11.058340336593696,1.0,1.0,1.0,1200.6198079730298,1137.4292917639232,1011.0482593457093,True,209.7,209.7,209.7
3548,Decker Creek,TX,ERCO,30.3033,-97.6128,206.0,0.2187031560897518,47.55566232465109,4347.946269682385,4326.517698253813,5.646923538191549,5.3497170361814685,4.755304032161305,3.7192841298937838,3.9259110259989933,4.416649904248867,12.723224596987835,12.053581197146373,10.714294397463442,1.0,1.0,1.0,1163.2662488674591,1102.0417094533825,979.5926306252289,True,206.0,206.0,206.0
56908,Dave Gates Generating Station,MT,NWMT,46.104713,-112.876605,203.1,0.1951770627471817,49.450188396187166,4521.1600819371115,4499.73151050854,6.327587794472191,5.994556857921025,5.328494984818688,3.5013739641707224,3.695894739957984,4.157881582452733,14.056143074064241,13.316346070166128,11.83675206236989,1.0,1.0,1.0,1285.133081057302,1217.4944978437602,1082.2173314166755,True,203.1,203.1,203.1
10436,ExxonMobil Baytown Refinery,TX,ERCO,29.753517,-94.997277,201.8,0.2097510369697424,18.608541022895864,1701.352322093336,1679.9237506647644,5.88793275037851,5.578041552990168,4.958259158213482,1.4138572633024775,1.4924048890415038,1.6789555001716918,12.99577156747607,12.311783590240488,10.943807635769323,1.0,1.0,1.0,1188.1848290263833,1125.648785393416,1000.5766981274808,True,201.8,201.8,201.8
57483,Mariposa Energy Project,CA,CISO,37.789167,-121.601944,199.6,0.2476387539073549,56.80381288735488,5193.491463986731,5172.06289255816,4.987103110937275,4.724623999835314,4.19966577763139,5.1958297560447715,5.484486964713924,6.170047835303165,10.887469479064938,10.31444476964047,9.16839535079153,1.0,1.0,1.0,995.42578094308,943.0349503671287,838.2532892152254,True,199.6,199.6,199.6
2161,James River Power Station,MO,SWPP,37.108611,-93.261944,197.5,0.2074290042771961,38.525736701955495,3522.3530698930736,3500.924498464502,5.95384432521123,5.640484097568534,5.013763642283141,2.977269646968211,3.1426735162442228,3.5355077057747506,12.861234030632072,12.18432697638828,10.830512867900694,1.0,1.0,1.0,1175.884254229218,1113.9956092697855,990.2183193509204,True,197.5,197.5,197.5
56143,Riverside Energy Resource Center,CA,CISO,33.9636,-117.4528,196.0,0.2533803116558033,10.776767618589185,985.3044679852968,963.8758965567254,4.8740961439721,4.617564767973569,4.1045020159765055,1.0089530491079068,1.0650059962805682,1.1981317458156393,10.44884360864019,9.89890447134334,8.799026196749635,1.0,1.0,1.0,955.3228442185316,905.0426945228195,804.482395131395,True,196.0,196.0,196.0
4014,Wheaton,WI,MISO,44.885416,-91.515833,194.0,0.1937225056804332,54.77723987759729,5008.204788808895,4986.776217380323,6.3750982141293875,6.039566729175211,5.368503759266853,4.0320997708523265,4.256105313677455,4.788118477887137,13.527161523105795,12.81520565346865,11.391293914194357,1.0,1.0,1.0,1236.7690535411011,1171.6759454599908,1041.4897292977696,True,194.0,194.0,194.0
7551,SCA Cogen 2,CA,BANC,38.530943,-121.400128,193.4,0.2419981790081636,22.789216585377613,2083.5855163773813,2062.15694494881,5.103344186562405,4.834747124111753,4.297552999210447,2.089346095259557,2.205420878329532,2.481098488120723,10.79516774963779,10.227001025972644,9.090667578642352,1.0,1.0,1.0,986.9867656811692,935.040093803213,831.1467500473005,True,193.4,193.4,193.4
55029,De Pere Energy Center,WI,MISO,44.44861,-88.07204,192.3,0.1936295055122684,44.84870009111,4100.4525797586275,4079.0240083300564,6.37816017105797,6.042467530475973,5.371082249311975,3.3256884031387353,3.510448869979775,3.949254978727248,13.415064697283023,12.70900866058392,11.296896587185705,1.0,1.0,1.0,1226.5202008944477,1161.9665061105297,1032.8591165426928,True,192.3,192.3,192.3
57842,Wabash Valley Power IGCC,IN,MISO,39.53,-87.4247,192.0,0.2009118660198251,46.513533988529176,4252.665964665524,4231.237393236953,6.146973916802581,5.823448973812973,5.176399087833754,3.585129049629288,3.784302885719803,4.257340746434779,12.908645225285424,12.229242845007246,10.870438084450884,1.0,1.0,1.0,1180.2189920260957,1118.102202972091,993.8686248640806,True,192.0,192.0,192.0
2039,Elk River,MN,MISO,45.296797,-93.558447,191.3,0.196929237809088,45.78866579608159,4186.392301356031,4164.963729927459,6.2712881730505865,5.941220374468978,5.281084777305757,3.471678470287933,3.66454949641504,4.12261818346692,13.121690613331316,12.431075317892827,11.049844727015845,1.0,1.0,1.0,1199.6974275045773,1136.5554576359154,1010.2715178985915,True,191.3,191.3,191.3
3631,Sam Rayburn,TX,ERCO,28.8947,-97.135,189.6,0.2196322710905252,93.36587262117936,8536.308353936398,8514.879782507827,5.623035239165621,5.327086016051642,4.735187569823681,7.986736981734364,8.430444591830716,9.484250165809556,11.660769327219707,11.047044625787093,9.81959522292186,1.0,1.0,1.0,1066.1274813458017,1010.0155086433913,897.79156323857,True,189.6,189.6,189.6
1068,Marshalltown,IA,MISO,42.0474,-92.859444,189.0,0.2013225697851722,83.03771710060063,7592.019849197771,7570.591277769199,6.1344339152726235,5.811568972363539,5.165839086545367,6.529704135696958,6.8924654765690105,7.754023661140139,12.68102510922763,12.013602735057757,10.678757986718002,1.0,1.0,1.0,1159.408009986526,1098.386535776709,976.3435873570744,True,189.0,189.0,189.0
7760,Tilton,IL,MISO,40.106125,-87.653818,188.0,0.1997720335468564,57.23678784794438,5233.077746097771,5211.6491746692,6.182046496064382,5.856675627850469,5.205933891422639,4.484200851737712,4.733323121278696,5.324988511438532,12.711833107532389,12.042789259767527,10.704701564237803,1.0,1.0,1.0,1162.2247412601039,1101.055018035888,978.7155715874561,True,188.0,188.0,188.0
4076,West Marinette,WI,MISO,45.0869,-87.6881,187.1,0.1941842089788229,14.489024042327236,1324.7107695842042,1303.2821981556328,6.359940422007667,6.0252067155862115,5.355739302743299,1.0952458804425231,1.1560928738004406,1.300604483025496,13.015021829224127,12.330020680317597,10.96001838250453,1.0,1.0,1.0,1189.9448529576343,1127.3161764861802,1002.0588235432712,True,187.1,187.1,187.1
7975,Pyramid,NM,PNM,32.2363,-108.5494,186.0,0.2778144029539559,107.03342571099168,9785.913207862095,9764.484636433524,4.44541386936186,4.211444718342816,3.7435064163047245,11.809300724495472,12.465372986967438,14.02354461033837,9.043638840483036,8.567657848878667,7.615695865669926,1.0,1.0,1.0,826.8469797013059,783.3287176117638,696.2921934326788,True,186.0,186.0,186.0
201,Thomas Fitzhugh,AR,SWPP,35.462382,-93.804926,185.0,0.2060485383323936,60.542826190679925,5535.344108862164,5513.915537433592,5.993733369793293,5.678273718751542,5.047354416668036,4.972685138314767,5.248945423776697,5.905063601748785,12.127944865441117,11.489631977786322,10.21300620247673,1.0,1.0,1.0,1108.840673411759,1050.4806379690351,933.7605670835867,True,185.0,185.0,185.0
118,Saguaro,AZ,AZPS,32.5517,-111.3,184.5,0.26543140834077,94.88302244295603,8675.01919478455,8653.59062335598,4.6528028002415756,4.407918442334125,3.918149726519222,10.08057556306841,10.640607538794429,11.970683481143734,9.389210650799994,8.895041669178942,7.906703705936837,1.0,1.0,1.0,858.4421166445707,813.2609526106461,722.8986245427965,True,184.5,184.5,184.5
52193,Delaware City Plant,DE,PJM,39.5871,-75.6343,184.0,0.2047790232855896,16.47077059147805,1505.8990255065644,1484.470454077993,6.030891153717635,5.71347582983776,5.0786451820780085,1.3377416373983768,1.412060617253842,1.5885681944105725,12.137168446856741,11.498370107548494,10.220773428931993,1.0,1.0,1.0,1109.6839722840448,1051.279552690148,934.4707135023535,True,184.0,184.0,184.0
7307,Redding Power,CA,BANC,40.507292,-122.423281,183.1,0.2196228580909768,38.37666265854225,3508.7234430667195,3487.2948716381484,5.623276241530434,5.327314334081465,4.7353905191835235,3.386966555366424,3.5751313639978908,4.0220227844976275,11.261489310577433,10.668779346862836,9.48335941943363,1.0,1.0,1.0,1029.6218798242223,975.4312545703162,867.0500040625031,True,183.1,183.1,183.1
7763,Henry County,IN,MISO,39.9528,-85.5039,181.5,0.1962731585479956,100.13675312445896,9155.360285664818,9133.931714236247,6.292251111340828,5.9610800002176285,5.298737777971224,7.997883706471514,8.442210579053263,9.497486901434923,12.491101620247694,11.833675219182028,10.518822417050691,1.0,1.0,1.0,1142.0435767083604,1081.9360200394997,961.7209067017773,True,181.5,181.5,181.5
56013,Exira,IA,SWPP,41.514365,-94.919729,181.5,0.2099287322840635,83.95092592598522,7675.513227518647,7654.084656090076,5.882948877759471,5.573319989456342,4.954062212850082,7.168388880997946,7.566632707720053,8.51246179618506,11.678572733114702,11.063911010319194,9.834587564728173,1.0,1.0,1.0,1067.755221313344,1011.5575780863261,899.1622916322899,True,181.5,181.5,181.5
57881,Pioneer Generation Station,ND,SWPP,48.2325,-103.95278,181.5,0.1996852328600105,107.54284889897258,9832.489042191777,9811.060470763206,6.184733754777939,5.859221451894891,5.208196846128792,8.740138498156368,9.225701748053943,10.378914466560685,12.277662867883397,11.631470085363219,10.33908452032286,1.0,1.0,1.0,1122.529176492196,1063.4486935189227,945.2877275723757,True,181.5,181.5,181.5
3648,Gadsby,UT,PACE,40.7686,-111.9289,181.2,0.2249974041765952,9.799620275749962,895.9652823542822,874.5367109257107,5.488952214891676,5.200059993055273,4.622275549382465,0.8792864922800867,0.9281357418512024,1.0441527095826029,10.878417170888442,10.30586889873642,9.160772354432373,0.0,0.0,1.0,994.5981413383716,942.2508707416155,837.5563295481026,True,159.3267124011517,168.17819642343787,181.2
7145,Pleasant Hill,IA,MISO,41.5572,-93.5242,179.8,0.2029606916724947,45.33692627058692,4145.090401882232,4123.6618304536605,6.084922108921683,5.7646630505573855,5.124144933828786,3.7691058320866664,3.978500600535924,4.475813175602916,11.9663796348263,11.336570180361761,10.076951271432673,1.0,1.0,1.0,1094.0689951841186,1036.486416490218,921.3212591024158,True,179.8,179.8,179.8
2790,R M Heskett,ND,MISO,46.8669,-100.8836,176.4,0.2027384069849266,59.64768694631512,5453.502806520239,5432.074235091667,6.091593686497798,5.770983492471599,5.129763104419199,5.055174920113233,5.336017971230635,6.003020217634463,11.752968568886692,11.134391275787392,9.897236689588794,1.0,1.0,1.0,1074.5571262982116,1018.00148807199,904.8902116195468,True,176.4,176.4,176.4
6137,A B Brown,IN,MISO,37.9053,-87.715,176.4,0.2009492234283328,69.3142178080155,6337.299913875702,6315.871342447131,6.145831165356329,5.822366367179681,5.175436770826383,5.82577984126072,6.149434276886314,6.918113561497104,11.857613004659369,11.233528109677298,9.985358319713153,1.0,1.0,1.0,1084.1246175688564,1027.0654271704957,912.9470463737739,True,176.4,176.4,176.4
7552,SPA Cogen 3,CA,BANC,38.511,-121.4735,173.9,0.2419981790081636,28.721251539007895,2625.9429978521503,2604.5144264235787,5.103344186562405,4.834747124111753,4.297552999210447,2.9347582066802675,3.097800329273616,3.4850253704328176,9.706720122347527,9.195840115908183,8.174080103029498,1.0,1.0,1.0,887.4715540432023,840.7625248830338,747.3444665626968,True,173.9,173.9,173.9
2964,Southwestern,OK,SWPP,35.1009,-98.3524,173.0,0.2356915484518959,94.42294311083684,8632.954798705081,8611.52622727651,5.239899385921598,4.964115207715199,4.412546851302399,9.499725964947762,10.027488518555968,11.280924583375466,9.914872119298526,9.393036744598605,8.34936599519876,1.0,1.0,1.0,906.5025937644365,858.7919309347295,763.370605275315,True,173.0,173.0,173.0
4940,Riverside (OK),OK,SWPP,35.9978,-95.9567,173.0,0.2212583357255397,35.39274934667867,3235.908511696335,3214.4799402677636,5.581710609682782,5.2879363670679,4.700387881838132,3.328873566295091,3.513810986644818,3.9530373599754207,10.56164304425914,10.005767094561293,8.894015195165593,1.0,1.0,1.0,965.6359354751213,914.8129915027466,813.1671035579969,True,173.0,173.0,173.0
7818,Alsey,IL,MISO,39.569771,-90.43602,173.0,0.2062278755202494,80.60075610652827,7369.211986882583,7347.783415454011,5.9885211777722835,5.6733358526263755,5.042965202334555,7.092358070496843,7.486377963302221,8.422175208715,11.331404916065994,10.73501518364147,9.542235718792417,1.0,1.0,1.0,1036.014163754605,981.487102504363,872.432980003878,True,173.0,173.0,173.0
56604,Hardin County Peaking Facility,TX,MISO,30.3038,-94.2526,173.0,0.1997719917725208,10.302788608762478,941.9692442297122,920.5406728011408,6.182047788792571,5.856676852540332,5.20593498003585,0.8607252051817195,0.9085432721362592,1.0221111811532917,11.697593550355943,11.081930731916161,9.850605095036586,0.0,0.0,1.0,1069.4942674611148,1013.2050954894775,900.6267515462021,True,148.90546049643746,157.17798607957283,173.0
55733,Bennett Mountain,ID,IPCO,43.147153,-115.666637,172.8,0.22091765750929,33.59308857549647,3071.3680983311056,3049.9395269025345,5.590318193320812,5.2960909199881385,4.7076363733227895,3.157264469130961,3.3326680507493465,3.7492515570930154,10.565701385376336,10.009611838777584,8.897432745580073,1.0,1.0,1.0,966.0069838058363,915.1645109739504,813.479565310178,True,172.8,172.8,172.8
55102,Livingston Generating Station,MI,MISO,45.030397,-84.730795,170.1,0.1810646362954983,32.89845218206276,3007.8584852171666,2986.429913788595,6.8207686783435415,6.461780853167567,5.743805202815614,2.57403644991933,2.7170384749148475,3.056668284279204,12.689826977036963,12.021941346666598,10.686170085925864,1.0,1.0,1.0,1160.2127521862365,1099.1489231238031,977.021264998936,True,170.1,170.1,170.1
56603,San Jacinto County Peaking Facility,TX,MISO,30.4193,-95.0118,170.0,0.201915708511462,22.9810321377415,2101.122938307794,2079.694366879223,6.116413671350852,5.794497162332387,5.1506641442954555,2.0001093668764693,2.1112265539251616,2.375129873165807,11.372706670167993,10.774143161211784,9.577016143299364,1.0,1.0,1.0,1039.790324129645,985.0645175965059,875.6129045302274,True,170.0,170.0,170.0
7991,West Campus Cogeneration Facility,WI,MISO,43.075071,-89.4251,169.3,0.2013020093287148,18.791669276692545,1718.0954767261753,1696.666905297604,6.135060470177994,5.812162550694943,5.166366711728837,1.6335061838240335,1.7242565273698127,1.93978859329104,11.36040650501241,10.762490373169653,9.566658109484134,1.0,1.0,1.0,1038.6657376011344,983.9991198326538,874.6658842956921,True,169.3,169.3,169.3
2038,Cambridge CT Hybrid,MN,MISO,45.601,-93.2081,169.2,0.1980550114530083,51.83224566331478,4738.9481749316365,4717.519603503065,6.235641254111983,5.907449609158722,5.251066319252197,4.471283769783937,4.71968842366082,5.309649476618423,11.539833595890988,10.932473932949362,9.717754607066098,1.0,1.0,1.0,1055.0705001957474,999.5404738696558,888.4804212174716,True,169.2,169.2,169.2
6120,Whitehorn,WA,PSEI,48.885636,-122.75164,169.2,0.1570538662377537,16.9610817226111,1550.7274717815862,1529.298900353015,7.863544079395112,7.449673338374318,6.6219318563327265,1.1494066142819568,1.213262537297621,1.3649203544598234,14.552471261930581,13.786551721828973,12.254712641625755,1.0,1.0,1.0,1330.511658233653,1260.4847288529345,1120.4308700914974,True,169.2,169.2,169.2
7336,Anderson,IN,PJM,40.0529,-85.7389,168.7,0.1986244724263937,77.3277294983481,7069.963839848969,7048.535268420397,6.217763525880057,5.890512813991634,5.236011390214786,6.719695499851596,7.093011916510017,7.979638406073769,11.472745230799626,10.868916534441752,9.661259141726003,1.0,1.0,1.0,1048.9367068159656,993.7295117203886,883.3151215292344,True,168.7,168.7,168.7
55936,NRG Rockford II Energy Center,IL,PJM,42.2383,-89.1011,168.0,0.2001086589601057,38.37179777134462,3508.278653380079,3486.8500819515075,6.171646976287085,5.846823451219345,5.197176401083862,3.3629694134097305,3.549801047488048,3.9935261784240543,11.340401318927519,10.743538091615548,9.549811636991597,1.0,1.0,1.0,1036.8366920162302,982.26633980485,873.1256353820888,True,168.0,168.0,168.0
7456,Rathdrum,ID,AVA,47.80427,-116.867312,166.4,0.1661090942742792,37.95689239177491,3470.344447247991,3448.91587581942,7.434872879149945,7.043563780247318,6.26094558244206,2.7877622448251436,2.942637925093206,3.3104676657298575,13.531468640052903,12.819286080050123,11.394920960044551,1.0,1.0,1.0,1237.162847090551,1172.0490130331539,1041.8213449183588,True,166.4,166.4,166.4
56298,Roseville Energy Park,CA,BANC,38.7928,-121.3811,165.0,0.2439867653915137,79.04016979191556,7226.529809546564,7205.1012381179935,5.061749960159746,4.795342067519761,4.262526282239787,8.626913730373206,9.106186715393937,10.24446005481818,9.134876881225793,8.65409388747707,7.692527899979617,1.0,1.0,1.0,835.1887434263581,791.2314411407606,703.3168365695649,True,165.0,165.0,165.0
55447,Columbia Energy Center,MO,MISO,39.0192,-92.2629,162.8,0.2095093846711137,47.66651225436863,4358.081120399417,4336.652548970846,5.894724009326331,5.584475377256525,4.9639781131169105,4.5189418330397135,4.769994157097474,5.36624342673466,10.4962929391067,9.943856468627402,8.8389835276688,1.0,1.0,1.0,959.6610687183268,909.1525914173624,808.135636815433,True,162.8,162.8,162.8
7268,491 E 48th Street,MI,MISO,42.7553,-86.0853,161.7,0.1849141680993638,46.69353481484166,4269.123183071237,4247.694611642666,6.67877433456787,6.327259895906405,5.624231018583471,3.9332042165957057,4.151715561962132,4.670680007207399,11.812038545777144,11.190352306525718,9.94697982802286,1.0,1.0,1.0,1079.9578098996244,1023.1179251680655,909.4381557049471,True,161.7,161.7,161.7
55802,Valencia Energy Facility,NM,PNM,34.611549,-106.732234,159.5,0.2682407128987297,100.2111164001942,9162.15921373204,9140.730642303468,4.604073657030042,4.361753990870567,3.8771146585516143,12.447380370879372,13.138901502594887,14.781264190419252,8.03195037199069,7.609216141885921,6.763747681676372,1.0,1.0,1.0,734.3497482962916,695.6997615438555,618.3997880389825,True,159.5,159.5,159.5
2831,Dick's Creek,OH,PJM,39.465,-84.3778,159.1,0.1951709866176401,39.88755762535055,3646.8624114606214,3625.4338400320503,6.327784787087699,5.994743482504137,5.32866087333701,3.601124236156492,3.8011866937207412,4.276335030435835,11.01133424590558,10.43179033822634,9.272702522867856,1.0,1.0,1.0,1006.750559625653,953.7636880664081,847.7899449479182,True,159.1,159.1,159.1
8029,Sycamore (IA),IA,MISO,41.6722,-93.6769,157.6,0.2043166187775695,22.649177332474267,2070.781927540504,2049.3533561119325,6.044540123016082,5.726406432331027,5.090139050960913,2.151282128697951,2.2707978025145032,2.5546475278288163,10.419276037048974,9.87089308773061,8.774127189093873,1.0,1.0,1.0,952.6195233873345,902.4816537353698,802.2059144314397,True,157.6,157.6,157.6
54365,Orange Cogeneration Facility,FL,FPC,27.87082,-81.825061,157.2,0.2298330865487385,47.254734302283104,4320.432850494455,4299.004279065884,5.373464798063813,5.090650861323613,4.5250229878432116,5.089333696695957,5.372074457623509,6.043583764826447,9.239001037170969,8.752737824688287,7.780211399722923,1.0,1.0,1.0,844.7086662556313,800.2503154000719,711.3336136889528,True,157.2,157.2,157.2
52132,Power Station 4,TX,ERCO,29.378164,-94.92195,156.4,0.2179778243768152,9.833674486133406,899.0788101607684,877.650238732197,5.665713948337574,5.36751847737244,4.771127535442168,0.9904443584012589,1.0454690449791064,1.1761526756014948,9.691911922874965,9.181811295355232,8.161610040315761,0.0,1.0,1.0,886.1176615199967,839.4798898610496,746.2043465431551,True,154.9054976539569,156.4,156.4
7825,Fulton (AR),AR,SWPP,33.6094,-93.7924,154.8,0.2053825597635131,42.01768323402923,3841.6167528255287,3820.1881813969576,6.0131687978864194,5.69668622957661,5.063721092956985,4.104028849938943,4.332030452713327,4.8735342593024935,10.181046420921446,9.6452018724519,8.573512775512798,1.0,1.0,1.0,930.8385299128178,881.8470283384593,783.8640251897414,True,154.8,154.8,154.8
55504,Limon Generating Station,CO,WACM,39.2038,-103.7005,154.2,0.2472772549683919,98.31103045757514,8988.43707040687,8967.008498978297,4.994393844099665,4.731531010199684,4.205805342399719,11.643416179133226,12.290272633529511,13.8265567127207,8.423357367689341,7.9800227693899055,7.093353572791027,1.0,1.0,1.0,770.1355307601683,729.6020817727913,648.5351837980367,True,154.2,154.2,154.2
55505,Frank Knutson,CO,PSCO,39.941129,-104.682015,154.2,0.239592543798957,86.75483841153631,7931.870940483319,7910.442369054747,5.154584447487202,4.883290529198402,4.340702692620802,9.952283483655355,10.505188121636207,11.818336636840733,8.693528832215135,8.23597468315118,7.320866385023272,1.0,1.0,1.0,794.8369218025265,753.0033996023935,669.3363552021276,True,154.2,154.2,154.2
56233,EG178 Facility,TX,ERCO,32.747058,-100.954661,153.9,0.253468353119516,104.61592426570986,9564.884504293472,9543.455932864901,4.872403141459123,4.615960870856012,4.103076329649788,12.726935353531214,13.43398731761628,15.113235732318318,8.20162485045924,7.769960384645597,6.906631453018308,1.0,1.0,1.0,749.862843470559,710.3963780247402,631.4634471331024,True,153.9,153.9,153.9
55039,Rio Bravo,NM,PNM,35.026,-106.644,150.0,0.2659005185161548,54.17399386509057,4953.0508676654235,4931.622296236852,4.644594177145116,4.400141852032217,3.9112372018064145,7.078655469339862,7.471914106525406,8.405903369841083,7.620037321878707,7.218982725990356,6.41687353421365,1.0,1.0,1.0,696.6891265717674,660.0212778048325,586.6855802709622,True,150.0,150.0,150.0
55541,Indigo Energy Facility,CA,CISO,33.910873,-116.552994,149.7,0.2787518969663846,54.96210559110741,5025.106796901248,5003.678225472677,4.430463123086591,4.197280853450455,3.7309163141781823,7.54429126625668,7.963418558826494,8.958845878679806,7.254191104191311,6.872391572391769,6.108792508792684,1.0,1.0,1.0,663.2403295260626,628.3329437615331,558.5181722324738,True,149.7,149.7,149.7
59093,Holland Energy Park,MI,MISO,42.7925,-86.092222,149.4,0.1849141680993638,41.390460277477025,3784.270653940756,3762.842082512185,6.67877433456787,6.327259895906405,5.624231018583471,3.7711050050513437,3.980610838665306,4.47818719349847,10.913534686079812,10.339138123654562,9.190344998804054,1.0,1.0,1.0,997.8088855844398,945.292628448417,840.2601141763705,True,149.4,149.4,149.4
7266,Woodland,CA,BANC,37.652602,-121.020397,148.6,0.2416313722479264,59.12783900005357,5405.973851433469,5384.545280004897,5.111091281362361,4.842086477080133,4.304076868515673,7.089515995110524,7.483377994838885,8.418800244193747,8.307120548239263,7.8699036772793045,6.995469935359381,1.0,1.0,1.0,759.5081644104469,719.5340504941078,639.585822661429,True,148.6,148.6,148.6
55810,Gilroy Peaking Energy Center,CA,CISO,36.999,-121.5363,144.0,0.2422875721864314,49.81783487155128,4554.773473970402,4533.34490254183,5.0972486490132995,4.828972404328391,4.292419914958569,6.1761871925359575,6.519308703232398,7.334222291136448,8.028166622195949,7.605631536817216,6.760561366059748,1.0,1.0,1.0,734.0038054579152,695.3720262232882,618.108467754034,True,144.0,144.0,144.0
56312,Shute Creek Facility,WY,PACE,41.8805,-110.0904,144.0,0.2411630386482399,29.76720228649938,2721.572780479943,2700.1442090513715,5.121016914210346,4.851489708199276,4.312435296177134,3.6615777229154136,3.8649987075218246,4.348123545962053,8.065601639881296,7.64109629041386,6.792085591478988,1.0,1.0,1.0,737.4264356462897,698.6145179806957,620.9906826495073,True,144.0,144.0,144.0
1305,McPherson 2,KS,SWPP,38.363411,-97.68335,143.60000000000002,0.2281036196009002,99.6287199042488,9108.911534102746,9087.482962674174,5.414206061967839,5.129247848180059,4.559331420604496,11.68838178953848,12.337736333401727,13.879953375076944,8.50368739607824,8.056124901547808,7.160999912486939,1.0,1.0,1.0,777.4799904985817,736.5599909986565,654.7199919988058,True,143.60000000000002,143.60000000000002,143.60000000000002
2241,C W Burdick,NE,SWPP,40.9228,-98.3269,142.8,0.2171908281085482,75.26988221374857,6881.817802399869,6860.389230971297,5.686243801155214,5.386967811620731,4.78841583255176,8.448800838190625,8.918178662534547,10.032950995351367,8.881202036929302,8.413770350775131,7.478906978466781,1.0,1.0,1.0,811.9956148049647,769.2590034994404,683.7857808883913,True,142.8,142.8,142.8
1336,Garden City,KS,SWPP,37.9703,-100.8956,142.4,0.2436274040122934,95.58287121553006,8739.005368277034,8717.576796848462,5.06921626902728,4.802415412762688,4.2688137002335,12.0766080851908,12.747530756590287,14.340972101164073,7.895304339009991,7.4797620053778875,6.648677338113678,1.0,1.0,1.0,721.8563967094848,683.8639547774068,607.8790709132504,True,142.4,142.4,142.4
55207,Valmont Combustion Turbine Project,CO,PSCO,40.0205,-105.2009,142.2,0.2212777155019823,41.55725640996736,3799.520586054158,3778.0920146255867,5.58122175655296,5.287473243050174,4.699976216044599,4.76040229563557,5.024869089837545,5.652977726067238,8.680543963238776,8.223673228331474,7.309931758516866,1.0,1.0,1.0,793.6497337818308,751.8786951617346,668.3366179215419,True,142.2,142.2,142.2
7989,Sylvarena,MS,MISO,31.982076,-89.412714,141.0,0.2020961971911139,21.409326080962764,1957.424098830881,1935.9955274023096,6.110951206232308,5.789322195377977,5.146064173669313,2.2468621119649224,2.371687784851862,2.668148757958345,9.424232563361388,8.928220323184476,7.936195842830644,1.0,1.0,1.0,861.6441200787553,816.2944295482948,725.5950484873731,True,141.0,141.0,141.0
10154,Power Island,TX,ERCO,29.2293,-95.1952,141.0,0.2179293420679446,52.36321335174235,4787.4937921593,4766.0652207307285,5.66697438849221,5.368712578571568,4.772188958730283,5.964713916253257,6.296086911600659,7.0830977755507405,8.739537064752831,8.279561429765842,7.35961015979186,1.0,1.0,1.0,799.0433887774016,756.9884735785911,672.8786431809699,True,141.0,141.0,141.0
56177,Nebo Power Station,UT,PACE,40.0614,-111.7294,140.0,0.2275168804478197,57.69929962366237,5275.364537020559,5253.935965591987,5.428168659701904,5.1424755723491735,4.57108939764371,6.913586587415225,7.297674731160514,8.209884072555578,8.311883260168543,7.874415720159673,6.999480640141932,1.0,1.0,1.0,759.9436123582666,719.9465801288843,639.9525156701194,True,140.0,140.0,140.0
57703,Cheyenne Prairie Generating Station,WY,WACM,41.123611,-104.72,140.0,0.2315335840583889,81.71690022644277,7471.259449274767,7449.830877846195,5.333999406706171,5.053262595826901,4.491788974068355,9.976206152553981,10.530439827695867,11.84674480615785,8.167686591518827,7.737808349859943,6.878051866542171,1.0,1.0,1.0,746.759916938864,707.4567634157661,628.8504563695698,True,140.0,140.0,140.0
54268,HF Sinclair Puget Sound Refining,WA,PSEI,48.4708,-122.56,139.8,0.1524176763693339,19.425494580155824,1776.0452187571036,1754.6166473285323,8.102734731419112,7.676275008712845,6.823355563300306,1.5489715921806508,1.6350255695240201,1.8394037657145226,12.389587825260538,11.737504255509986,10.433337116008877,1.0,1.0,1.0,1132.762315452392,1073.1432462180558,953.9051077493829,True,139.8,139.8,139.8
56639,Midway Peaking LLC,CA,CISO,36.654114,-120.579727,139.8,0.2505917824707839,106.99242166175446,9782.164266217549,9760.735694788978,4.928333993330314,4.668947993681352,4.1501759943834236,14.166913728596523,14.953964491296325,16.82321005270837,7.5357306966766355,7.1391132915883935,6.345878481411905,1.0,1.0,1.0,688.981092267578,652.718929516653,580.1946040148026,True,139.8,139.8,139.8
7425,Interstate,IL,MISO,39.8233,-89.5891,138.6,0.2025217339497887,45.934264920067946,4199.704221263354,4178.2756498347835,6.098110933151471,5.7771577261435,5.135251312127555,4.943545516032041,5.218186933589377,5.870460300288049,9.244355042724308,8.757810040475663,7.784720035978366,1.0,1.0,1.0,845.1981753347939,800.714060843489,711.7458318608791,True,138.6,138.6,138.6
54915,Michigan Power LP,MI,MISO,43.9375,-86.425,138.1,0.182305332806345,23.843507139493617,2179.9777956108446,2158.5492241822735,6.7743492797980105,6.417804580861274,5.704715182987799,2.307282082709691,2.4354644206380067,2.7398974732177575,10.232442888719902,9.693893262997802,8.616794011553603,1.0,1.0,1.0,935.5376355401052,886.2988126169419,787.821166770615,True,138.1,138.1,138.1
3559,Silas Ray,TX,ERCO,25.9131,-97.5214,136.0,0.2233092983534871,16.76822369441915,1533.0947377754649,1511.6661663468933,5.530445929058711,5.239369827529306,4.657217624470494,2.009818474348836,2.1214750562571045,2.3866594382892425,8.226538319474834,7.793562618449844,6.92761121639986,1.0,1.0,1.0,752.1406463519847,712.5542965439856,633.3815969279872,True,136.0,136.0,136.0
7546,Ponca City,OK,SWPP,36.71979,-97.085758,134.3,0.225921650288596,85.66475618732343,7832.206279983856,7810.777708555284,5.466496895814946,5.178786532877319,4.60336580700206,10.63920457224106,11.230271492921116,12.634055429536259,8.029771455868175,7.607151905559325,6.761912804941621,1.0,1.0,1.0,734.1505331079474,695.511031365424,618.2320278803767,True,134.3,134.3,134.3
10294,King City Power Plant,CA,CISO,36.225,-121.1278,133.2,0.2570591946020218,58.9325485282628,5388.118722584027,5366.690151155455,4.804340890867657,4.551480843979887,4.045760750204344,8.386263072391973,8.852166576413746,9.958687398465464,6.9993241353828175,6.630938654573198,5.894167692953953,1.0,1.0,1.0,639.9382066635718,606.2572484181209,538.8953319272185,True,133.2,133.2,133.2
638,Suwannee River,FL,FPC,30.376389,-83.180556,131.8,0.2207048261113372,60.93201716649071,5570.927283793436,5549.498712364864,5.595709082396727,5.301198078060058,4.712176069386718,7.524596513657529,7.942629653305169,8.935458359968315,8.066564374092534,7.642008354403454,6.792896315025292,1.0,1.0,1.0,737.5144570598887,698.6979066883157,621.0648059451695,True,131.8,131.8,131.8
2444,Rio Grande,NM,EPE,31.8047,-106.5472,131.8,0.2730987085187685,19.3761507242941,1771.533780506889,1750.1052090783173,4.5221744427075,4.284165261512369,3.8081468991221055,2.93630683449502,3.0994349919669646,3.4868643659628353,6.518997095065531,6.175891984798926,5.489681764265711,1.0,1.0,1.0,596.0225915488485,564.6529814673303,501.91376130429353,True,131.8,131.8,131.8
50558,Frontier,OK,SWPP,35.44221,-97.647694,131.4,0.2308560339336044,34.49830508619924,3154.1307507382157,3132.702179309644,5.349654409965274,5.068093651546051,4.5049721347076,4.456542131825953,4.704127805816282,5.292143781543318,7.688456447321969,7.283800844831341,6.47448963985008,1.0,1.0,1.0,702.9445894694371,665.9475058131511,591.9533385005786,True,131.4,131.4,131.4
10034,Gilroy Power Plant,CA,CISO,37.0001,-121.5367,130.0,0.2422875721864314,49.6583360698574,4540.190726386962,4518.76215495839,5.0972486490132995,4.828972404328391,4.292419914958569,6.819308077314204,7.19815852605388,8.097928341810617,7.247650422815786,6.866195137404431,6.103284566581716,1.0,1.0,1.0,662.6423243717289,627.7664125626908,558.0145889446139,True,130.0,130.0,130.0
1084,River Hills,IA,MISO,41.590218,-93.619499,128.0,0.2029606916724947,17.876722991594512,1634.4432449457838,1613.0146735172123,6.084922108921683,5.7646630505573855,5.124144933828786,2.070967698728091,2.18602145976854,2.459274142239608,8.518890952490358,8.070528270780342,7.173802907360302,1.0,1.0,1.0,778.8700299419754,737.8768704713453,655.8905515300846,True,128.0,128.0,128.0
54426,Mulberry Cogeneration Facility,FL,FPC,27.8489,-81.8775,127.7,0.2292006563071954,42.609114520484546,3895.690470444301,3874.2618990157293,5.388291726114176,5.104697424739746,4.537508821990885,5.630500191557049,5.943305757754662,6.686218977473995,7.525928084333535,7.1298266062107185,6.337623649965082,1.0,1.0,1.0,688.0848534247802,651.8698611392656,579.4398765682361,True,127.7,127.7,127.7
54271,Saguaro Power,NV,NEVP,36.0417,-115.0117,127.2,0.2678131065536317,7.163546398517268,654.9528135787216,633.5242421501501,4.611424795047069,4.368718226886697,3.883305090565953,1.0800428753040698,1.140045257265407,1.282550914423583,6.415644746109235,6.077979233156118,5.402648207249883,1.0,1.0,1.0,586.5732339299872,555.7009584599879,493.9564075199892,True,127.2,127.2,127.2
2854,Yankee Street,OH,PJM,39.603,-84.2047,125.5,0.1936799697039235,25.20567555483136,2304.518907870295,2283.090336441724,6.37649831259232,6.040893138245357,5.369682789551428,2.852969448156225,3.01146775083157,3.3879012196855167,8.752740261894303,8.292069721794604,7.370728641595203,1.0,1.0,1.0,800.2505382303361,758.1320888497924,673.8951900887042,True,125.5,125.5,125.5
7527,Carson Ice-Gen Project,CA,BANC,38.445681,-121.462387,125.5,0.2419981790081636,41.100651997275065,3757.7738968937197,3736.345325465148,5.103344186562405,4.834747124111753,4.297552999210447,5.8337581812554165,6.157855857991828,6.927587840240806,7.005137293586053,6.636445857081524,5.899062984072467,1.0,1.0,1.0,640.4696954135819,606.760764076025,539.3429014009112,True,125.5,125.5,125.5
54476,Sumas Power Plant,WA,PSEI,48.9905,-122.2733,125.5,0.1398635592433396,35.69715228847353,3263.739637803294,3242.3110663747225,8.830034118117235,8.365295480321594,7.435818204730305,2.9258265136521877,3.0883724310773077,3.474418984961972,12.120601519946861,11.48267512416019,10.206822332586833,1.0,1.0,1.0,1108.169281823713,1049.84458278036,933.1951846936532,True,125.5,125.5,125.5
7697,Washington County Cogeneration Facility,AL,SOCO,31.26423,-88.00267,122.5,0.2048766033709392,8.363783568562315,764.6887834114116,743.2602119828401,6.028018717998616,5.710754574946059,5.076226288840941,1.0065380659460204,1.0624568473874656,1.1952639533108989,8.076603204193459,7.651518825025385,6.80135006668923,1.0,1.0,1.0,738.4322929548305,699.5674354308923,621.8377203830153,True,122.5,122.5,122.5
58325,Charles D. Lamb Energy Center,OK,SWPP,36.813889,-97.125278,122.0,0.2281864004865959,108.22011069527188,9894.41012071057,9872.981549282,5.412241909975464,5.127387072608336,4.557677397874076,14.952413365641698,15.783102997066232,17.755990871699513,7.221960298623511,6.8418571250117495,6.08165077778822,1.0,1.0,1.0,660.2935130170066,625.541222858217,556.0366425406372,True,122.0,122.0,122.0
60468,Friendswood Energy,TX,ERCO,29.647267,-95.451516,121.5,0.2110174983136931,11.79005412346798,1077.9478055742152,1056.5192341456438,5.8525952106781265,5.544563883800332,4.928501230044739,1.485773617298697,1.5683165960375134,1.7643561705422024,7.77755035419023,7.368205598706536,6.549516087739143,1.0,1.0,1.0,711.0903180973924,673.6645118817403,598.8128994504358,True,121.5,121.5,121.5
7749,Essex,MO,AECI,36.868206,-89.840173,121.2,0.2063314983085494,91.6503049001277,8379.456448011673,8358.027876583103,5.985513652177203,5.670486617852088,5.040432549201856,11.521254490720429,12.161324184649338,13.68148970773051,7.934546535167406,7.516938822790176,6.68172339803571,1.0,1.0,1.0,725.444254643877,687.2629780836731,610.9004249632649,True,121.2,121.2,121.2
2951,Horseshoe Lake,OK,SWPP,35.50866,-97.17969,121.0,0.2258357088960684,64.63628127554693,5909.602859478576,5888.174288050005,5.468577161853345,5.180757311229486,4.605117609981765,8.898584765586214,9.392950585896557,10.567069409133627,7.237320087640287,6.856408504080274,6.094585336960243,1.0,1.0,1.0,661.6978365842547,626.8716346587678,557.2192308077936,True,121.0,121.0,121.0
55304,Baconton Power Plant,GA,SOCO,31.3869,-84.08,121.0,0.2213406314463001,61.55889263110022,5628.2416119863055,5606.813040557734,5.579635297550987,5.2859702818904095,4.698640250569253,8.304718029901956,8.766091253785396,9.861852660508571,7.384298589102635,6.995651294939339,6.218356706612746,1.0,1.0,1.0,675.1358710036694,639.6024041087395,568.5354703188796,True,121.0,121.0,121.0
56135,Ripon Generation Station,CA,BANC,37.7315,-121.116,121.0,0.2416313722479264,91.343469514734,8351.402927061394,8329.974355632821,5.111091281362361,4.842086477080133,4.304076868515673,13.469288549145752,14.217582357431624,15.994780152110579,6.764209867678001,6.408198822010739,5.696176730676211,1.0,1.0,1.0,618.4420450448457,585.8924637266961,520.7933010903964,True,121.0,121.0,121.0
56239,Malaga Power LLC,CA,CISO,36.68957,-119.73989,121.0,0.2431117594136586,64.88925540982395,5932.731923183903,5911.303351755331,5.079968171751936,4.812601425870257,4.277867934106895,9.616939527373749,10.151213945561173,11.420115688756322,6.723020377302953,6.36917719955017,5.661490844044594,1.0,1.0,1.0,614.6761487819842,582.3247725303012,517.6220200269343,True,121.0,121.0,121.0
56482,Black Mountain Generating Station,AZ,TEPC,35.0361,-114.1594,121.0,0.2688822872788954,58.93706592351774,5388.531741578764,5367.103170150192,4.593087973545125,4.3513465012532775,3.8678635566695796,9.657168511070328,10.193677872796455,11.467887606896014,6.078664864988628,5.758735135252385,5.118875675779897,1.0,1.0,1.0,555.7636447989602,526.5129266516466,468.0114903570191,True,121.0,121.0,121.0
56569,Niland Gas Turbine Plant,CA,IID,33.238842,-115.504456,121.0,0.2710858565783974,92.41826209346864,8449.669677117132,8428.241105688561,4.555752246125909,4.315975812119283,3.8364229441060287,15.289436608457477,16.13884975337178,18.15620597254325,6.029253363232258,5.711924238851614,5.077265990090323,1.0,1.0,1.0,551.246021781235,522.2330732664332,464.20717623682947,True,121.0,121.0,121.0
60459,Port Comfort Power LLC,TX,ERCO,28.64807,-96.54621,121.0,0.2192027089519416,30.502495237227613,2788.7995645465244,2767.370993117953,5.634054459932625,5.33752527783091,4.744466913627475,4.059391831675848,4.284913600102282,4.820527800115069,7.456318949317084,7.063881109879345,6.279005431003862,1.0,1.0,1.0,681.7205896518476,645.8405586175401,574.0804965489244,True,121.0,121.0,121.0
60460,Chamon Power LLC,TX,ERCO,29.883214,-95.111345,121.0,0.2126924653606658,26.53552721949911,2426.105345782775,2404.676774354204,5.8065056414000935,5.500900081326406,4.889688961179027,3.422602680315382,3.6127472736662356,4.064340682874516,7.684547309790438,7.280097451380416,6.471197734560369,1.0,1.0,1.0,702.5871826094113,665.6089098404951,591.6523643026622,True,121.0,121.0,121.0
56556,PPS Power Plant No 1,KY,LGEE,37.03385,-88.615862,120.0,0.2049433210815006,33.15281628411053,3031.114631690105,3009.686060261534,6.026056343201702,5.708895483033193,5.074573762696171,4.162044916347478,4.393269633922336,4.942428338162629,7.909198950452235,7.492925321481067,6.660378063538725,1.0,1.0,1.0,723.1267611842043,685.0674579639832,608.9488515235405,True,120.0,120.0,120.0
1682,Cleary Flood Hybrid,MA,ISNE,41.8653,-71.1061,118.0,0.1954483244819684,7.3776014352132,674.523559790921,653.0949883623497,6.318805767577394,5.986237042968059,5.321099593749385,0.8759097042681117,0.9245713545052286,1.0401427738183824,8.155208693779574,7.725987183580653,6.867544163182801,0.0,0.0,1.0,745.6190805741325,706.375971070231,627.8897520624274,True,103.35734510363717,109.09941983161698,118.0
10030,Energy Center Dover,DE,PJM,39.149549,-75.547335,118.0,0.2056196211457138,45.79943804630492,4187.377192805021,4165.948621376449,6.0062361418553945,5.690118450178796,5.057883066825596,5.877998883139602,6.204554376647358,6.980123673728277,7.75179852058212,7.343809124762009,6.527830333121786,1.0,1.0,1.0,708.7358647389366,671.4339771210979,596.8302018854204,True,118.0,118.0,118.0
56914,Orange Grove Peaking Facility,CA,CISO,33.3594,-117.1114,118.0,0.2524343842544315,16.133355915127805,1475.0496836688276,1453.6211122402563,4.892360458927138,4.6348678031941315,4.1198824917281165,2.517971250995752,2.657858542717738,2.9900908605574554,6.314202717302839,5.981876258497427,5.317223340886601,1.0,1.0,1.0,577.2985341534023,546.9144007769075,486.14613402391774,True,118.0,118.0,118.0
7903,McCartney,MO,SWPP,37.248431,-93.170839,117.8,0.210350187460498,47.23110485018031,4318.2724434450565,4296.843872016485,5.871161870164354,5.562153350682021,4.944136311717352,6.212697799517193,6.557847677268147,7.377578636926666,7.564625122089885,7.166486957769367,6.370210629128326,1.0,1.0,1.0,691.6228683053608,655.221664710342,582.419257520304,True,117.8,117.8,117.8
55043,Cherokee County Cogen,SC,SC,35.0727,-81.613,117.7,0.2160181104579681,22.948367895128808,2098.1364932689194,2076.707921840348,5.7171132428746105,5.416212545881212,4.81441115189441,3.0861864635544682,3.257641267085271,3.66484642547093,7.359890001256863,6.972527369611767,6.1978021063215705,1.0,1.0,1.0,672.9042286863416,637.4882166502186,566.6561925779721,True,117.7,117.7,117.7
50463,Procter & Gamble Mehoopany Mill,PA,PJM,41.574259,-76.043233,117.6,0.1804014698357197,18.37572142129477,1680.0659585183787,1658.6373870898074,6.845842226921083,6.485534741293659,5.764919770038808,2.0602372865920215,2.1746949136249114,2.4465317778280253,8.805464564377244,8.342019060988969,7.415128054212418,1.0,1.0,1.0,805.0710458859194,762.6988855761342,677.9545649565638,True,117.6,117.6,117.6
55544,Klamath Expansion Project,OR,AVRN,42.172718,-121.814393,117.6,0.2266877680413742,55.15739606289818,5042.96192575069,5021.533354322119,5.448022231947656,5.161284219739885,4.587808195324342,7.837727479664796,8.273156784090617,9.307301382101944,7.007518595842673,6.638701827640428,5.901068291235935,1.0,1.0,1.0,640.6874144770443,606.9670242414105,539.5262437701426,True,117.6,117.6,117.6
50150,Union Carbide Seadrift Cogen,TX,ERCO,28.5105,-96.7706,117.0,0.2232829878983301,70.93909013202553,6485.859669213762,6464.43109778519,5.531097606783845,5.239987206426802,4.657766405712713,9.989255618369905,10.544214263834897,11.86224104681426,7.078076468681203,6.705546128224299,5.960485447310488,1.0,1.0,1.0,647.1384199937099,613.0785031519358,544.9586694683874,True,117.0,117.0,117.0
7515,McPherson 3,KS,SWPP,38.38932,-97.61108,115.6,0.2270920911355015,103.6724836413114,9478.627075777042,9457.19850434847,5.43832237320453,5.152094879877977,4.579639893224868,15.043182442850757,15.878914800786907,17.86377915088527,6.876078850620479,6.514179963745717,5.790382189996193,1.0,1.0,1.0,628.6700663424436,595.5821681138941,529.4063716567947,True,115.6,115.6,115.6
10342,Marathon Bay Area Cogen,CA,CISO,38.0244,-122.0589,113.5,0.2511658000137249,6.4084464070558065,585.9151000736737,564.4865286451022,4.917070715569212,4.6582775200129385,4.140691128900389,1.0114659477723345,1.0676585004263528,1.201115812979647,6.104082317999592,5.782814827578562,5.1402798467365,1.0,1.0,1.0,558.0875262171055,528.7144985214685,469.9684431301942,True,113.5,113.5,113.5
7288,Sherman Avenue,NJ,PJM,39.451,-75.0578,112.8,0.2031425948361084,27.9817886849674,2558.3349654827334,2536.906394054162,6.079473391567015,5.7595011078003315,5.119556540266961,3.6993837234363953,3.9049050414050837,4.393018171580719,7.500550296845806,7.1057844917486594,6.316252881554363,1.0,1.0,1.0,685.7645985687593,649.6717249598773,577.4859777421132,True,112.8,112.8,112.8
1001,Cayuga,IN,MISO,39.9242,-87.4244,112.5,0.1985414583641209,65.9008044549893,6025.216407313306,6003.787835884735,6.22036329427497,5.892975752471026,5.238200668863133,8.57940291602573,9.05603641136049,10.188040962780551,7.6539626472524045,7.251122507923333,6.4454422292651845,1.0,1.0,1.0,699.7908706059341,662.9597721529904,589.2975752471025,True,112.5,112.5,112.5
675,Larsen Memorial,FL,FMPP,28.0491,-81.9238,111.2,0.2291302862159997,11.9926419260552,1096.470118953618,1075.0415475250468,5.3899465688083374,5.106265170450005,4.538902373733337,1.79364297817337,1.8932898102941125,2.1299510365808767,6.555522514313141,6.210495013559819,5.520440012053172,1.0,1.0,1.0,599.3620584514871,567.8166869540405,504.72594395914706,True,111.2,111.2,111.2
6195,John Twitty Energy Center,MO,SWPP,37.151706,-93.38804,109.0,0.2147174880228829,50.07880132051012,4578.633263589496,4557.204692160924,5.751743890876663,5.449020528198946,4.8435738028435065,7.2689636660616515,7.672794980842851,8.631894353448208,6.857157169904522,6.496254160962182,5.774448143077494,1.0,1.0,1.0,626.9400841055563,593.9432375736851,527.9495445099423,True,109.0,109.0,109.0
56606,Culbertson Generation Station,MT,SWPP,48.21,-104.391667,108.2,0.2007076783937575,102.24324928103482,9347.954219980325,9326.525648551753,6.153227469340363,5.829373392006661,5.181665237339254,14.008436247170525,14.786682705346662,16.635018043514997,7.2819601332474875,6.898699073602884,6.132176954313674,1.0,1.0,1.0,665.7792121826274,630.7382010151208,560.6561786801072,True,108.2,108.2,108.2
58063,SABIC Innovative Plastics Mt. Vernon,IN,MISO,37.910278,-87.926111,108.0,0.2056838824965033,77.87294435642589,7119.812055444652,7098.383484016081,6.004359627065068,5.688340699324803,5.056302843844269,10.946341838667593,11.554471940815787,12.998780933417764,7.092649809470612,6.719352451077425,5.972757734291043,1.0,1.0,1.0,648.4708397230273,614.3407955270787,546.080707135181,True,108.0,108.0,108.0
6088,North Loop,AZ,TEPC,32.401,-111.1262,107.8,0.26543140834077,73.0223043284413,6676.324967171775,6654.896395743203,4.6528028002415756,4.407918442334125,3.918149726519222,13.26807420161818,14.005189435041407,15.755838114421586,5.485945301659833,5.19721133841458,4.619743411924071,1.0,1.0,1.0,501.5721418660418,475.1736080836187,422.3765405187721,True,107.8,107.8,107.8
10617,CH Resources Beaver Falls,NY,NYIS,43.8861,-75.4342,107.8,0.1742555030461238,46.344652904382706,4237.225408400704,4215.796836972133,7.0872941078544125,6.7142786284936555,5.968247669772138,5.517984260602831,5.824538941747432,6.552606309465861,8.356362709042095,7.916554145408301,7.036937018140712,1.0,1.0,1.0,764.0103048267057,723.799236151616,643.3770988014364,True,107.8,107.8,107.8
2966,Weleetka,OK,SWPP,35.3233,-96.1352,106.0,0.2191411718166269,42.06077223492257,3845.5563186214913,3824.1277471929197,5.635636561409939,5.339024110809417,4.7457992096083705,6.401526512079553,6.757166873861748,7.601812733094466,6.5338161383846485,6.189931078469669,5.502160958639705,1.0,1.0,1.0,597.3774755094535,565.9365557457982,503.0547162184873,True,106.0,106.0,106.0
56232,Miramar Energy Facility,CA,CISO,32.8769,-117.166389,106.0,0.2447676694917502,12.716467642674724,1162.648470187403,1141.2198987588317,5.045601008353863,4.780043060545767,4.24892716492957,2.1337845466107277,2.2523281325335454,2.5338691491002385,5.849743669060261,5.541862423320249,4.926099931840221,1.0,1.0,1.0,534.8337068855095,506.6845644178513,450.3862794825344,True,106.0,106.0,106.0
6064,Nearman Creek,KS,SWPP,39.1681,-94.6975,104.0,0.2128725060296894,17.85969588640279,1632.8864810425405,1611.4579096139692,5.801594687045935,5.496247598254045,4.885553420670262,2.670780781539165,2.8191574916246736,3.1715521780777585,6.599313956514752,6.251981643013977,5.557317016012424,1.0,1.0,1.0,603.3658474527773,571.6097502184207,508.0975557497072,True,104.0,104.0,104.0
55138,Walton Discover Power Facility,AL,SOCO,32.54098,-85.038879,103.0,0.212295651316162,8.550039249843191,781.7178742713774,760.289302842806,5.817358915942994,5.5111821308933635,4.898828560794101,1.2688661038145062,1.339358665137534,1.5067784982797257,6.553618403742029,6.208691119334556,5.518836550519605,1.0,1.0,1.0,599.1879683421283,567.6517594820165,504.5793417617924,True,103.0,103.0,103.0
10621,CH Resources Syracuse,NY,NYIS,43.0667,-76.2246,102.7,0.1759254043746785,18.428887688526064,1684.9268743795255,1663.4983029509542,7.020020811603474,6.650546032045398,5.911596472929242,2.3073502211404473,2.4355363445371383,2.739978387604281,7.885457752283966,7.470433660058496,6.640385475607551,1.0,1.0,1.0,720.9561373516768,683.0110774910623,607.1209577698331,True,102.7,102.7,102.7
10790,Victoria Texas Plant,TX,ERCO,28.675088,-96.956014,102.4,0.2140044886227636,75.41548133773493,6895.129722307192,6873.701150878622,5.770906993343472,5.467175046325395,4.85971115228924,11.631791654063457,12.278002301511426,13.812752589200356,6.4634158325446895,6.123236051884444,5.4428764905639495,1.0,1.0,1.0,590.9408761183715,559.8387247437205,497.6344219944182,True,102.4,102.4,102.4
54592,Massena Energy Facility,NY,NYIS,44.9503,-74.8928,102.1,0.1798964379212833,17.147684895834665,1567.7883333334548,1546.3597619048835,6.865060888756424,6.50374189461135,5.781103906321199,2.2061772645813806,2.3287426681692347,2.6198355016903894,7.666342214365963,7.2628505188730195,6.455867127887128,1.0,1.0,1.0,700.9227167420308,664.0320474398188,590.2507088353944,True,102.1,102.1,102.1
7928,Osawatomie,KS,SWPP,38.532161,-94.902633,102.0,0.2102050375989338,82.15786750171411,7511.576457299575,7490.147885871003,5.8752159991348565,5.56599410444355,4.947550315060933,12.498744288093109,13.193118970764944,14.842258842110564,6.5545378490348245,6.209562172769836,5.519610820239854,1.0,1.0,1.0,599.2720319117553,567.7313986532421,504.6501321362151,True,102.0,102.0,102.0
50137,Newgulf Cogen,TX,ERCO,29.2639,-95.8997,101.9,0.2161888294030561,74.79659818780725,6838.546120028091,6817.117548599519,5.71259858064869,5.411935497456654,4.810609331072581,11.710970608914522,12.361580087187548,13.906777598085993,6.366869636838611,6.031771234899738,5.361574431021989,1.0,1.0,1.0,582.1137953681015,551.4762271908331,490.20109083629603,True,101.9,101.9,101.9
8067,Fort Lupton,CO,PSCO,40.0922,-104.796,100.8,0.239592543798957,100.54227622157607,9192.436683115526,9171.008111686953,5.154584447487202,4.883290529198402,4.340702692620802,17.650738727266454,18.631335323225702,20.960252238628915,5.682929353354641,5.3838278084412385,4.785624718614434,1.0,1.0,1.0,519.58211230671,492.2356853431989,437.5428314161768,True,100.8,100.8,100.8
56108,T J Labbe Electric Generating,LA,MISO,30.2554,-92.0433,100.8,0.2180660193171292,46.439518204736586,4245.898807290202,4224.4702358616305,5.663422498688176,5.365347630336167,4.769197893632149,7.400017737115544,7.811129833621961,8.787521062824707,6.243923304803714,5.915295762445625,5.258040677729444,1.0,1.0,1.0,570.8729878677681,540.8270411378857,480.7351476781206,True,100.8,100.8,100.8
56283,Hargis-Hebert Electric Generating,LA,MISO,30.1694,-91.9923,100.8,0.2180660193171292,29.44090735231516,2691.7401007831,2670.311529354529,5.663422498688176,5.365347630336167,4.769197893632149,4.6775930655402735,4.9374593469591765,5.554641765329074,6.243923304803714,5.915295762445625,5.258040677729444,1.0,1.0,1.0,570.8729878677681,540.8270411378857,480.7351476781206,True,100.8,100.8,100.8
3325,Ben French,SD,WACM,44.087235,-103.260959,100.0,0.221101620854504,34.06915253697931,3114.893946238108,3093.4653748095366,5.585666876737607,5.291684409540892,4.70371947514746,5.538220311155257,5.845899217330548,6.576636619496867,6.109323146431759,5.787779822935351,5.1446931759425345,1.0,1.0,1.0,558.5666876737607,529.1684409540892,470.37194751474595,True,100.0,100.0,100.0
61241,Tres City Power LLC,TX,ERCO,28.7853,-97.0093,100.0,0.2140044886227636,66.6486071156543,6093.586936288392,6072.158364859821,5.770906993343472,5.467175046325395,4.85971115228924,10.522017374155972,11.10657389494241,12.494895631810214,6.311929523969423,5.979722706918402,5.315309072816357,1.0,1.0,1.0,577.0906993343472,546.7175046325395,485.97111522892396,True,100.0,100.0,100.0
61242,"Tres Port Power, LLC",TX,ERCO,28.69637,-96.9453,100.0,0.2140044886227636,77.14321127678068,7053.093602448518,7031.665031019947,5.770906993343472,5.467175046325395,4.85971115228924,12.18467918323881,12.861605804529852,14.469306530096086,6.311929523969423,5.979722706918402,5.315309072816357,1.0,1.0,1.0,577.0906993343472,546.7175046325395,485.97111522892396,True,100.0,100.0,100.0
61966,Victoria Port Power II LLC,TX,ERCO,28.698477,-96.946125,100.0,0.2140044886227636,77.35830878930467,7072.759660736427,7051.331089307855,5.770906993343472,5.467175046325395,4.85971115228924,12.218757116413945,12.897576956214717,14.509774075741559,6.311929523969423,5.979722706918402,5.315309072816357,1.0,1.0,1.0,577.0906993343472,546.7175046325395,485.97111522892396,True,100.0,100.0,100.0
62548,SJRR Power LLC,TX,ERCO,29.88193,-95.11148,100.0,0.2126924653606658,26.12374926741359,2388.4570758778136,2367.028504449242,5.8065056414000935,5.500900081326406,4.889688961179027,4.076511159435458,4.3029840016263154,4.8408570018296055,6.350865545281353,6.016609463950758,5.348097301289561,1.0,1.0,1.0,580.6505641400094,550.0900081326406,488.96889611790266,True,100.0,100.0,100.0
55542,Larkspur Energy Facility,CA,CISO,32.567041,-116.944197,99.8,0.2599615307557876,9.801357735463403,896.1241358137968,874.6955643852253,4.750702907501266,4.500665912369621,4.00059192210633,1.8448816488270532,1.947375073761889,2.1907969579821254,5.185689142469351,4.912758134970965,4.366896119974191,1.0,1.0,1.0,474.1201501686263,449.1664580544882,399.2590738262117,True,99.8,99.8,99.8
58413,Copper Crossing Energy and Research Cent,AZ,SRP,33.15512,-111.483636,99.8,0.2666074784378638,100.71949711234706,9208.639735986015,9187.211164557444,4.632278161273829,4.3884740475225765,3.9008658200200674,19.872775530484862,20.976818615511792,23.59892094245077,5.056421130415465,4.790293702498863,4.258038846665655,1.0,1.0,1.0,462.30136049512816,437.9697099427531,389.3064088380027,True,99.8,99.8,99.8
7768,Sowega Power,GA,SOCO,31.3869,-84.08,99.6,0.2213406314463001,61.55889263110022,5628.2416119863055,5606.813040557734,5.579635297550987,5.2859702818904095,4.698640250569253,10.089065076487314,10.64956869184772,11.980764778328686,6.078315202269607,5.7584038758343645,5.11858122296388,1.0,1.0,1.0,555.7316756360783,526.4826400762847,467.98456895669756,True,99.6,99.6,99.6
1383,Robert A Reid,KY,MISO,37.6461,-87.5019,98.8,0.2042656881091967,68.3926691760064,6253.044038949155,6231.6154675205835,6.046047240884585,5.72783422820645,5.091408202850177,10.432110192799469,11.011671870177215,12.388130853949368,6.533509799680905,6.189640862855596,5.501902989204973,1.0,1.0,1.0,597.349467399397,565.9100217467973,503.0311304415975,True,98.8,98.8,98.8
56018,AMEA Peaking,AL,SOCO,33.1661,-86.2825,98.6,0.2048502722323714,21.83917361406807,1996.7244447147948,1975.2958732862232,6.028793550242788,5.7114886265458,5.076878779151822,3.3229578256084182,3.5075665936977733,3.9460124179099956,6.5016770443399565,6.1594835156904875,5.475096458391544,1.0,1.0,1.0,594.4390440539388,563.1527785774159,500.58024762436963,True,98.6,98.6,98.6
2446,Maddox,NM,SWPP,32.714224,-103.301469,98.4,0.2645971715350823,116.68466692721375,10668.312404773827,10646.883833345257,4.667472417921347,4.421815974872856,3.930503088775872,23.181720055015873,24.469593391405642,27.52829256533135,5.023367189787852,4.758979442956912,4.230203949295033,1.0,1.0,1.0,459.27928592346063,435.10669192748907,386.7615039355458,True,98.4,98.4,98.4
6243,Dansby,TX,ERCO,30.7217,-96.4608,98.2,0.2193133524659943,80.39816830394105,7350.6896735031805,7329.261102074609,5.631212081314079,5.334832498087024,4.742073331632909,13.253995591864829,13.990328680301758,15.73911976533948,6.0482737260864035,5.729943529976595,5.0932831377569725,1.0,1.0,1.0,552.9850263850425,523.8805513121457,465.6716011663517,True,98.2,98.2,98.2
55807,Henrietta Peaker,CA,CISO,36.2397,-119.9044,98.0,0.2470427036292012,106.86593459461596,9770.599734364887,9749.171162936316,4.999135703492273,4.736023298045312,4.209798487151389,19.899707529006292,21.005246836173303,23.630902690694967,5.358448582180781,5.07642497259232,4.512377753415395,1.0,1.0,1.0,489.91529894224277,464.13028320844063,412.56025174083607,True,98.0,98.0,98.0
58427,Lansing BWL REO Town Plant,MI,MISO,42.719722,-84.551667,98.0,0.1871303410587687,15.65763944558766,1431.5556064537288,1410.1270350251573,6.599678026622874,6.252326551537461,5.557623601366632,2.1802656614099645,2.301391531488295,2.5890654729243323,7.074029884786393,6.701712522429217,5.957077797714859,1.0,1.0,1.0,646.7684466090416,612.7280020506712,544.6471129339299,True,98.0,98.0,98.0
7698,General Electric Plastic,AL,SOCO,32.310226,-86.52542,97.0,0.2196063827778748,53.99225557906464,4936.434795800195,4915.006224371624,5.623698111038808,5.327713999931503,4.735745777716891,9.010115098835445,9.510677048770745,10.69951167986709,5.966392214680235,5.65237157180233,5.024330286046515,1.0,1.0,1.0,545.4987167707643,516.7882579933558,459.36734043853846,True,97.0,97.0,97.0
54349,Nevada Cogen Associates 2 Black Mountain,NV,NEVP,36.2253,-114.8783,96.3,0.2701582752850595,12.191059825330164,1114.6111840301862,1093.182612601615,4.571394300977383,4.330794600925943,3.84959520082306,2.4832345713846964,2.621192047572735,2.9488410535193266,4.814963903576335,4.5615447507565285,4.0547064451169135,1.0,1.0,1.0,440.225271184122,417.05552006916827,370.71601783926064,True,96.3,96.3,96.3
7962,Warren F Sam Beasley Generation Station,DE,PJM,39.279179,-75.623928,96.0,0.2056196211457138,56.86983635646563,5199.527895448286,5178.099324019714,6.0062361418553945,5.690118450178796,5.057883066825596,8.980421906712301,9.479334234862982,10.664251014220856,6.306547948948165,5.974624372687737,5.310777220166877,1.0,1.0,1.0,576.5986696181178,546.2513712171644,485.5567744152572,True,96.0,96.0,96.0
54350,Nevada Cogen Assoc#1 GarnetVly,NV,NEVP,36.343229,-114.920686,94.8,0.2701582752850595,13.35272538973682,1220.820607061652,1199.3920356330805,4.571394300977383,4.330794600925943,3.84959520082306,2.767605218207261,2.921361063663219,3.2865311966211217,4.739964465825925,4.490492651835088,3.991549023853411,1.0,1.0,1.0,433.3681797326559,410.55932816777937,364.9416250380261,True,94.8,94.8,94.8
50752,South Belridge Cogeneration Facility,CA,CISO,35.438611,-119.7075,94.2,0.2521439754693078,73.83821540987319,6750.922551759833,6729.493980331262,4.897995273142389,4.640206048240159,4.124627598435696,14.58522538055391,15.395515679473569,17.319955139407767,5.0464657548595175,4.780862294077439,4.249655372513279,1.0,1.0,1.0,461.391154730013,437.10740974422293,388.5399197726426,True,94.2,94.2,94.2
6060,Coachella,CA,IID,33.6758,-116.1714,92.4,0.2697230147526535,68.79158992621244,6289.516793253708,6268.088221825136,4.578771304082238,4.33778334070949,3.85580741396399,14.815427133623173,15.638506418824456,17.593319721177515,4.627420749188113,4.383872288704529,3.8967753677373587,1.0,1.0,1.0,423.07846849719886,400.8111806815569,356.27660505027274,True,92.4,92.4,92.4
55698,Hanford Energy Park Peaker,CA,CISO,36.270072,-119.648055,92.2,0.2450181274741646,99.84103748123128,9128.32342685543,9106.894855426859,5.040443385684685,4.775156891701282,4.244583903734472,19.596145718959768,20.684820481124195,23.270423041264724,5.0829721267514,4.815447277975012,4.280397580422232,1.0,1.0,1.0,464.72888016012797,440.2694654148582,391.3506359243183,True,92.2,92.2,92.2
4072,Pulliam,WI,MISO,44.54,-88.0086,91.0,0.1936295055122684,10.237460123537096,935.9963541519629,914.5677827233915,6.37816017105797,6.042467530475973,5.371082249311975,1.5757201363721318,1.663260143948361,1.8711676619419062,6.348262545256136,6.014143463926867,5.345905301268326,1.0,1.0,1.0,580.4125755662752,549.8645452733135,488.76848468738973,True,91.0,91.0,91.0
6253,Germantown,WI,MISO,43.1952,-88.1496,90.9,0.1949165944484505,38.14210559722772,3487.2782260322483,3465.8496546036768,6.336043390736646,6.002567422803139,5.335615486936123,6.017660654326613,6.351975135122536,7.145972027012852,6.299413139883951,5.967865079890059,5.304768959902275,1.0,1.0,1.0,575.9463442179612,545.6333787328053,485.00744776249365,True,90.9,90.9,90.9
54076,Indeck Olean Energy Center,NY,NYIS,42.085944,-78.45425,90.6,0.173289260169705,12.80785802360172,1171.0041621578714,1149.5755907292998,7.1268121220584835,6.751716747213301,6.001525997522934,1.780385407464693,1.8792957078793981,2.114207671364323,7.0622253872023295,6.69052931419168,5.947137168170382,1.0,1.0,1.0,645.6891782584986,611.705537297525,543.7382553755778,True,90.6,90.6,90.6
6358,Hutchinson Plant #2,MN,MISO,44.888881,-94.349348,90.5,0.1964840505623324,90.64813813741492,8287.82977256365,8266.401201135077,6.285497456233527,5.954681800642289,5.293050489459812,14.53209556957389,15.339434212327994,17.256863488868994,6.2216603726936555,5.894204563604516,5.239292945426237,1.0,1.0,1.0,568.8375197891341,538.8987029581272,479.021069296113,True,90.5,90.5,90.5
55655,WFEC GenCo LLC,OK,SWPP,35.0833,-98.2264,90.0,0.2356915484518959,88.13924631120611,8058.445377024557,8037.016805595986,5.239899385921598,4.964115207715199,4.412546851302399,17.04234760094312,17.9891446898844,20.23778777611995,5.158025958016574,4.88655090759465,4.3436008067508,1.0,1.0,1.0,471.59094473294385,446.77036869436796,397.12921661721595,True,90.0,90.0,90.0
2092,Ralph Green,MO,SWPP,38.78758,-94.277689,88.9,0.2130264412155152,77.97336952786279,7128.993785404597,7107.565213976025,5.797402392647453,5.492275950929168,4.882023067492593,13.79067890720597,14.556827735384077,16.37643120230709,5.637067982725799,5.340380194161284,4.7470046170322515,1.0,1.0,1.0,515.3890727063587,488.26333203760305,434.01185070009154,True,88.9,88.9,88.9
54034,Rensselaer Cogen,NY,NYIS,42.625325,-73.749955,88.2,0.1852355137004477,13.078901738898518,1195.78530184215,1174.3567304135786,6.667188031757083,6.316283398506711,5.614474132005965,1.9970491450764034,2.1079963198028704,2.3714958597782285,6.4317529543856615,6.093239640996943,5.4162130142195055,1.0,1.0,1.0,588.0459844009747,557.0961957482918,495.19661844292614,True,88.2,88.2,88.2
7967,Lordsburg Generating,NM,PNM,32.35051,-108.69799,88.0,0.2778293362685682,75.24660025358847,6879.6891660423735,6858.260594613802,4.445174928561782,4.211218353374321,3.7433052029993954,17.53244377032047,18.506468424227158,20.819776977255557,4.278480868740716,4.053297665122784,3.6029312578869184,1.0,1.0,1.0,391.1753937134368,370.5872150969402,329.4108578639468,True,88.0,88.0,88.0
55377,Gans,PA,PJM,39.7475,-79.838888,87.6,0.1759185085496501,14.504661179748208,1326.140450719836,1304.7118792912645,7.020295989216174,6.65080672662585,5.9118282014452,2.1215588698346406,2.23942325149212,2.5193511579286354,6.726321094667747,6.372304194948394,5.664270395509682,1.0,1.0,1.0,614.9779286553368,582.6106692524245,517.8761504465995,True,87.6,87.6,87.6
55654,Chambersburg,PA,PJM,39.866944,-77.685833,87.6,0.1946219477642346,71.68446034909172,6554.007803345528,6532.579231916957,6.34563580411846,6.011654972322753,5.343693308731336,11.751828277594754,12.404707626350016,13.955296079643768,6.079912304821,5.759916920356738,5.119926151428212,1.0,1.0,1.0,555.8776964407771,526.6209755754732,468.107533844865,True,87.6,87.6,87.6
59145,Freeport LP Pretreatment Facility,TX,ERCO,28.979167,-95.306944,87.0,0.2217982779846717,5.567863397693048,509.06179636050723,487.6332249319358,5.568122580669223,5.275063497476108,4.688945331089872,1.0066192896646233,1.0625425835348798,1.19536040647674,5.298416643168058,5.01955260931711,4.461824541615208,1.0,1.0,1.0,484.42666451822237,458.93052428042137,407.9382438048189,True,87.0,87.0,87.0
9,Copper,TX,EPE,31.7569,-106.375,86.9,0.2730987085187685,16.189302117900606,1480.164765065198,1458.7361936366267,4.5221744427075,4.284165261512369,3.8081468991221055,3.7120145595406977,3.9182375906262914,4.408017289454579,4.298185489842145,4.071965200903085,3.6195246230249642,1.0,1.0,1.0,392.9769590712817,372.2939612254249,330.92796553371096,True,86.9,86.9,86.9
10416,Pensacola Florida Plant,FL,SOCO,30.5958,-87.2525,86.0,0.2163338600042729,12.168125357112745,1112.5143183645937,1091.0857469360221,5.708768844486975,5.408307326356082,4.807384290094295,2.222378224558092,2.3458436814779855,2.639074141662734,5.369810694345561,5.08718907885369,4.521945847869947,1.0,1.0,1.0,490.9541206258798,465.1144300666231,413.4350489481094,True,86.0,86.0,86.0
10690,ExxonMobil Baton Rouge Turbine Generator,LA,MISO,30.489722,-91.187222,85.3,0.2161030238783872,18.354524412790788,1678.1279463123003,1656.699374883729,5.714866816000691,5.414084352000655,4.812519424000582,3.398510088896134,3.587316204945919,4.0357307305641585,5.331792149740645,5.051171510280612,4.489930231360543,1.0,1.0,1.0,487.4781394048589,461.82139522565586,410.50790686724963,True,85.3,85.3,85.3
124,Demoss Petrie,AZ,TEPC,32.252273,-110.992148,85.0,0.2639204272454144,18.610278482609303,1701.5111755528503,1680.082604124279,4.679440742385574,4.433154387523176,3.940581677798378,4.223940163734872,4.458603506164587,5.015928944435161,4.350417565186589,4.121448219650453,3.66350952857818,1.0,1.0,1.0,397.7524631027738,376.81812293946996,334.94944261286213,True,85.0,85.0,85.0
2098,Lake Road (MO),MO,SWPP,39.7246,-94.8773,85.0,0.2133675047051116,44.46506898638223,4065.377735897803,4043.9491644692316,5.788135366286698,5.483496662797926,4.874219255820378,8.219550772823252,8.676192482424543,9.76071654272761,5.381157098344666,5.0979383036949475,4.531500714395508,1.0,1.0,1.0,491.99150613436933,466.0972163378237,414.30863674473215,True,85.0,85.0,85.0
8037,Clifton,KS,SWPP,39.6125,-97.2778,85.0,0.2201035758745247,107.4681381312946,9825.658343432648,9804.229772004075,5.6109947105268345,5.3156791994464765,4.725048177285756,20.55676143380398,21.698803735681977,24.41115420264223,5.216471644942917,4.941920505735396,4.392818227320352,1.0,1.0,1.0,476.93455039478096,451.8327319529505,401.62909506928924,True,85.0,85.0,85.0
6058,Cascade Creek,MN,MISO,44.0322,-92.4908,84.9,0.1956564566999155,50.1677592578383,4586.766560716644,4565.337989288072,6.312084051967467,5.979869101863918,5.315439201656815,8.51907559378379,8.99235757121622,10.116402267618248,5.861361800131666,5.552869073808949,4.935883621163509,1.0,1.0,1.0,535.895936012038,507.69088674824667,451.2807882206636,True,84.9,84.9,84.9
6635,A L Pierce,CT,ISNE,41.44823,-72.834884,84.0,0.1936437600061047,5.286047432172917,483.29576522723806,461.8671937986666,6.377690662281428,6.042022732687671,5.370686873500151,0.8621332179549072,0.9100295078412906,1.0237831963214519,5.859503295971063,5.551108385656798,4.934318565028264,0.0,0.0,1.0,535.7260156316399,507.5299095457643,451.1376973740127,True,72.41919030821221,76.4424786586684,84.0
56787,Geismar Cogen,LA,MISO,30.209,-90.9921,83.9,0.214715609620153,33.647297318555836,3076.3243262679616,3054.8957548393905,5.751794209022817,5.449068198021617,4.843616176019215,6.330399157724466,6.6820879998202685,7.517348999797803,5.278169904623596,5.000371488590776,4.444774656525134,1.0,1.0,1.0,482.5755341370144,457.17682181401375,406.3793971680122,True,83.9,83.9,83.9
2176,Glendive GT,MT,MISO,47.0539,-104.74,83.7,0.2059968610634469,56.75794395092004,5189.297732655546,5167.869161226974,5.995236983827733,5.679698195205222,5.0486206179601965,10.298635725231764,10.870782154411303,12.22962992371272,5.488452107538546,5.199586207141781,4.621854406348249,1.0,1.0,1.0,501.80133554638127,475.3907389386771,422.56954572326845,True,83.7,83.7,83.7
7799,West Marinette 34,WI,MISO,45.0869,-87.6892,83.0,0.1941842089788229,14.749642999343388,1348.5387885113953,1327.110217082824,6.359940422007667,6.0252067155862115,5.355739302743299,2.514061243177817,2.653731312243251,2.9854477262736574,5.773633414353836,5.469757971493109,4.862007085771651,1.0,1.0,1.0,527.8750550266363,500.09215739365555,444.5263621276938,True,83.0,83.0,83.0
7335,Richmond,IN,PJM,39.839572,-84.965682,82.8,0.1958283774780395,71.31924631732642,6520.616806155557,6499.188234726986,6.3065425752122914,5.9746192817800665,5.310772694915615,12.44621923889524,13.137675863278307,14.779885346188095,5.711362619676631,5.410764587062073,4.809568521832954,1.0,1.0,1.0,522.1817252275777,494.6984765313895,439.7319791390129,True,82.8,82.8,82.8
3576,Ray Olinger,TX,ERCO,33.068055,-96.452481,82.7,0.2260586942640319,53.96515120753496,4933.956681831767,4912.528110403196,5.463182931409598,5.1756469876511995,4.600575100134399,10.873110361073863,11.477172047800185,12.91181855377521,4.941619685926589,4.681534439298875,4.161363946043443,1.0,1.0,1.0,451.80522842757375,428.02600587875423,380.4675607811148,True,82.7,82.7,82.7
3338,Aberdeen CT,SD,SWPP,45.429884,-98.49396,82.2,0.2061569328110375,89.38952232099825,8172.756326491268,8151.327755062696,5.9905819472585735,5.675288160560755,5.0447005871651145,16.55341202282579,17.473046024093883,19.657176777105622,5.385907581957162,5.102438761854154,4.535501121648137,1.0,1.0,1.0,492.42583606465473,466.50868679809406,414.67438826497244,True,82.2,82.2,82.2
58378,Petra Nova Carbon Capture Cogen,TX,ERCO,29.475278,-95.634167,82.2,0.2143159472962573,64.7078646157407,5916.147622010578,5894.719050582006,5.762520314425371,5.459229771560879,4.852648685831892,12.444539312339579,13.135902607469554,14.777890433403252,5.180865920188062,4.908188766493954,4.362834459105736,1.0,1.0,1.0,473.67916984576556,448.7486872223043,398.8877219753815,True,82.2,82.2,82.2
63628,Tinker,OK,SWPP,35.414719,-97.373445,82.0,0.2258357088960684,31.459140555448233,2876.264279355267,2854.8357079266952,5.468577161853345,5.180757311229486,4.605117609981765,6.366385364682873,6.720073440498587,7.560082620560911,4.904630142037219,4.646491713508945,4.130214856452396,1.0,1.0,1.0,448.42332727197424,424.8220995208178,377.6196440185047,True,82.0,82.0,82.0
1217,Earl F Wisdom,IA,SWPP,43.1606,-95.2569,81.6,0.2024870507469586,104.37893476079653,9543.216892415681,9521.788320987109,6.099155454357121,5.778147272548853,5.136130908932314,19.131924614526422,20.194809315333444,22.719160479750123,5.4434962430137315,5.156996440749852,4.583996836222091,1.0,1.0,1.0,497.6910850755411,471.4968174399864,419.10828216887677,True,81.6,81.6,81.6
55311,BASF Freeport Works,TX,ERCO,29.002,-95.394,81.0,0.2129804405074281,11.84982273761035,1083.4123645815175,1061.9837931529462,5.798654548077747,5.4934622034420775,4.8830775141707345,2.261026401534102,2.386638979397107,2.684968851821746,5.137245513687629,4.866864170861966,4.326101485210636,1.0,1.0,1.0,469.6910183942975,444.97043847880826,395.52927864782947,True,81.0,81.0,81.0
2122,Chillicothe,MO,SWPP,39.783388,-93.564112,80.0,0.2111229039656257,83.59891658804207,7643.329516620988,7621.900945192417,5.8496732320481835,5.541795693519333,4.926040616461629,16.287022887523992,17.191857492386433,19.34083967893474,5.118464078042161,4.849071231829417,4.3102855394039254,1.0,1.0,1.0,467.97385856385466,443.34365548154665,394.0832493169303,True,80.0,80.0,80.0
54912,Martinez Refining,CA,CISO,38.0169,-122.1117,80.0,0.2511658000137249,5.981031317549319,546.8371490330805,525.4085776045091,4.917070715569212,4.6582775200129385,4.140691128900389,1.3356747543330953,1.4098789073516003,1.5861137707705504,4.3024368761230605,4.075992830011321,3.623104737787841,1.0,1.0,1.0,393.3656572455369,372.66220160103506,331.25529031203115,True,80.0,80.0,80.0
56248,Shell Chemical,LA,MISO,30.187508,-90.983963,80.0,0.214715609620153,38.73040945619884,3541.0660074238936,3519.6374359953224,5.751794209022817,5.449068198021617,4.843616176019215,7.648998964692793,8.07394335162017,9.083186270572691,5.032819932894966,4.767934673268916,4.238164154016814,1.0,1.0,1.0,460.1435367218254,435.9254558417294,387.4892940815372,True,80.0,80.0,80.0
56253,Millcreek Power Generation,UT,PACE,37.112092,-113.516581,80.0,0.259110061106891,16.17331748853695,1478.7033132376637,1457.2747418090923,4.766314340416614,4.515455690921004,4.013738391929781,3.8218071599158177,4.034129779911139,4.538396002400033,4.170525047864538,3.9510237295558794,3.512021092938559,1.0,1.0,1.0,381.30514723332914,361.23645527368035,321.0990713543825,True,80.0,80.0,80.0
1104,Burlington (IA),IA,MISO,40.7412,-91.116667,78.8,0.2044829886729841,59.4332844176765,5433.900289616136,5412.471718187565,6.039622210212569,5.721747357043488,5.0859976507053215,11.372596981473055,12.004407924888222,13.504958915499252,5.2053993924269575,4.9314310033518565,4.383494225201649,1.0,1.0,1.0,475.9222301647504,450.8736917350268,400.7766148755793,True,78.8,78.8,78.8
55101,Kalamazoo River Generating Station,MI,MISO,42.281345,-85.494956,77.4,0.1904428407884517,37.385268146052816,3418.0816590676855,3396.6530876391143,6.4848854117433925,6.143575653230584,5.460956136204962,6.767183077371442,7.143137692780964,8.036029904378585,5.489860806379016,5.200920763938017,4.623040679056015,1.0,1.0,1.0,501.9301308689386,475.5127555600472,422.6780049422641,True,77.4,77.4,77.4
535,McClellan (CA),CA,BANC,38.652731,-121.393336,77.0,0.2439867653915137,18.677344427548128,1707.6429190901144,1686.214347661543,5.061749960159746,4.795342067519761,4.262526282239787,4.32634717327621,4.566699794013776,5.137537268265499,4.262942544572037,4.038577147489299,3.5898463533238214,1.0,1.0,1.0,389.75474693230046,369.2413391990216,328.21452373246365,True,77.0,77.0,77.0
10319,Geismar,LA,MISO,30.2,-91.0,76.9,0.214715609620153,35.91051234128409,3283.2468426316877,3261.818271203116,5.751794209022817,5.449068198021617,4.843616176019215,7.3744575853969945,7.784149673474603,8.757168382658929,4.837798160495287,4.583177204679745,4.073935293048662,1.0,1.0,1.0,442.3129746738547,419.0333444278624,372.4740839358777,True,76.9,76.9,76.9
8219,Ray D Nixon,CO,WACM,38.633451,-104.70577,75.6,0.2486023081350145,91.48872114677768,8364.683076276815,8343.254504848244,4.967773667367877,4.706311895401147,4.183388351467686,22.21528529939305,23.449467816025994,26.380651293029242,4.107727851204813,3.8915316485098237,3.459139243119843,1.0,1.0,1.0,375.56368925301143,355.7971792923267,316.26415937095703,True,75.6,75.6,75.6
58478,LEPA Unit No. 1,LA,MISO,29.691111,-91.192778,74.1,0.2175658327435122,5.780180974675539,528.4736891131921,507.04511768462066,5.676442777924318,5.377682631717776,4.780162339304689,1.205458137516177,1.2724280340448533,1.43148153830046,4.60057948267085,4.358443720425016,3.874172195933347,1.0,1.0,1.0,420.6244098441919,398.48628301028714,354.2100293424774,True,74.1,74.1,74.1
50978,Carr Street Generating Station,NY,NYIS,43.06132,-76.08239,73.8,0.1718709394617703,11.68580654066152,1068.4165980033388,1046.9880265747674,7.185624305467326,6.8074335525479945,6.051052046709327,1.974335009080568,2.0840202873628213,2.3445228232831745,5.8001461190694075,5.494875270697334,4.884333573953186,1.0,1.0,1.0,530.2990737434886,502.38859617804195,446.56764104714836,True,73.8,73.8,73.8
54637,JCO Oxides Olefins Plant,TX,MISO,29.963502,-93.929737,73.8,0.2136388223444775,5.588365422311652,510.93626718277955,489.5076957542081,5.780784533667994,5.476532716106522,4.8680290809835745,1.147404053514673,1.2111487231543767,1.3625423135486738,4.666177015770134,4.420588751782233,3.9294122238064295,1.0,1.0,1.0,426.62189858469793,404.1681144486613,359.2605461765878,True,73.8,73.8,73.8
65405,"Flint Hills Resources Pine Bend, LLC",MN,MISO,44.45483,-93.02119,73.4,0.1929174873134214,86.12379304361454,7874.175363987614,7852.746792559043,6.401700629624985,6.0647690175394615,5.390905793368409,16.712067201282085,17.640515379131084,19.845579801522476,5.1393652867208095,4.868872376893401,4.3278865572385765,1.0,1.0,1.0,469.88482621447395,445.15404588739653,395.69248523324126,True,73.4,73.4,73.4
58235,Clayville,NJ,PJM,39.424444,-75.02,73.0,0.2031425948361084,20.920752409543155,1912.7545060153739,1891.3259345868025,6.079473391567015,5.7595011078003315,5.119556540266961,4.261647806919093,4.498406018414598,5.060706770716423,4.85407953607929,4.598601665759327,4.087645925119403,1.0,1.0,1.0,443.8015575843921,420.4435808694242,373.7276274394882,True,73.0,73.0,73.0
899,Moline,IL,MISO,41.509959,-90.534021,72.0,0.2003501033176166,10.44526030526464,954.9952279099098,933.5666564813383,6.16420944910692,5.839777372838136,5.190913220300565,2.1034657678803197,2.2203249772070035,2.4978655993578793,4.8543149411717,4.598824681110033,4.087844160986696,1.0,1.0,1.0,443.82308033569825,420.4639708443458,373.74575186164066,True,72.0,72.0,72.0
1079,Coralville GT,IA,MISO,41.671877,-91.563999,72.0,0.2046327806096946,52.81321541752357,4828.636838173583,4807.208266745011,6.035201184875514,5.717559017250489,5.082274682000434,11.062892426832459,11.67749756165648,13.137184756863542,4.752720933089468,4.50257772608476,4.002291312075342,1.0,1.0,1.0,434.534485311037,411.66424924203517,365.9237771040312,True,72.0,72.0,72.0
10190,Castleton Energy Center,NY,NYIS,42.5375,-73.7433,72.0,0.1842278741870698,23.572810916139503,2155.2284266184683,2133.7998551898972,6.703654403274222,6.350830487312423,5.64518265538882,4.420888565703016,4.666493486019849,5.24980517177233,5.2791278425784505,5.001279008758534,4.445581341118697,1.0,1.0,1.0,482.663117035744,457.2597950864944,406.45315118799505,True,72.0,72.0,72.0
151,McClure,CA,BANC,37.62936,-120.93139,71.2,0.2416313722479264,62.23650191934222,5690.194461197002,5668.7658897684305,5.111091281362361,4.842086477080133,4.304076868515673,15.577397089762355,16.442808039193594,18.498159044092798,3.9802623353609397,3.770774844026154,3.351799861356581,1.0,1.0,1.0,363.90969923300014,344.7565571681055,306.4502730383159,True,71.2,71.2,71.2
7863,Elk Mound,WI,MISO,44.902814,-91.568096,71.0,0.1937225056804332,66.28999543080008,6060.799582244577,6039.371010816006,6.3750982141293875,6.039566729175211,5.368503759266853,13.342784797274875,14.0840506193457,15.844556946763912,4.950662206909853,4.690101038125125,4.168978700555666,1.0,1.0,1.0,452.63197320318653,428.80923777143994,381.1637669079466,True,71.0,71.0,71.0
10567,Algonquin Windsor Locks,CT,ISNE,41.9227,-72.6255,71.0,0.1912447628988366,19.767079159818326,1807.2758088976752,1785.847237469104,6.457693174339535,6.117814586216403,5.438057409970136,3.8950097679571325,4.111399199510306,4.625324099449094,5.014802355698046,4.750865389608676,4.222991457429933,1.0,1.0,1.0,458.49621537810697,434.3648356213646,386.1020761078796,True,71.0,71.0,71.0
10156,Fresno Cogen Partners,CA,CISO,36.617022,-120.099846,70.80000000000001,0.2431475024929529,106.27936819535827,9716.970806432755,9695.542235004184,5.079221408148306,4.8118939656141855,4.277239080545942,26.961354099547222,28.459207105077613,32.01660799321232,3.9332220779348455,3.7262103896224863,3.312187012997765,1.0,1.0,1.0,359.6088756969001,340.6820927654844,302.82852690265275,True,70.80000000000001,70.80000000000001,70.80000000000001
52149,West Point (PA),PA,PJM,40.217963,-75.298823,70.69999999999999,0.1922039949565377,20.261212702320947,1852.4537327836292,1831.0251613550577,6.425464779123168,6.087282422327212,5.410917708735299,4.0306060376957005,4.254528595345461,4.786344669763643,4.968691436231336,4.707181360640215,4.184161209457968,1.0,1.0,1.0,454.28035988400785,430.37086725853385,382.5518820075856,True,70.69999999999999,70.69999999999999,70.69999999999999
55309,Air Products Port Arthur,TX,MISO,29.866497,-93.96515,70.4,0.2138810885568983,5.204039333698502,475.79788193814863,454.36931050957725,5.774236555147584,5.470329368034555,4.862514993808492,1.1177424864123542,1.1798392912130402,1.3273192026146703,4.446162147463641,4.212153613386608,3.74413654523254,1.0,1.0,1.0,406.5062534823899,385.1111875096327,342.3210555641179,True,70.4,70.4,70.4
7932,Gaylord - Wolverine,MI,MISO,45.0046,-84.7218,70.19999999999999,0.1810646362954983,27.79866043117072,2541.591810849894,2520.1632394213225,6.8207686783435415,6.461780853167567,5.743805202815614,5.263301387027309,5.555707019639937,6.25017039709493,5.23707145084065,4.961436111322722,4.410165432286863,1.0,1.0,1.0,478.81796121971655,453.6170158923631,403.215125237656,True,70.19999999999999,70.19999999999999,70.19999999999999
10350,Greenleaf 1,CA,CISO,39.052922,-121.696072,69.8,0.2372854418362592,98.0736934607191,8966.737687837174,8945.309116408602,5.204701942280226,4.930770261107584,4.382906898762297,24.62317582971512,25.991130042477064,29.2400212977867,3.9734646390595607,3.764334921214322,3.3460754855238415,1.0,1.0,1.0,363.2881955711598,344.1677642253094,305.9269015336083,True,69.8,69.8,69.8
50410,Chester Operations,PA,PJM,39.843743,-75.358801,69.2,0.2080655032658584,9.993868271712667,913.7250991280152,892.2965276994438,5.935630753849487,5.623229135225831,4.998425897978516,2.1723821827029877,2.2930700817420417,2.5797038419597977,4.492530526819831,4.256081551724051,3.78318360153249,1.0,1.0,1.0,410.7456481663845,389.12745615762753,345.8910721401133,True,69.2,69.2,69.2
50464,Oxnard,CA,CISO,34.196,-119.1667,68.7,0.2340500566298368,44.283678192298986,4048.793434724478,4027.3648632959066,5.276649011682236,4.9989306426463305,4.443493904574516,11.109794675240256,11.72700549053138,13.192881176847802,3.9649070464343565,3.75622772820097,3.338869091734195,1.0,1.0,1.0,362.5057871025697,343.42653514980293,305.26803124426925,True,68.7,68.7,68.7
2434,Howard Down,NJ,PJM,39.4889,-75.0347,68.2,0.2031425948361084,32.38277413911347,2960.7107784332316,2939.28220700466,6.079473391567015,5.7595011078003315,5.119556540266961,7.089097492330608,7.482936241904529,8.418303272142596,4.534907183022021,4.296227857599811,3.818869206755387,1.0,1.0,1.0,414.6200853048705,392.79797555198263,349.15375604620675,True,68.2,68.2,68.2
7784,Allegany Cogen,NY,NYIS,42.5027,-78.0686,67.0,0.1767183040887479,40.57802411547201,3709.990776271726,3688.5622048431546,6.988523381142132,6.620706361082021,5.885072320961796,7.877653723677987,8.315301152771207,9.354713796867609,5.12127729024322,4.851736380230419,4.312654560204817,1.0,1.0,1.0,468.23106653652286,443.5873261924954,394.2998455044403,True,67.0,67.0,67.0
55977,Bluffview,NM,WACM,36.716628,-108.215282,67.0,0.2629609886220282,50.56355258056016,4622.953378794072,4601.5248073655,4.696514134935619,4.449329180465324,3.954959271524732,14.623500060591212,15.435916730624054,17.365406321952065,3.4416642645075086,3.260524040059746,2.898243591164218,1.0,1.0,1.0,314.6664470406865,298.1050550911767,264.98227119215704,True,67.0,67.0,67.0
55558,Combined Locks Energy Center,WI,MISO,44.2717,-88.3011,66.5,0.1950694239637929,57.94428144325755,5297.762874812119,5276.334303383547,6.331079340395396,5.997864638269324,5.331435234017176,12.532361184760637,13.22860347280289,14.882178906903254,4.604870988990714,4.362509357991205,3.8777860959921813,1.0,1.0,1.0,421.01677613629386,398.8579984449101,354.54044306214223,True,66.5,66.5,66.5
54593,Batavia Power Plant,NY,NYIS,42.9828,-78.1592,66.2,0.1703938755668219,69.2082327654956,6327.60985284531,6306.18128141674,7.247913083094824,6.866443973458256,6.103505754185115,13.143029570159687,13.873197879612999,15.607347614564626,5.2479420667283465,4.971734589532119,4.419319635139661,1.0,1.0,1.0,479.81184610087735,454.55859104293654,404.05208092705465,True,66.2,66.2,66.2
56489,Elkins Generating Center,AR,SWPP,35.9714,-94.0014,66.0,0.2059971742331218,31.31493139923263,2863.0794422155545,2841.650870786983,5.9952278694968,5.679689560575917,5.048612942734148,7.181597957786878,7.58057562210837,8.528147574871918,4.327805118293003,4.100025901540741,3.6444674680362135,1.0,1.0,1.0,395.6850393867888,374.85951099801053,333.20845422045375,True,66.0,66.0,66.0
54131,World Generation X,NY,NYIS,43.0483,-78.8539,65.7,0.1748230012691277,26.296800254872316,2404.2788804454685,2382.850309016897,7.064287828458021,6.6924832059076,5.948873960806755,5.134084417545121,5.419311329630959,6.09672524583483,5.076353081731006,4.809176603745165,4.27482364777348,1.0,1.0,1.0,464.12371032969196,439.6961466281293,390.84101922500383,True,65.7,65.7,65.7
7231,Gianera,CA,CISO,37.401,-121.96867,64.6,0.2423058914873143,3.496811419271369,319.70847261909654,298.2799011905251,5.096863276494691,4.828607314573919,4.2920953907323725,0.9059171653741896,0.9562458967838666,1.07577663388185,3.60125245879828,3.4117128557036347,3.032633649514342,0.0,0.0,1.0,329.257367661557,311.92803252147513,277.2693622413112,True,58.522248883172644,61.77348493223778,64.6
50744,Sterling Power Plant,NY,NYIS,43.080338,-75.600963,64.2,0.1711516377918734,51.640430110950895,4721.410753001224,4699.982181572653,7.215823441326368,6.836043260203929,6.076482897959047,10.145542749363472,10.709184013216996,12.047832014869122,5.06686102270636,4.800184126774447,4.266830334910619,1.0,1.0,1.0,463.25586493315285,438.87397730509224,390.11020204897085,True,64.2,64.2,64.2
10620,Carthage Energy LLC,NY,NYIS,43.9842,-75.6225,62.9,0.1742555030461238,39.8507234794256,3643.4947181189114,3622.06614669034,7.0872941078544125,6.7142786284936555,5.968247669772138,8.125035670756365,8.57642654135394,9.64847985902318,4.875836868262966,4.619213875196495,4.105967889063551,1.0,1.0,1.0,445.79079938404254,422.3281257322509,375.4027784286675,True,62.9,62.9,62.9
54694,Yuma Cogeneration Associates,AZ,AZPS,32.728822,-114.654053,62.6,0.2714131532029755,76.18274354719048,6965.279410028843,6943.850838600272,4.550258472832409,4.3107711847885986,3.8317966087009765,24.377545905183293,25.731854011026808,28.948335762405154,3.1155050981174406,2.951531145584944,2.62358324051995,1.0,1.0,1.0,284.8461803993088,269.8542761677663,239.87046770468115,True,62.6,62.6,62.6
1206,Summit Lake,IA,MISO,41.1136,-94.3472,62.3,0.2075053419299335,95.4112101958421,8723.310646476992,8701.88207504842,5.951654008102651,5.638409060307776,5.011919164718023,23.468615558995353,24.772427534495087,27.868980976306972,4.055494238958698,3.8420471737503457,3.415153043333641,1.0,1.0,1.0,370.78804470479514,351.2728844571744,312.24256396193283,True,62.3,62.3,62.3
54091,Mansfield Mill,LA,MISO,32.1575,-93.5562,62.0,0.2074612585949972,47.83608832240047,4373.585218048042,4352.156646619471,5.952918671967322,5.639607162916412,5.012984144814587,11.791875349487501,12.446979535570136,14.002851977516407,4.0368229744278405,3.8243586073526923,3.399429873202392,1.0,1.0,1.0,369.08095766197397,349.65564410081754,310.8050169785044,True,62.0,62.0,62.0
6210,Northeast (WA),WA,AVA,47.73511,-117.370538,61.8,0.1719542981554463,24.918994702113597,2278.308087050386,2256.8795156218143,7.182140913299897,6.80413349681043,6.0481186638314925,5.084707534166014,5.367191286064125,6.038090196822142,4.854678373583649,4.599168985500301,4.0881502093336,1.0,1.0,1.0,443.8563084419336,420.4954501028846,373.7737334247862,True,61.8,61.8,61.8
64854,Primient,IN,MISO,40.376319,-86.843695,61.8,0.1960680098272295,56.92057018009811,5204.166416466112,5182.737845037541,6.298834782319934,5.967317162197834,5.3042819219536295,13.314061223127693,14.053731291079227,15.810447702464135,4.2576186356743815,4.0335334443230995,3.5853630616205314,1.0,1.0,1.0,389.26798954737194,368.78020062382615,327.8046227767343,True,61.8,61.8,61.8
57564,Algonquin Power Sanger LLC,CA,CISO,36.6842,-119.5522,61.5,0.243305123073621,104.026230438968,9510.969640134215,9489.541068705645,5.075930931492572,4.808776671940332,4.27446815283585,30.398656497595315,32.087470747461715,36.09840459089443,3.4143566656368005,3.234653683234864,2.87524771843099,1.0,1.0,1.0,312.16975228679314,295.7397653243304,262.8797913994048,True,61.5,61.5,61.5
63632,Primient Loudon Plant,TN,TVA,35.735092,-84.319301,61.4,0.1973488120056327,27.01854101983571,2470.2666075278357,2448.8380360992646,6.257955076845108,5.928589020169051,5.269856906816933,6.373224982769081,6.727293037367361,7.568204667038282,4.202607956293793,3.9814180638572783,3.539038278984247,1.0,1.0,1.0,384.2384417182896,364.0153658383797,323.5692140785597,True,61.4,61.4,61.4
7984,Kalkaska CT #1,MI,MISO,44.6889,-85.2019,60.5,0.175777739081356,33.07671554866181,3024.156850163365,3002.7282787347935,7.025918108028454,6.65613294444801,5.91656261728712,7.064111993999448,7.45656266033275,8.388632992874344,4.649181748046954,4.404487971833957,3.9151004194079615,1.0,1.0,1.0,425.06804553572147,402.6960431391046,357.95203834587073,True,60.5,60.5,60.5
50279,Archbald Power Station,PA,PJM,41.485,-75.5406,60.5,0.1761379816098852,8.924635564061072,815.9666801427264,794.538108714155,7.011548495743006,6.642519627546007,5.904461891152006,1.8730329411589897,1.9770903267789333,2.2242266176262997,4.639673106167443,4.39547978479021,3.9070931420357424,1.0,1.0,1.0,424.1986839924519,401.8724374665334,357.2199444146964,True,60.5,60.5,60.5
55499,CalPeak Power Vaca Dixon Peaker Plant,CA,CISO,38.398867,-121.923973,60.5,0.2455307474070645,81.51222747219943,7452.546511743946,7431.117940315376,5.029919930771433,4.765187302836095,4.235722046965417,24.419552875239134,25.776194701641302,28.99821903934647,3.3283923291901596,3.153213785548573,2.8028566982653973,1.0,1.0,1.0,304.3101558116717,288.29383182158375,256.2611838414077,True,60.5,60.5,60.5
55508,CalPeak Power Panoche Peaker Plant,CA,CISO,36.652905,-120.580609,60.5,0.2505917824707839,106.18241794334828,9708.106783391842,9686.67821196327,4.928333993330314,4.668947993681352,4.1501759943834236,32.48772990740833,34.292603791153226,38.57917926504739,3.2611710096490443,3.0895304301938324,2.746249271283406,1.0,1.0,1.0,298.164206596484,282.4713536177218,251.0856476601971,True,60.5,60.5,60.5
55510,Border Hybrid Energy Center,CA,CISO,32.562448,-116.943869,60.5,0.2599615307557876,9.721782080587806,888.8486473680279,867.4200759394564,4.750702907501266,4.500665912369621,4.00059192210633,3.017979064469805,3.18564456805146,3.5838501390578927,3.1436291895731037,2.9781750217008356,2.647266685956298,1.0,1.0,1.0,287.4175259038266,272.2902876983621,242.03581128743295,True,60.5,60.5,60.5
55836,Island Street Peaking Plant,WI,MISO,44.2761,-88.2658,60.5,0.1950694239637929,69.40004831785949,6345.147274775723,6323.718703347152,6.331079340395396,5.997864638269324,5.331435234017176,16.50970876663422,17.426914809225007,19.60527916037814,4.189393907277267,3.9688994911047804,3.5279106587598035,1.0,1.0,1.0,383.0303000939215,362.87081061529415,322.55183165803913,True,60.5,60.5,60.5
55951,Agua Mansa Power Plant,CA,CISO,34.0414,-117.3603,60.5,0.2587757061342058,11.845652834298091,1083.0311162786825,1061.6025448501111,4.772472727248617,4.52128995213027,4.018924401893573,3.6767417027799034,3.881005130712119,4.366130772051134,3.1580346874840464,2.991822335511203,2.659397631565513,1.0,1.0,1.0,288.73459999854134,273.53804210388137,243.14492631456116,True,60.5,60.5,60.5
57001,El Cajon Energy Center,CA,CISO,32.796106,-116.972073,60.5,0.2553554233445164,3.559707460897933,325.4589678535253,304.03039642495384,4.836396203474332,4.581849034870421,4.072754697662596,1.0390579260373438,1.0967833663727513,1.2338812871693456,3.2003340502677813,3.031895416043162,2.695018147593921,1.0,1.0,1.0,292.6019703101971,277.2018666096605,246.40165920858706,True,60.5,60.5,60.5
58122,Delano Energy Center,CA,CISO,35.790864,-119.294469,60.5,0.2474977279452559,99.16725060435888,9066.720055255668,9045.291483827097,4.98994479768788,4.727316124125361,4.20205877700032,29.962044913839183,31.62660296460802,35.57992833518403,3.3019400340950273,3.128153716511079,2.780581081343181,1.0,1.0,1.0,301.89166026011674,286.00262550958433,254.22455600851936,True,60.5,60.5,60.5
56480,Marshfield Utilities Gas Plant,WI,MISO,44.634722,-90.134444,60.4,0.1955523157986151,77.60433308472791,7095.2533106036935,7073.824739175123,6.315445536691241,5.983053666339073,5.3182699256347306,18.544424609207574,19.574670420830213,22.021504223433993,4.172141207676652,3.9525548283252503,3.5133820696224443,1.0,1.0,1.0,381.452910416151,361.37644144688,321.2235035083377,True,60.4,60.4,60.4
1268,Chanute 2,KS,SWPP,37.6953,-95.4586,60.0,0.2216678741319994,87.18746588018313,7971.425451902456,7949.996880473885,5.571398222841162,5.278166737428471,4.6917037666030845,23.782171495960505,25.10340324573608,28.24132865145309,3.6562300837395125,3.4637969214374342,3.0789305968332745,1.0,1.0,1.0,334.2838933704697,316.6900042457082,281.5022259961851,True,60.0,60.0,60.0
3110,Hunterstown,PA,PJM,39.8662,-77.1648,60.0,0.1969601560574964,65.64018549797315,6001.388388386115,5979.959816957545,6.270303723964759,5.940287738492931,5.2802557675492725,15.894923330168904,16.777974626289392,18.87522145457557,4.114886818851874,3.898313828385987,3.4651678474542105,1.0,1.0,1.0,376.21822343788557,356.4172643095759,316.81534605295633,True,60.0,60.0,60.0
50127,Signal Hill Generating LLC,TX,ERCO,33.8625,-98.5894,60.0,0.2329559513432243,82.52968388039048,7545.5710976356995,7524.142526207129,5.301431420313532,5.022408713981243,4.46436330131666,23.654436980223927,24.968572368014136,28.08964391401591,3.479064369580756,3.295955718550191,2.9297384164890583,1.0,1.0,1.0,318.08588521881194,301.3445228388746,267.8617980789996,True,60.0,60.0,60.0
50451,Indeck Yerkes Energy Center,NY,NYIS,42.9671,-78.9182,59.900000000000006,0.1810444418279798,4.547279562017801,415.75127424162747,394.322702813056,6.821529495909301,6.46250162770355,5.744445891292044,0.9650352967616755,1.0186483688039907,1.1459794149044893,4.469167683804329,4.233948332025155,3.763509628466805,0.0,1.0,1.0,408.6096168049672,387.1038474994427,344.0923088883935,True,57.80561427602437,59.900000000000006,59.900000000000006
477,Valmont,CO,PSCO,40.0195,-105.202,59.3,0.2212777155019823,41.164590514729696,3763.6197042038575,3742.191132775286,5.58122175655296,5.287473243050174,4.699976216044599,11.306859444289868,11.935018302305972,13.426895590094219,3.6199455486642718,3.429422098734574,3.0483751988751764,1.0,1.0,1.0,330.96645016359054,313.5471633128753,278.70858961144467,True,59.3,59.3,59.3
1404,Sterlington,LA,MISO,32.7047,-92.0792,59.3,0.2089361515534181,32.60238904689241,2980.7898557158774,2959.361284287306,5.9108966582274345,5.599796834110203,4.977597185875735,8.442866612437555,8.911914757572974,10.025904102269598,3.8337706294222005,3.6319932278736644,3.22843842477659,1.0,1.0,1.0,350.51617183288687,332.067952262735,295.17151312243107,True,59.3,59.3,59.3
55513,CalPeak Power Enterprise Peaker Plant,CA,CISO,33.121943,-117.117441,58.9,0.2508853738680981,6.312538630873863,577.1463891084675,555.717817679896,4.922566752134765,4.6634842914960934,4.14531937021875,1.9166702976125636,2.0231519808132616,2.276045978414919,3.1712097998518187,3.0043040209122496,2.6704924630331104,1.0,1.0,1.0,289.93918170073766,274.6792247691199,244.15931090588435,True,58.9,58.9,58.9
8076,Ellwood,CA,CISO,34.431419,-119.900055,58.0,0.2573444730696232,6.437983222184304,588.615608885422,567.1870374568506,4.799015052737802,4.546435313120025,4.041275833884466,2.037727897337064,2.150935002744678,2.4198018780877626,3.044375174080544,2.884144901760516,2.5636843571204584,1.0,1.0,1.0,278.3428730587925,263.69324816096145,234.39399836529904,True,58.0,58.0,58.0
3991,Fitchburg,WI,MISO,43.0147,-89.4603,57.6,0.2013020093287148,40.44979958862006,3698.267390959548,3676.8388195309763,6.135060470177994,5.812162550694943,5.166366711728837,10.404788607026054,10.982832418527497,12.35568647084344,3.8650880962121366,3.6616624069378148,3.2548110283891676,1.0,1.0,1.0,353.3794830822524,334.78056292002873,297.582722595581,True,57.6,57.6,57.6
50450,Indeck Oswego Energy Center,NY,NYIS,43.471745,-76.493474,57.400000000000006,0.1790245483722425,11.005069824935331,1006.1778125655159,984.7492411369444,6.898495269107379,6.535416570733307,5.809259173985161,2.4869061230155594,2.6250675742942007,2.9532010210809765,4.330961561136477,4.103016215813506,3.64712552516756,1.0,1.0,1.0,395.9736284467636,375.1329111600919,333.4514765867483,True,57.400000000000006,57.400000000000006,57.400000000000006
55874,Wellhead Power Panoche,CA,CISO,36.6535,-120.5783,56.7,0.2505917824707839,107.18944959325869,9800.178248526507,9778.749677097936,4.928333993330314,4.668947993681352,4.1501759943834236,34.9945277998354,36.93866823315958,41.55600176230453,3.0563371280512537,2.8954772792064514,2.5737575815168454,1.0,1.0,1.0,279.43653742182886,264.7293512417327,235.31497888154013,True,56.7,56.7,56.7
50449,Indeck Silver Springs Energy Center,NY,NYIS,42.6544,-78.0772,56.599999999999994,0.1689810951894035,57.0091806254836,5212.267942901357,5190.839371472785,7.308509857956256,6.923851444379612,6.154534617226322,12.548514641331973,13.245654343628193,14.901361136581718,4.524424383941045,4.286296784786254,3.8100415864766695,1.0,1.0,1.0,413.6616579603241,391.889991751886,348.34665933500975,True,56.599999999999994,56.599999999999994,56.599999999999994
2059,L L Wilkins,MS,MISO,34.1845,-90.562662,55.2,0.2128703286318188,92.73274230160143,8478.422153289273,8456.993581860701,5.801654030121125,5.496303818009489,4.885603393786211,26.407366704920936,27.87444263297209,31.358747962093602,3.50274862068563,3.318393430123229,2.949683048998426,1.0,1.0,1.0,320.2513024626861,303.39597075412377,269.6853073369989,True,55.2,55.2,55.2
7345,University of Florida,FL,FPC,29.640278,-82.348611,54.2,0.2126963054667272,5.163382776403982,472.08071098550687,450.6521395569355,5.806400808373209,5.500800765827252,4.889600680735335,1.4319740223558888,1.5115281347089933,1.7004691515476174,3.442106979213744,3.2609434539919686,2.8986164035484165,1.0,1.0,1.0,314.706923813828,298.1434015078371,265.0163568958552,True,54.2,54.2,54.2
126,H Wilson Sundt Generating Station,AZ,TEPC,32.16,-110.9047,54.0,0.2639204272454144,38.56430830759388,3525.8796166942975,3504.451045265726,4.679440742385574,4.433154387523176,3.940581677798378,13.86858925066981,14.639066431262574,16.468949735170398,2.76379468847148,2.618331810130876,2.3274060534496677,1.0,1.0,1.0,252.689800088821,239.3903369262515,212.79141060111243,True,54.0,54.0,54.0
6515,Valencia,AZ,TEPC,31.363472,-110.931343,54.0,0.2727075190626012,27.85321666617277,2546.579809478653,2525.1512380500817,4.528661344744588,4.290310747652768,3.813609553469127,10.325801910128861,10.899457571802685,12.26188976827802,2.6747406067397725,2.5339647853324165,2.2524131425177036,1.0,1.0,1.0,244.54771261620775,231.67678037324947,205.93491588733286,True,54.0,54.0,54.0
55538,Escondido Energy Center,CA,CISO,33.1261,-117.1172,54.0,0.2524343842544315,6.51408395763302,595.5733904121618,574.1448189835903,4.892360458927138,4.6348678031941315,4.1198824917281165,2.1732477710750437,2.29398375835699,2.5807317281516142,2.889550396053841,2.7374687962615343,2.4333055966769193,1.0,1.0,1.0,264.18746478206543,250.2828613724831,222.47365455331828,True,54.0,54.0,54.0
464,Alamosa,CO,PSCO,37.4594,-105.8947,53.2,0.2638254907684699,79.06935911510136,7229.1985476664095,7207.769976237838,4.681124619166619,4.434749639210482,3.9419996792982057,28.942702677653497,30.550630604189795,34.36945942971352,2.723829387777577,2.5804699463155996,2.293751063391644,1.0,1.0,1.0,249.03582973966414,235.92868080599766,209.71438293866456,True,53.2,53.2,53.2
3132,Warren,PA,PJM,41.835947,-79.188668,53.1,0.1728995233906541,5.134540945160861,469.44374355756435,448.01517212899296,7.142876832630741,6.766935946702808,6.01505417484694,1.1812043540624555,1.2468268181770363,1.4026801704491658,4.148448935451323,3.930109517795991,3.4934306824853247,1.0,1.0,1.0,379.2867598126923,359.3242987699191,319.3993766843725,True,53.1,53.1,53.1
54749,Goal Line LP,CA,CISO,33.1185,-117.0995,51.400000000000006,0.2508853738680981,6.4039290118008605,585.5020810789357,564.0735096503643,4.922566752134765,4.6634842914960934,4.14531937021875,2.2293639370141602,2.353217489070502,2.647369675204315,2.767405495965764,2.6217525751254604,2.330446733444854,1.0,1.0,1.0,253.01993105972696,239.70309258289922,213.06941562924376,True,51.400000000000006,51.400000000000006,51.400000000000006
1877,George Johnson,MI,MISO,43.8393,-85.426,50.0,0.1854396892150813,43.383326568793855,3966.475572004009,3945.047000575438,6.6598472270280356,6.309328951921298,5.6082924017078195,11.847259752641262,12.505440850010219,14.068620956261498,3.6421039522809573,3.4504142705819603,3.0670349071839644,1.0,1.0,1.0,332.99236135140177,315.4664475960649,280.414620085391,True,50.0,50.0,50.0
7449,Combustion Turbine Project No 2,CA,CISO,38.088138,-121.386944,50.0,0.2450034250186981,91.51686799413542,8367.256502320952,8345.827930892381,5.040745858576253,4.775443444966977,4.244838617748424,33.11346441595705,34.95310132795466,39.322238993949,2.756657891408889,2.611570633966316,2.3213961190811694,1.0,1.0,1.0,252.03729292881266,238.77217224834885,212.24193088742118,True,50.0,50.0,50.0
7947,Solway CT,MN,MISO,47.544582,-95.129652,50.0,0.1970919510370064,39.583849667441065,3619.0948267374683,3597.666255308897,6.26611078484942,5.936315480383663,5.276724871452145,11.482932169049901,12.120872845108225,13.635981950746753,3.426779335464527,3.2464225283348163,2.8857089140753924,1.0,1.0,1.0,313.305539242471,296.81577401918315,263.83624357260726,True,50.0,50.0,50.0
52186,Yuba City Cogen Partners,CA,CISO,39.13667,-121.639846,49.9,0.2312701922209307,86.88202046256019,7943.499013719788,7922.070442291217,5.340074257473758,5.05901771760672,4.496904637872639,29.729722667625833,31.38137392693837,35.304045667805674,2.9145124033368504,2.7611170136875427,2.4543262343889265,1.0,1.0,1.0,266.46970544794056,252.4449841085753,224.39554142984468,True,49.9,49.9,49.9
55851,Valero Refinery Cogeneration Unit 1,CA,CISO,38.0736,-122.1411,49.9,0.2421748102672275,5.378480288927978,491.74676927341505,470.31819784484367,5.099622040117387,4.83122088011121,4.294418560098853,1.8482182231393867,1.9508970133137964,2.194759139978021,2.783278091582818,2.6367897709731967,2.3438131297539524,1.0,1.0,1.0,254.4711398018576,241.07792191754936,214.29148614893276,True,49.9,49.9,49.9
4256,Walnut,CA,TIDC,37.4903,-120.9044,49.8,0.2451699702648508,93.17753198824234,8519.088638925012,8497.660067496441,5.03732165348742,4.77219946119861,4.241955076620986,33.874299888930835,35.75620543831587,40.22573111810536,2.743766138133929,2.599357394021618,2.3105399057969933,1.0,1.0,1.0,250.8586183436735,237.65553316769075,211.24936281572508,True,49.8,49.8,49.8
50493,Double C Generation Limited Partnership,CA,CISO,35.5005,-119.046,49.8,0.2556362283709113,56.987636125036936,5210.298160003376,5188.869588574805,4.831083637363387,4.576816077502158,4.068280957779695,21.56745282558226,22.765644649225713,25.611350230378928,2.6314308687263703,2.4929345072144566,2.215941784190628,1.0,1.0,1.0,240.58796514069667,227.92544065960743,202.60039169742882,True,49.8,49.8,49.8
50494,Kern Front Limited,CA,CISO,35.51647,-119.040128,49.8,0.2556362283709113,57.20516608115975,5230.186613134605,5208.7580417060335,4.831083637363387,4.576816077502158,4.068280957779695,21.650118860517125,22.85290324165696,25.70951614686408,2.6314308687263703,2.4929345072144566,2.215941784190628,1.0,1.0,1.0,240.58796514069667,227.92544065960743,202.60039169742882,True,49.8,49.8,49.8
50495,High Sierra Limited,CA,CISO,35.509041,-119.030546,49.8,0.2556362283709113,51.710275991431224,4727.796662073712,4706.36809064514,4.831083637363387,4.576816077502158,4.068280957779695,19.561943125013922,20.648717743070243,23.229807460954024,2.6314308687263703,2.4929345072144566,2.215941784190628,1.0,1.0,1.0,240.58796514069667,227.92544065960743,202.60039169742882,True,49.8,49.8,49.8
56471,McGrath Peaker,CA,CISO,34.205556,-119.246944,49.8,0.2340500566298368,11.330669775234178,1035.9469508785533,1014.5183794499818,5.276649011682236,4.9989306426463305,4.443493904574516,3.8607561283559915,4.075242579931324,4.584647902422739,2.874124758550668,2.7228550344164235,2.420315586147932,1.0,1.0,1.0,262.77712078177535,248.94674600378724,221.28599644781087,True,49.8,49.8,49.8
56472,Grapeland Hybrid,CA,CISO,34.0903,-117.5343,49.8,0.2533803116558033,7.018989750358976,641.7362057471063,620.3076343185348,4.8740961439721,4.617564767973569,4.1045020159765055,2.5555459360698576,2.6975207102959606,3.034710799082956,2.6548592434198035,2.5151298095556034,2.235670941827203,1.0,1.0,1.0,242.72998796981057,229.9547254450837,204.40420039562997,True,49.8,49.8,49.8
56473,Mira Loma Peaker,CA,CISO,34.0053,-117.5604,49.8,0.2533803116558033,16.83772208295679,1539.4488761560492,1518.0203047274779,4.8740961439721,4.617564767973569,4.1045020159765055,6.253946277607367,6.601387737474443,7.426561204658748,2.6548592434198035,2.5151298095556034,2.235670941827203,1.0,1.0,1.0,242.72998796981057,229.9547254450837,204.40420039562997,True,49.8,49.8,49.8
56474,Barre Peaker,CA,CISO,33.8073,-117.9832,49.8,0.2506025983238678,4.034728946552704,368.88950368481864,347.4609322562472,4.928121289484557,4.668746484774845,4.149996875355417,1.415778294383184,1.4944326440711382,1.6812367245800308,2.68428606486612,2.5430078509257985,2.260451423045154,1.0,1.0,1.0,245.42044021633095,232.50357494178726,206.66984439269976,True,49.8,49.8,49.8
10349,Greenleaf 2 Power Plant,CA,CISO,39.1365,-121.6397,49.5,0.2312701922209307,86.86464586542579,7941.910479124642,7920.481907696071,5.340074257473758,5.05901771760672,4.496904637872639,29.963953269950917,31.628617340503737,35.58219450806671,2.8911495784604027,2.7389838111730134,2.434652276598234,1.0,1.0,1.0,264.33367574495105,250.42137702153263,222.59677957469563,True,49.5,49.5,49.5
50299,AltaGas Ripon Energy Inc.,CA,CISO,37.732533,-121.116006,49.5,0.2416313722479264,91.58115400353276,8373.134080322994,8351.705508894423,5.111091281362361,4.842086477080133,4.304076868515673,33.01082178423468,34.84475632780326,39.20035086877867,2.7671767640500913,2.621535881731666,2.330254117094814,1.0,1.0,1.0,252.99901842743688,239.68328061546657,213.0518049915258,True,49.5,49.5,49.5
55262,Bowling Green Generating Station,OH,PJM,41.397369,-83.641236,49.5,0.1912679876000333,97.33353562279322,8899.066114083951,8877.637542655379,6.456909049425189,6.117071731034391,5.437397094252791,27.775861733549245,29.31896516319086,32.983835808589724,3.495810915040357,3.311820866880339,2.9438407705603007,1.0,1.0,1.0,319.61699794654686,302.7950506862024,269.15115616551316,True,49.5,49.5,49.5
55263,Galion Generating Station,OH,PJM,40.7167,-82.789,49.5,0.1859598619871161,80.40338068308138,7351.166233881725,7329.7376624531535,6.641218092996675,6.29168029862843,5.592604709891937,22.296438132115576,23.535129139455325,26.477020281887246,3.595596983161481,3.406355036679299,3.0278711437149317,1.0,1.0,1.0,328.74029560333537,311.4381747821073,276.83393313965087,True,49.5,49.5,49.5
55264,Napoleon Peaking Station,OH,PJM,41.4079,-84.1095,49.5,0.1931481540689888,98.0441566455906,8964.037179025425,8942.608607596854,6.394055412814774,6.057526180561367,5.384467716054548,28.254174868012644,29.82385124956889,33.551832655765004,3.461781563344249,3.2795825336945534,2.915184474395158,1.0,1.0,1.0,316.5057429343313,299.8475459377877,266.5311519447001,True,49.5,49.5,49.5
7844,Minnesota River,MN,MISO,44.795231,-93.581013,49.0,0.1981907119473006,33.289728109529676,3043.6322842998557,3022.203712871284,6.231371732134397,5.903404798864167,5.247470932323703,9.897921267516072,10.447805782378074,11.753781505175334,3.339625787690779,3.1638560093912647,2.8123164527922353,1.0,1.0,1.0,305.33721487458547,289.26683514434416,257.1260756838615,True,49.0,49.0,49.0
56356,Clearwater Power Plant,CA,CISO,33.8912,-117.6085,49.0,0.2533803116558033,11.68580654066152,1068.4165980033388,1046.9880265747674,4.8740961439721,4.617564767973569,4.1045020159765055,4.3838081876131385,4.6273530869249795,5.2057722227906025,2.6122109021600477,2.474726117835835,2.1997565491874087,1.0,1.0,1.0,238.8307110546329,226.26067363070487,201.12059878284876,True,49.0,49.0,49.0
52107,Kern River Eastridge Cogen,CA,CISO,35.4406,-118.9617,48.8,0.2556362283709113,29.43743243288828,2691.4223938640707,2669.9938224354996,4.831083637363387,4.576816077502158,4.068280957779695,11.325199949244109,11.954377724202113,13.448674939727377,2.5785908914427083,2.442875581366777,2.1714449612149123,1.0,1.0,1.0,235.7568815033333,223.3486245821053,198.5321107396491,True,48.8,48.8,48.8
55512,Cuyamaca Peak Energy Plant,CA,CISO,32.796491,-116.972071,48.7,0.2553554233445164,3.578819517745784,327.20635590818597,305.7777844796145,4.836396203474332,4.581849034870421,4.072754697662596,1.2982403312878195,1.3703647941371424,1.5416603934042854,2.5761366652568753,2.4405505249801984,2.1693782444268424,1.0,1.0,1.0,235.5324951092,223.13604799818953,198.34315377616844,True,48.7,48.7,48.7
10776,E F Oxnard Energy Facility,CA,CISO,34.1958,-119.1664,48.5,0.2340500566298368,44.34240433061329,4054.162681656072,4032.7341102275004,5.276649011682236,4.9989306426463305,4.443493904574516,15.75794727445755,16.63338878970519,18.712562388418338,2.7990974054158118,2.651776489341296,2.357134657192263,1.0,1.0,1.0,255.91747706658848,242.44813616834702,215.50945437186402,True,48.5,48.5,48.5
50115,US Borax,CA,CISO,35.0329,-117.701,48.2,0.278258542680105,98.98620730221832,9050.167524774244,9028.738953345674,4.438318364298326,4.204722660914205,3.73753125414596,42.20477671303886,44.549486530429895,50.11817234673364,2.3398259626785247,2.216677227800708,1.9703797580450735,1.0,1.0,1.0,213.92694515917935,202.6676322560647,180.14900644983527,True,48.2,48.2,48.2
55625,Creed Energy Center,CA,CISO,38.242158,-121.854722,48.0,0.2433122899081206,94.84653578897375,8671.683272134742,8650.254700706171,5.07578141846579,4.808635028020223,4.274342247129087,35.50460997836206,37.47708831049328,42.16172434930495,2.66478524469454,2.5245333897106175,2.244029679742771,1.0,1.0,1.0,243.6375080863579,230.81448134497072,205.16842786219615,True,48.0,48.0,48.0
55627,Goose Haven Energy Center,CA,CISO,38.226752,-121.843271,48.0,0.2433122899081206,93.7943301865139,8575.4816170527,8554.053045624127,5.07578141846579,4.808635028020223,4.274342247129087,35.109754293629216,37.06029619883083,41.69283322368469,2.66478524469454,2.5245333897106175,2.244029679742771,1.0,1.0,1.0,243.6375080863579,230.81448134497072,205.16842786219615,True,48.0,48.0,48.0
55855,Wolfskill Energy Center,CA,CISO,38.228522,-122.07525,48.0,0.2453918788235355,28.775460282067257,2630.899225789006,2609.4706543604348,5.0327663895026635,4.767883947949893,4.238119064844349,10.802005846970104,11.402117282912885,12.827381943276995,2.642202354488899,2.503139072673694,2.2250125090432835,1.0,1.0,1.0,241.57278669612785,228.85842950159486,203.42971511252875,True,48.0,48.0,48.0
50431,University of Michigan,MI,MISO,42.281167,-83.734617,47.5,0.1906771210333449,23.217326658769476,2122.7270088017804,2101.298437373209,6.476917594030738,6.13602719434491,5.454246394973254,6.830079462521881,7.209528321550873,8.110719361744732,3.364961093773782,3.1878578783120046,2.8336514473884487,1.0,1.0,1.0,307.65358571646004,291.46129173138326,259.07670376122957,True,47.5,47.5,47.5
2682,S A Carlson,NY,NYIS,42.0933,-79.2478,47.3,0.1696276359676926,26.891706460754516,2458.67030498327,2437.2417335546984,7.280653255317541,6.897460978721883,6.131076425530562,7.077292046540464,7.470474938014932,8.404284305266799,3.7666004575556844,3.5683583282106497,3.171874069520577,1.0,1.0,1.0,344.37489897651966,326.24990429354506,289.99991492759557,True,47.3,47.3,47.3
55811,King City Peaking,CA,CISO,36.224758,-121.124633,47.3,0.257021871253778,59.00204691680044,5394.472860964611,5373.044289536039,4.805038551682579,4.55214178580455,4.046348254048488,23.64081275733289,24.954191243851373,28.0734651493328,2.4858566632220342,2.3550221019998228,2.0933529795553976,1.0,1.0,1.0,227.27832349458598,215.3163064685552,191.39227241649348,True,47.3,47.3,47.3
55813,Yuba City Energy Center,CA,CISO,39.1392,-121.6387,47.3,0.2312701922209307,86.98383560176784,7952.807826447344,7931.379255018773,5.340074257473758,5.05901771760672,4.496904637872639,31.400768715243284,33.145255866090125,37.288412849351396,2.76265404163994,2.617251197343102,2.326445508749423,1.0,1.0,1.0,252.58551237850875,239.29153804279784,212.7035893713758,True,47.3,47.3,47.3
50026,Corpus Refinery,TX,ERCO,27.8322,-97.5281,47.0,0.229778479588143,52.59082057420313,4808.303595355714,4786.875023927142,5.374741804426702,5.091860656825299,4.526098361622487,18.94945068440752,20.002197944652377,22.502472687733928,2.762953208838102,2.6175346188992554,2.32669743902156,1.0,1.0,1.0,252.612864808055,239.31745087078903,212.72662299625688,True,47.0,47.0,47.0
55626,Lambie Energy Center,CA,CISO,38.221577,-121.868333,47.0,0.2433122899081206,85.98827118596614,7861.784794145475,7840.356222716903,5.07578141846579,4.808635028020223,4.274342247129087,32.865105112320315,34.69094428522699,39.02731232088037,2.6092688854300707,2.4719389440916464,2.1972790614147963,1.0,1.0,1.0,238.56172666789215,226.00584631695048,200.89408561506707,True,47.0,47.0,47.0
55847,Feather River Energy Center,CA,CISO,39.109344,-121.60931,47.0,0.2303346465565449,84.85440497697455,7758.117026466243,7736.688455037672,5.361763931145371,5.0795658295061425,4.5151696262276815,30.70079077972614,32.406390267488696,36.45718905092479,2.7562817708544176,2.6112143092305016,2.3210793859826677,1.0,1.0,1.0,252.00290476383245,238.7395939867887,212.21297243270104,True,47.0,47.0,47.0
55963,Riverview Energy Center,CA,CISO,38.014423,-121.790679,47.0,0.2475389564895778,27.043212947766573,2472.5223266529433,2451.093755224372,4.989113703612132,4.726528771843073,4.201358908304954,10.452944963844635,11.033664128502668,12.412872144565501,2.564716263263112,2.42973119677558,2.1597610638005156,1.0,1.0,1.0,234.4883440697702,222.14685227662443,197.46386869033284,True,47.0,47.0,47.0
50971,Tropicana Products Bradenton,FL,FPL,27.483358,-82.548341,46.8,0.234325433223524,5.625199568236601,514.3039605244892,492.87538909591774,5.270447953560074,4.993055956004282,4.438271960892695,1.998222067807085,2.109234404907478,2.372888705520913,2.6978105462285633,2.5558205174796917,2.271840459981948,1.0,1.0,1.0,246.65696422661145,233.67501874100037,207.7111277697781,True,46.8,46.8,46.8
10649,Bear Mountain Limited,CA,CISO,35.419181,-118.926643,46.0,0.2556362283709113,35.875068163129896,3280.00623205759,3258.5776606290187,4.831083637363387,4.576816077502158,4.068280957779695,14.663096338970426,15.477712802246556,17.41242690252738,2.4306389550484546,2.3027105889932735,2.0468538568829096,1.0,1.0,1.0,222.22984731871583,210.53353956509926,187.140924057866,True,46.0,46.0,46.0
10650,Badger Creek Limited,CA,CISO,35.483736,-119.029856,46.0,0.2556362283709113,48.70933557437592,4453.424966800084,4431.996395371512,4.831083637363387,4.576816077502158,4.068280957779695,19.943299466049073,21.051260547496238,23.68266811593327,2.4306389550484546,2.3027105889932735,2.0468538568829096,1.0,1.0,1.0,222.22984731871583,210.53353956509926,187.140924057866,True,46.0,46.0,46.0
50003,Chalk Cliff Limited,CA,CISO,35.0968,-119.4299,46.0,0.261124939955017,44.1773456578364,4039.0716030021845,4017.643031573613,4.729536750540751,4.480613763670187,3.982767789929054,18.466938837886858,19.49287988443612,21.92948986999064,2.3795481776158156,2.2543087998465627,2.0038300443080557,1.0,1.0,1.0,217.55869052487455,206.10823312882857,183.20731833673648,True,46.0,46.0,46.0
50612,McKittrick Limited,CA,CISO,35.319503,-119.661992,46.0,0.2681974590992317,30.56295883525536,2794.3276649376326,2772.899093509061,4.604816183374266,4.362457436880884,3.877739943894119,13.090732110855361,13.81799500590288,15.545244381640742,2.3167981422601778,2.194861397930695,1.9509879092717288,1.0,1.0,1.0,211.82154443521623,200.67304209652067,178.37603741912946,True,46.0,46.0,46.0
54768,Live Oak Limited,CA,CISO,35.4837,-119.0298,46.0,0.2556362283709113,48.68257869478892,4450.978623523558,4429.550052094986,4.831083637363387,4.576816077502158,4.068280957779695,19.932291299027217,21.039640815639835,23.669595917594815,2.4306389550484546,2.3027105889932735,2.0468538568829096,1.0,1.0,1.0,222.22984731871583,210.53353956509926,187.140924057866,True,46.0,46.0,46.0
7318,Van Sant Station,DE,PJM,39.145036,-75.548172,45.1,0.2056196211457138,44.869202115728605,4102.3270505809005,4080.898479152329,6.0062361418553945,5.690118450178796,5.057883066825596,15.065267452757642,15.902226755688622,17.890005100149697,2.962763671849607,2.806828741752259,2.494958881557564,1.0,1.0,1.0,270.8812499976783,256.62434210306367,228.11052631383438,True,45.1,45.1,45.1
58151,Central Utility Plant - Texas A&M,TX,ERCO,30.617778,-96.343333,45.1,0.2140215994345932,38.852031636139714,3552.185749589916,3530.7571781613447,5.770445615127861,5.466737951173765,4.859322623265568,13.566941631915798,14.32066061146667,16.110743187900006,2.8464526260872907,2.696639329977434,2.3970127377577186,1.0,1.0,1.0,260.24709724226653,246.5498815979368,219.15545030927711,True,45.1,45.1,45.1
55934,Century Generating Facility,CA,CISO,34.0606,-117.3533,44.8,0.2587757061342058,11.386963469949666,1041.0938029668266,1019.6652315382551,4.772472727248617,4.52128995213027,4.018924401893573,4.769096846295012,5.034046671089178,5.663302504975327,2.338511636351823,2.2154320765438325,1.9692729569278506,1.0,1.0,1.0,213.80677818073804,202.5537898554361,180.04781320483204,True,44.8,44.8,44.8
55935,Drews Generating Facility,CA,CISO,34.0609,-117.3532,44.8,0.2587757061342058,11.383836042465472,1040.8078667397,1019.3792953111287,4.772472727248617,4.52128995213027,4.018924401893573,4.767759488192714,5.03263501531453,5.6617143922288475,2.338511636351823,2.2154320765438325,1.9692729569278506,1.0,1.0,1.0,213.80677818073804,202.5537898554361,180.04781320483204,True,44.8,44.8,44.8
10243,Ticona Polymers Inc,TX,ERCO,27.5697,-97.8228,44.2,0.2264501058532736,98.06848108157877,8966.261127458629,8944.832556030058,5.453739998691842,5.166701051392272,4.592623156793131,37.10697197414796,39.16847041715617,44.06452921930069,2.6365424306175878,2.497777039532452,2.22024625736218,1.0,1.0,1.0,241.0553079421794,228.36818647153845,202.99394353025642,True,44.2,44.2,44.2
56397,Hunlock Unit 4,PA,PJM,41.2025,-76.068333,44.0,0.1752455068100887,7.809881411917322,714.0463005181551,692.6177290895837,7.047256289077661,6.676348063336734,5.934531611854874,2.23367951711367,2.3577728236199844,2.6524944265724826,3.3914920891186253,3.2129925054808033,2.8559933382051588,1.0,1.0,1.0,310.0792767194171,293.7593147868163,261.11939092161447,True,44.0,44.0,44.0
1130,Gas Turbine (IA),IA,MISO,42.512,-92.476,43.400000000000006,0.1975455371820343,73.93759810548201,6760.008969644068,6738.580398215498,6.251723109603695,5.922685051203502,5.264608934403112,24.835845530883173,26.21561472704334,29.492566567923763,2.9676148135900045,2.811424560243163,2.499044053549478,1.0,1.0,1.0,271.3247829568004,257.044531222232,228.4840277530951,True,43.400000000000006,43.400000000000006,43.400000000000006
2135,Station H,MO,SWPP,39.1067,-94.3804,43.0,0.210206823116801,34.31204940491836,3137.10165987825,3115.6730884496783,5.875166094460096,5.565946826330618,4.94750829007166,12.332845151935198,13.018003215931593,14.645253617923045,2.763164053800764,2.6177343667586195,2.326874992674328,1.0,1.0,1.0,252.63214206178412,239.3357135322166,212.7428564730814,True,43.0,43.0,43.0
52096,Berry Placerita Cogen,CA,CISO,34.38407,-118.494882,42.8,0.2586940115568326,6.978680685007145,638.0508054863675,616.622234057796,4.7739798558447974,4.522717758168756,4.020193562816671,3.0178304011416897,3.1854876456495607,3.583673601355757,2.234819320017346,2.117197250542749,1.8819531115935544,1.0,1.0,1.0,204.3263378301573,193.57232004962276,172.0642844885535,True,42.8,42.8,42.8
58284,La Luz Energy Center,NM,PNM,34.616111,-106.815,42.3,0.2682407128987297,98.05805632329812,8965.308006701542,8943.87943527297,4.604073657030042,4.361753990870567,3.8771146585516143,45.9243804289375,48.47573489721179,54.535201759363275,2.1301034528853053,2.017992744838711,1.7937713287455204,1.0,1.0,1.0,194.75231569237076,184.502193813825,164.00195005673328,True,42.3,42.3,42.3
1400,Teche,LA,MISO,29.822222,-91.5425,42.2,0.2212237099434797,53.373024937194266,4879.8194228291895,4858.390851400618,5.582584255166543,5.28876403121041,4.701123583298141,20.622661482861748,21.768364898576284,24.489410510898328,2.576711545275308,2.441095148155555,2.1698623539160486,1.0,1.0,1.0,235.5850555680281,223.18584211707932,198.38741521518156,True,42.2,42.2,42.2
55096,Portside Energy,IN,MISO,41.6317,-87.1728,42.0,0.1918192657324877,9.837149405560288,899.3965170797976,877.9679456512262,6.4383522441501695,6.0994915997212145,5.421770310863302,3.2467932653070926,3.427170668935264,3.855567002552171,2.9576180621564845,2.801953953621933,2.49062573655283,1.0,1.0,1.0,270.4107942543071,256.178647188291,227.7143530562587,True,42.0,42.0,42.0
2048,Sweatt,MS,SOCO,32.2925,-88.7461,41.9,0.2036532991031965,12.29426493230856,1124.0470795253539,1102.6185080967823,6.064227809902519,5.7450579251708085,5.1067181557073855,4.3394605785155385,4.5805417217664015,5.153109436987201,2.779121901006889,2.632852327269685,2.3403131797952756,1.0,1.0,1.0,254.09114523491553,240.71792706465686,213.97149072413944,True,41.9,41.9,41.9
2049,Jack Watson,MS,SOCO,30.4392,-89.0286,41.9,0.2166827114593028,7.197600608900712,658.0663413852078,636.6377699566364,5.699577929787706,5.3996001440094075,4.799644572452806,2.665849829681386,2.8139525979970177,3.165696672746645,2.6120096981355228,2.4745355034968113,2.199587114219388,1.0,1.0,1.0,238.8123152581049,226.24324603399415,201.10510758577257,True,41.9,41.9,41.9
2632,Shoemaker,NY,NYIS,41.4278,-74.4186,41.9,0.1876794245075588,24.85783612020047,2272.7164452754714,2251.2878738469,6.5803697088290045,6.2340344609959,5.541363965329689,8.165197889024995,8.618819993970826,9.69617249321718,3.0156600556242923,2.856941105328278,2.5395032047362465,1.0,1.0,1.0,275.71749079993526,261.20604391572823,232.18315014731394,True,41.9,41.9,41.9
58207,Central Utility Plant at White Oak,MD,PJM,39.039444,-76.9825,41.7,0.2048599777558547,6.2016887011563275,567.0115383914356,545.5829669628641,6.028507927848317,5.7112180369089325,5.076638255030162,2.1702757206572016,2.290846594027046,2.5772024182804265,2.749564787717069,2.6048508515214337,2.3154229791301635,1.0,1.0,1.0,251.3887805912748,238.1577921391025,211.6958152347578,True,41.7,41.7,41.7
3993,Sycamore (WI),WI,MISO,43.1133,-89.3128,41.6,0.1981645389716409,33.032931563883096,3020.153742983597,2998.7251715550256,6.232194752950926,5.904184502795616,5.248164002484992,11.56650948154501,12.209093341630842,13.735230009334698,2.835648612592672,2.6864039487720057,2.3879146211306717,1.0,1.0,1.0,259.25930172275855,245.61407531629763,218.32362250337567,True,41.6,41.6,41.6
1358,Haefling,KY,LGEE,38.0794,-84.5194,41.4,0.1992139174982546,53.8167721480071,4920.390596389219,4898.962024960648,6.199366065931716,5.873083641408995,5.22051879236355,19.087825239445184,20.148259974969914,22.666792471841156,2.8071504467297053,2.6594056863755107,2.3639161656671206,1.0,1.0,1.0,256.653755129573,243.14566275433236,216.12947800385098,True,41.4,41.4,41.4
50475,Corpus Christi,TX,ERCO,27.811083,-97.595813,41.0,0.229778479588143,71.05306748922726,6496.28045615792,6474.851884729349,5.374741804426702,5.091860656825299,4.526098361622487,29.382475000129002,31.014834722358383,34.891689062653185,2.4102357779226,2.283381263295095,2.0296722340400843,1.0,1.0,1.0,220.3644139814948,208.76628692983724,185.57003282652195,True,41.0,41.0,41.0
50846,"Atlantic Alumina, Gramercy Operations",LA,MISO,30.054,-90.6693,40.7,0.2193392517625888,27.630126838966945,2526.1830252769773,2504.7544538484062,5.630547155037963,5.334202567930703,4.74151339371618,10.929999656937225,11.537221860100404,12.979374592612954,2.5064732569848687,2.3745536118804025,2.1107143216714688,1.0,1.0,1.0,229.16326921004512,217.1020445147796,192.97959512424853,True,40.7,40.7,40.7
2131,Higginsville,MO,SWPP,39.073315,-93.714748,40.0,0.2099385231548771,99.1898375806336,9068.785150229356,9047.356578800784,5.882674515571915,5.573060067383921,4.953831171007929,38.44916353459511,40.58522817540594,45.658381697331684,2.5736701005627127,2.4382137794804657,2.167301137315969,1.0,1.0,1.0,235.30698062287658,222.92240269535682,198.15324684031714,True,40.0,40.0,40.0
2240,Lon Wright,NE,SWPP,41.4281,-96.4623,40.0,0.2125656202167603,86.0310126949168,7865.692589249535,7844.264017820963,5.809970581040476,5.504182655722557,4.892606805086717,33.753458422917596,35.62865055752412,40.08223187721464,2.5418621292052084,2.408079911878619,2.140515477225439,1.0,1.0,1.0,232.39882324161903,220.1673062289023,195.7042722034687,True,40.0,40.0,40.0
7504,Neil Simpson II,WY,WACM,44.2856,-105.3833,40.0,0.2190575683248144,75.54648580012838,6907.107273154594,6885.678701726022,5.637787406499306,5.3410617535256595,4.747610447578364,30.533603900122827,32.22991522790742,36.25865463139585,2.4665319903434466,2.336714517167476,2.0770795708155343,1.0,1.0,1.0,225.51149625997223,213.64247014102637,189.90441790313454,True,40.0,40.0,40.0
55477,Neil Simpson Gas Turbine #2,WY,WACM,44.285,-105.3786,40.0,0.2190575683248144,75.77756794201603,6928.234783270036,6906.8062118414655,5.637787406499306,5.3410617535256595,4.747610447578364,30.62729096471082,32.32880712941697,36.369908020594096,2.4665319903434466,2.336714517167476,2.0770795708155343,1.0,1.0,1.0,225.51149625997223,213.64247014102637,189.90441790313454,True,40.0,40.0,40.0
55478,Lange Generating Station,SD,WACM,44.1218,-103.2641,40.0,0.221101620854504,40.8226584431245,3732.3573433713827,3710.928771942811,5.585666876737607,5.291684409540892,4.70371947514746,16.609157213606675,17.53188816991815,19.72337419115792,2.443729258572703,2.3151119291741407,2.0578772703770136,1.0,1.0,1.0,223.42667506950426,211.66737638163568,188.14877900589838,True,40.0,40.0,40.0
56144,Springs Generating Station,CA,CISO,33.9308,-117.2933,40.0,0.2587757061342058,21.26337946503372,1944.080408231654,1922.6518368030827,4.772472727248617,4.52128995213027,4.018924401893573,10.071570581355173,10.631102280319347,11.95999006535927,2.0879568181712704,1.9780643540569935,1.7582794258284382,1.0,1.0,1.0,190.8989090899447,180.8515980852108,160.7569760757429,True,40.0,40.0,40.0
57953,Roquette America,IA,MISO,40.389167,-91.394167,40.0,0.2035065402926766,59.17370793648841,5410.167582764654,5388.7390113360825,6.068601029843377,5.749200975641095,5.110400867236529,22.199263820590787,23.432556255068047,26.361625786951553,2.6550129505564777,2.5152754268429796,2.2358003794159815,1.0,1.0,1.0,242.7440411937351,229.9680390256438,204.41603468946116,True,40.0,40.0,40.0
7281,Gardner Energy Center,KS,SWPP,38.830833,-94.890278,39.2,0.2126287092822431,65.79377693664134,6015.431034207207,5994.002462778636,5.808246704637907,5.502549509656966,4.89115511969508,26.326055669982807,27.78861431831518,31.26219110810458,2.490285774613503,2.3592181022654244,2.097082757569266,1.0,1.0,1.0,227.68327082180596,215.69994077855307,191.73328069204715,True,39.2,39.2,39.2
50028,Plant 31 Paper Mill,LA,MISO,32.486787,-92.149597,39.2,0.2055587033073929,16.39675480768546,1499.131868131242,1477.7032967026705,6.008016105030485,5.691804731081514,5.059381983183568,6.2743694444199924,6.622945524665545,7.450813715248739,2.575936905031821,2.4403612784511997,2.169210025289955,1.0,1.0,1.0,235.51423131719503,223.11874545839535,198.32777374079586,True,39.2,39.2,39.2
50865,Salinas River Cogeneration,CA,CISO,35.9515,-120.8679,38.9,0.2528909928290992,29.23275967864493,2672.7094563332503,2651.2808849046787,4.883527033462194,4.626499294858922,4.112443817652374,13.956372204289146,14.731726215638538,16.57319199259336,2.077788142518368,1.9684308718595074,1.7497163305417835,1.0,1.0,1.0,189.96920160167934,179.97082257001207,159.97406450667734,True,38.9,38.9,38.9
54518,Formosa Plastics,LA,MISO,30.4992,-91.1872,38.8,0.2161030238783872,18.95116807838643,1732.6782243096163,1711.2496528810448,5.714866816000691,5.414084352000655,4.812519424000582,7.717480374774287,8.146229284483969,9.164507945044466,2.425246605040293,2.2976020468802782,2.042312930560247,1.0,1.0,1.0,221.73683246082678,210.0664728576254,186.72575365122256,True,38.8,38.8,38.8
50170,Berry Cogen,CA,CISO,35.093046,-119.443617,38.7,0.261124939955017,37.902683648715545,3465.388219311135,3443.959647882564,4.729536750540751,4.480613763670187,3.982767789929054,18.816051141048366,19.861387315551045,22.344060729994926,2.0019242276898277,1.8965597946535215,1.6858309285809079,1.0,1.0,1.0,183.03307224592706,173.39975265403623,154.13311347025441,True,38.7,38.7,38.7
10864,Archer Daniels Midland Cedar Rapids,IA,MISO,41.9221,-91.6875,38.5,0.2010292861873225,60.77738325199446,5556.789325896635,5535.3607544680635,6.143383501094492,5.820047527352678,5.173375579869047,23.403325543089203,24.703510295483042,27.79144908241842,2.586940396164009,2.450785638471167,2.1784761230854817,1.0,1.0,1.0,236.52026479213794,224.0718298030781,199.1749598249583,True,38.5,38.5,38.5
10568,Port Arthur Texas Refinery,TX,MISO,29.964938,-93.891283,38.4,0.2136388223444775,4.467703907142203,408.47578579585854,387.0472143672871,5.780784533667994,5.476532716106522,4.8680290809835745,1.7435963029086068,1.8404627641813065,2.07052060970397,2.4279295041405575,2.3001437407647396,2.0445722140131015,1.0,1.0,1.0,221.98212609285096,210.29885629849045,186.93231670976925,True,38.4,38.4,38.4
55540,Chula Vista Energy Center,CA,CISO,32.591667,-117.058611,37.2,0.2599615307557876,8.1139368617695,741.8456559332112,720.4170845046398,4.750702907501266,4.500665912369621,4.00059192210633,4.076460059867828,4.302930063193817,4.840796321093045,1.9329422454895777,1.83120844309539,1.6277408383070133,1.0,1.0,1.0,176.72614815904709,167.42477194014992,148.8220195023555,True,37.2,37.2,37.2
54004,"WestRock Southeast, LLC.",GA,SOCO,32.5036,-82.8443,37.1,0.2211159030456342,33.36409138526495,3050.4312123670807,3029.002640938509,5.585306090557941,5.291342612107525,4.703415655206688,14.61769054593078,15.42978446514915,17.358507523292797,2.2664124870592146,2.147127619319257,1.9085578838393389,1.0,1.0,1.0,207.2148559596996,196.3088109091892,174.4967208081681,True,37.1,37.1,37.1
2903,Bryan (OH),OH,PJM,41.471822,-84.543148,36.8,0.1946436207423462,93.09100649451298,8511.177736641186,8489.749165212614,6.344929236775733,6.010985592734906,5.34309830465325,36.3596971640401,38.3796803398201,43.17714038229761,2.5538340178022327,2.4194217010758,2.1505970676229333,1.0,1.0,1.0,233.49339591334694,221.20426981264453,196.62601761123958,True,36.8,36.8,36.8
58084,"Kimberly Clark-Unit 1,2,3",CT,ISNE,41.558333,-73.413611,36.3,0.1897830291692384,5.066432524393973,463.2166879445918,441.78811651602035,6.507431172355736,6.16493479486333,5.479942039878515,1.8702420674180031,1.9741444044967809,2.220912455058879,2.5836535326493637,2.4476717677730817,2.175708238020517,1.0,1.0,1.0,236.21975155651322,223.78713305353887,198.92189604759008,True,36.3,36.3,36.3
10405,Kingsburg Cogen,CA,CISO,36.5397,-119.5794,36.2,0.2418588663046964,100.7420840886218,9210.704830959705,9189.276259531134,5.10628375494051,4.837531978364694,4.300028425213061,49.712750537742664,52.47457001206169,59.03389126356941,2.0217692242217584,1.9153603176837717,1.7025425046077969,1.0,1.0,1.0,184.84747192884646,175.11865761680195,155.66102899271283,True,36.2,36.2,36.2
1097,Merl Parr,IA,MISO,43.0563,-92.6932,36.0,0.1993080900418058,101.7814324892022,9305.730970441344,9284.302399012771,6.19643688191961,5.870308624976473,5.218052111090198,41.620255927075824,43.93249236746892,49.424053913402545,2.439847022255847,2.3114340210844864,2.0546080187417655,1.0,1.0,1.0,223.07172774910595,211.33111049915303,187.8498759992471,True,36.0,36.0,36.0
50368,Cornell University Central Heat,NY,NYIS,42.4428,-76.4764,35.7,0.1698414915035175,30.05701056670134,2748.0695375269793,2726.6409660984077,7.2714858369836115,6.888776056089739,6.12335649430199,10.503561357619057,11.087092544153448,12.472979112172629,2.8392879854096953,2.6898517756512907,2.3909793561344808,1.0,1.0,1.0,259.592044380315,245.9293052024037,218.60382684658106,True,35.7,35.7,35.7
50969,MU Combined Heat and Power Plant,MO,MISO,38.9461,-92.3328,34.6,0.2095093846711137,28.66078794098015,2620.414897461042,2598.9863260324705,5.894724009326331,5.584475377256525,4.9639781131169105,12.742786874533744,13.450719478674506,15.132059413508818,2.2307846172794337,2.1133749005805167,1.8785554671826814,1.0,1.0,1.0,203.95745072269105,193.22284805307578,171.75364271384512,True,34.6,34.6,34.6
10819,Ada Cogeneration LP,MI,MISO,42.962672,-85.494071,33.1,0.1834902595918515,20.505152046088067,1874.7567584994802,1853.3281870709088,6.730602500356614,6.376360263495741,5.6678757897739915,8.318986023326115,8.781151913510898,9.87879590269976,2.4366884364572305,2.308441676643693,2.0519481570166156,1.0,1.0,1.0,222.78294276180392,211.05752472170903,187.60668864151913,True,33.1,33.1,33.1
10427,New-Indy Ontario Mill,CA,CISO,34.045361,-117.540193,33.0,0.2533803116558033,9.772168412277594,893.4553976939513,872.0268262653799,4.8740961439721,4.617564767973569,4.1045020159765055,5.421529358639259,5.722725434119218,6.438066113384121,1.75924407696493,1.6666522834404602,1.48146869639152,1.0,1.0,1.0,160.8451727510793,152.37963734312777,135.44856652722467,True,33.0,33.0,33.0
54372,University of Colorado,CO,PSCO,40.00759,-105.269204,33.0,0.2212777155019823,22.655779679385343,2071.38557068666,2049.956999258088,5.58122175655296,5.287473243050174,4.699976216044599,11.130163211216505,11.74850561183964,13.217068813319598,2.0144722277558342,1.9084473736634227,1.6963976654785975,1.0,1.0,1.0,184.18031796624769,174.48661702065576,155.09921512947176,True,33.0,33.0,33.0
57584,University of California San Diego Hybri,CA,CISO,32.8747,-117.2392,33.0,0.241507829295539,5.594272785337352,511.47636894512925,490.0477975165578,5.1137058521142205,4.844563438845052,4.306278612306713,2.903947486916543,3.06527790285635,3.4484376407133945,1.8457282059974767,1.7485846162081362,1.5542974366294542,1.0,1.0,1.0,168.75229311976926,159.87059348188671,142.1071942061215,True,33.0,33.0,33.0
2848,O H Hutchings,OH,PJM,39.6088,-84.2921,32.6,0.1936799697039235,39.59253696600827,3619.889094035041,3598.4605226064696,6.37649831259232,6.040893138245357,5.369682789551428,17.310790218801962,18.27250078651318,20.556563384827328,2.2736201795836997,2.1539559596056104,1.9146275196494313,1.0,1.0,1.0,207.87384499050964,196.93311630679864,175.05165893937655,True,32.6,32.6,32.6
7782,Hamilton Peaking,OH,PJM,39.3528,-84.5183,32.0,0.1943658061915683,15.485630933957,1415.8291139617827,1394.4005425332111,6.353998289096053,6.019577326512051,5.350735401344045,6.857889311827627,7.238883162484716,8.143743557795306,2.2238994011836186,2.1068520642792183,1.8727573904704162,1.0,1.0,1.0,203.3279452510737,192.62647444838564,171.22353284300945,True,32.0,32.0,32.0
7783,Bowling Green Peaking,OH,PJM,41.3884,-83.6402,32.0,0.1912679876000333,97.21087096702428,8887.851059842218,8866.422488413647,6.456909049425189,6.117071731034391,5.437397094252791,42.91150775735218,45.295480410538396,50.95741546185571,2.2599181672988164,2.1409751058620374,1.9030889829884772,1.0,1.0,1.0,206.62108958160604,195.74629539310052,173.99670701608932,True,32.0,32.0,32.0
50748,Agnews Power Plant,CA,CISO,37.4058,-121.9272,32.0,0.2423058914873143,4.255386330159713,389.06389304317366,367.6353216146022,5.096863276494691,4.828607314573919,4.2920953907323725,2.2540537536956404,2.3792789622342867,2.6766888325135723,1.7839021467731422,1.6900125601008718,1.5022333867563307,1.0,1.0,1.0,163.0996248478301,154.5154340663654,137.34705250343592,True,32.0,32.0,32.0
58191,US Magnesium,UT,PACE,40.913333,-112.733889,32.0,0.2154789186388785,43.45664736870107,3973.179187995526,3951.7506165669542,5.731419146713552,5.4297655074128395,4.826458228811413,21.54653212521176,22.74356168772352,25.58650689868896,2.0059967013497437,1.9004179275944941,1.6892603800839947,1.0,1.0,1.0,183.40541269483367,173.75249623721086,154.44666332196522,True,32.0,32.0,32.0
50851,CSUCI Site Authority,CA,CISO,34.161951,-119.047916,31.1,0.2523757905798372,38.0368155385932,3477.6517063856636,3456.2231349570925,4.893496310254516,4.6359438728727005,4.1208389981090665,22.710260648166933,23.97194179528731,26.96843451969823,1.664553354285013,1.5769452830068549,1.4017291404505374,1.0,1.0,1.0,152.18773524891546,144.177854446341,128.15809284119197,True,31.1,31.1,31.1
50850,CamChino Leasing LLC,CA,CISO,33.989626,-117.680911,30.8,0.2528810265703146,17.784290134839452,1625.9922408996067,1604.5636694710354,4.883719497463378,4.626681629175833,4.11260589260074,10.667324989044282,11.259954155102296,12.667448424490082,1.6452030057079758,1.558613373828609,1.3854341100698746,1.0,1.0,1.0,150.41856052187205,142.50179417861565,126.6682614921028,True,30.8,30.8,30.8
50628,Paulsboro Refinery,NJ,PJM,39.84,-75.2583,30.5,0.2080655032658584,16.4693806237073,1505.7719427389527,1484.3433713103814,5.935630753849487,5.623229135225831,4.998425897978516,8.199127910560442,8.654635016702686,9.736464393790524,1.9800893217919775,1.8758740943292422,1.6674436394037708,1.0,1.0,1.0,181.03673799240934,171.50848862438784,152.45198988834474,True,30.5,30.5,30.5
3665,Bountiful City,UT,PACE,40.886867,-111.885332,30.4,0.2188130599888029,8.510772660319425,778.1277860863473,756.6992146577759,5.644087240785341,5.347030017586114,4.752915571187656,4.410176610121244,4.655186421794645,5.237084724518977,1.876659007561126,1.7778874808473832,1.580344427419896,1.0,1.0,1.0,171.58025211987436,162.54971253461787,144.48863336410474,True,30.4,30.4,30.4
56509,Tesoro SLC Cogeneration Plant,UT,PACE,40.7931,-111.9038,30.4,0.2249974041765952,8.14277869301262,744.4826233611537,723.0540519325823,5.488952214891676,5.200059993055273,4.622275549382465,4.333189984130622,4.573922761026767,5.145663106155113,1.8250766114514825,1.7290199476908783,1.5369066201696697,1.0,1.0,1.0,166.86414733270695,158.08182378888029,140.51717670122693,True,30.4,30.4,30.4
56309,Trigen St. Louis,MO,MISO,38.6359,-90.1809,30.0,0.2070084742290206,8.814480618228911,805.8953708095004,784.4667993809289,5.965939339438234,5.651942532099381,5.023948917421672,4.383030370395933,4.6265320576401505,5.20484856484517,1.9575738457531706,1.8545436433451095,1.6484832385289863,1.0,1.0,1.0,178.978180183147,169.5582759629814,150.71846752265014,True,30.0,30.0,30.0
57505,Monroe Generating Station,NC,DUK,34.985814,-80.506037,30.0,0.2124985529418659,53.608624474336864,4901.35995193937,4879.931380510799,5.811804282440756,5.505919846522822,4.894150974686953,27.988619617115976,29.54354292917797,33.23648579532521,1.9069982801758731,1.806629949640301,1.6058932885691568,1.0,1.0,1.0,174.35412847322266,165.17759539568465,146.8245292406086,True,30.0,30.0,30.0
2067,Yazoo,MS,MISO,32.8458,-90.4211,29.1,0.2173668055830908,37.83561770377673,3459.256475773872,3437.8279043453003,5.681640288576205,5.382606589177459,4.784539190379963,20.793012221209825,21.948179566832593,24.69170201268667,1.808359573098396,1.7131827534616382,1.522829114188123,1.0,1.0,1.0,165.3357323975676,156.63385174506405,139.23009044005693,True,29.1,29.1,29.1
57585,Oxnard Paper Mill,CA,CISO,34.1414,-119.1831,29.0,0.2340500566298368,24.055824716476103,2199.389688363529,2177.9611169349578,5.276649011682236,4.9989306426463305,4.443493904574516,14.232917011202277,15.023634622935734,16.9015889508027,1.6736871083929596,1.5855983132143832,1.4094207228572295,1.0,1.0,1.0,153.02282133878487,144.96898863674357,128.86132323266096,True,29.0,29.0,29.0
54410,Western Power & Steam Inc,CA,CISO,35.440539,-119.012861,27.7,0.2556362283709113,34.75197420436163,3177.3233558273487,3155.894784398777,4.831083637363387,4.576816077502158,4.068280957779695,23.582953267926566,24.893117338366928,28.004757005662796,1.4636673707574388,1.3866322459807319,1.2325619964273171,1.0,1.0,1.0,133.82101675496583,126.77780534680976,112.69138253049755,True,27.7,27.7,27.7
57946,Fredericktown Energy Center,MO,SWPP,37.571672,-90.317251,27.6,0.2067256153428635,35.56927525356428,3252.0480231830193,3230.6194517544477,5.974102425341428,5.6596759819024065,5.030823095024361,19.593140705936822,20.68164852293331,23.266854588299974,1.803432169649944,1.7085146870367893,1.5186797218104793,1.0,1.0,1.0,164.88522693942343,156.20705710050643,138.85071742267237,True,27.6,27.6,27.6
2250,J Street,NE,SWPP,40.80788,-96.710667,27.0,0.2170246445795969,38.1160437015261,3484.895424139529,3463.4668527109575,5.690597961316075,5.391092805457336,4.792082493739853,22.54184023760116,23.79416469524566,26.768435282151376,1.6805047104511537,1.5920570941116199,1.4151618614325505,1.0,1.0,1.0,153.64614495553403,145.55950574734808,129.38622733097603,True,27.0,27.0,27.0
55308,Calvert City,KY,TVA,37.048333,-88.353889,26.7,0.2028929414338612,38.78566067508627,3546.1175474364586,3524.688976007887,6.0869539929390974,5.766587993310726,5.125855994053977,21.68750137171889,22.8923625590366,25.753907878916177,1.777580783250496,1.684023899921523,1.496910133263576,1.0,1.0,1.0,162.5216716114739,153.96789942139637,136.8603550412412,True,26.7,26.7,26.7
471,Fruita,CO,PSCO,39.1364,-108.7347,26.6,0.2425367947827371,40.73995536076471,3724.795918698487,3703.367347269916,5.092010888930502,4.824010315828898,4.288009169625687,27.34172007883758,28.860704527661877,32.468292593619616,1.481456917998218,1.4034855012614702,1.2475426677879735,1.0,1.0,1.0,135.44748964555134,128.3186744010487,114.06104391204327,True,26.6,26.6,26.6
55990,Ashtabula,OH,PJM,41.890026,-80.7612,26.1,0.1762581821406334,14.123115026676562,1291.2562310104283,1269.827659581857,7.006766919986808,6.637989713671715,5.900435301041524,6.943630536857406,7.329387788905038,8.24556126251817,2.000212994189985,1.8949386260747227,1.6843898898441978,1.0,1.0,1.0,182.87661661165572,173.25153152683177,154.00136135718378,True,26.1,26.1,26.1
54780,University of Illinois Abbott Power Plt,IL,MISO,40.105169,-88.241528,26.0,0.1987564630825577,72.38778404109264,6618.311683757041,6596.883112328469,6.213634418957317,5.886601028485881,5.232534247543004,40.83379491670701,43.10233907874627,48.49013146358956,1.7670022878909872,1.6740021674756727,1.488001926645042,1.0,1.0,1.0,161.55449489289023,153.0516267406329,136.0458904361181,True,26.0,26.0,26.0
68899,Mississippi State University,MS,TVA,33.452279,-88.80154,26.0,0.2102143382561068,41.42034458454821,3787.0029334444075,3765.574362015836,5.87495605792305,5.565747844348154,4.947331417198359,24.652062368898182,26.021621389392518,29.27432406306659,1.6706906289718675,1.5827595432365067,1.4068973717657833,1.0,1.0,1.0,152.7488575059993,144.70944395305202,128.6306168471573,True,26.0,26.0,26.0
54605,Pratt & Whitney,CT,ISNE,41.748327,-72.636693,25.8,0.1922612546316086,4.929173207032134,450.66726464293794,429.2386932143665,6.423551132891444,6.085469494318212,5.409306217171744,2.590025097882379,2.733915381098066,3.0756548037353246,1.8126458353128048,1.7172434229279208,1.5264385981581516,1.0,1.0,1.0,165.72761922859928,157.00511295340988,139.560100403031,True,25.8,25.8,25.8
58159,UCONN Cogen Facility,CT,ISNE,41.809167,-72.254167,25.700000000000003,0.1927319593807988,6.06964176293481,554.9386754683254,533.510104039754,6.40786304444658,6.070607094738866,5.396095195323436,3.2396366578249687,3.419616472148577,3.8470685311671495,1.8012102526499063,1.7064097130367537,1.5168086338104476,1.0,1.0,1.0,164.68208024227712,156.0146023347889,138.67964651981234,True,25.700000000000003,25.700000000000003,25.700000000000003
10195,CF Industries Yazoo City Complex,MS,MISO,32.90411,-90.3781,25.0,0.2157294712321022,35.8100871698472,3274.0651126717435,3252.6365412431724,5.724762560008641,5.423459267376608,4.82085268211254,22.726787405752336,23.989386706071905,26.9880600443309,1.5653647625023632,1.4829771434232917,1.318201905265148,1.0,1.0,1.0,143.11906400021604,135.58648168441522,120.5213170528135,True,25.0,25.0,25.0
54802,Mead Coated Board,AL,SOCO,32.1761,-85.0272,25.0,0.2119834172452188,23.177365085360332,2119.0733792329443,2097.644807804373,5.825927405309129,5.519299647134965,4.906044130786635,14.402134883402795,15.202253488036277,17.102535174040813,1.5930270248892149,1.5091834972634675,1.3414964420119708,1.0,1.0,1.0,145.6481851327282,137.98249117837415,122.65110326966588,True,25.0,25.0,25.0
7824,Rockwood,CA,IID,32.9553,-115.5364,24.9,0.2682535381763548,104.8883579487774,9589.792726745362,9568.364155316789,4.603853534964703,4.361545454177088,3.8769292926018557,83.46739311004464,88.10447050504709,99.11752931817797,1.2538307361630434,1.1878396447860415,1.055857462032037,1.0,1.0,1.0,114.63595302062109,108.60248180900949,96.53553938578621,True,24.9,24.9,24.9
1880,Claude Vandyke,MI,MISO,42.731,-85.8551,24.8,0.1830147340498266,75.18022929253502,6873.620963888915,6852.192392460343,6.7480905644666045,6.39292790317889,5.682602580603457,40.944631329645254,43.219333070181094,48.62174970395373,1.830419565611567,1.734081693737274,1.541405949988688,1.0,1.0,1.0,167.3526459987718,158.54461199883647,140.92854399896575,True,24.8,24.8,24.8
7795,Custer Energy Center,WI,MISO,44.085437,-87.726102,24.5,0.1934117787593259,63.53612178499609,5809.016848913928,5787.588277485356,6.385340168639812,6.049269633448244,5.377128563065106,36.995381094772064,39.05068004448162,43.93201505004182,1.7110716233151997,1.6210152220880845,1.4409024196338527,1.0,1.0,1.0,156.4408341316754,148.20710601948198,131.7396497950951,True,24.5,24.5,24.5
3120,Blossburg,PA,PJM,41.706475,-77.08184,24.0,0.1748872914539551,14.093578211548063,1288.5557221986799,1267.1271507701085,7.061690930956837,6.690022987222268,5.9466870997531265,7.476532905733862,7.891895844941297,8.878382825558962,1.8536938693761702,1.7561310341458458,1.561005363685196,1.0,1.0,1.0,169.4805823429641,160.56055169333445,142.72049039407503,True,24.0,24.0,24.0
50751,Southeast Kern River Cogen,CA,CISO,35.4206,-118.9644,24.0,0.2556362283709113,32.02416245425925,2927.9234243894166,2906.494852960845,4.831083637363387,4.576816077502158,4.068280957779695,25.067657961888564,26.460305626437922,29.767843829742663,1.2681594548078894,1.2014142203443166,1.0679237514171702,1.0,1.0,1.0,115.94600729672129,109.84358586005177,97.63874298671269,True,24.0,24.0,24.0
1881,Vestaburg,MI,MISO,43.4016,-84.9141,23.7,0.1850203114735797,57.41435623065804,5249.312569660164,5227.883998231592,6.674942822028239,6.323630041921492,5.621004481707992,33.04684827894404,34.88278429444092,39.24313233124604,1.7302703346476327,1.639203474929337,1.4570697554927436,1.0,1.0,1.0,158.19614488206926,149.87003199353936,133.2178062164794,True,23.7,23.7,23.7
55857,Oak Point Cogen,LA,MISO,29.811956,-90.00843,23.5,0.2186102928073554,4.788091478300725,437.76836373035195,416.3397923017805,5.649322290091398,5.351989537981325,4.7573240337611775,3.136055264103567,3.3102805565537645,3.724065626122985,1.4520523698750547,1.3756285609342627,1.222780943052678,1.0,1.0,1.0,132.75907381714785,125.77175414256114,111.79711479338768,True,23.5,23.5,23.5
52122,Wasson CO2 Removal Plant,TX,SWPP,33.009944,-102.756945,23.4,0.2663361947943234,105.27859140041626,9625.471213752342,9604.042642323771,4.636996488418412,4.3929440416595495,3.9048391481418214,88.51185757288947,93.42918299360552,105.10783086780624,1.1867812887545874,1.1243191156622412,0.9993947694775475,1.0,1.0,1.0,108.50571782899084,102.79489057483346,91.37323606651861,True,23.4,23.4,23.4
2177,Miles City GT,MT,MISO,46.4112,-105.7953,23.3,0.1991109180293732,61.50503137998355,5623.317154741352,5601.888583312781,6.2025729790357875,5.876121769612853,5.22321935076698,38.76204335360542,40.91549020658349,46.029926482406424,1.5806869576261515,1.4974929072247756,1.3311048064220228,1.0,1.0,1.0,144.51995041153384,136.91363723197946,121.70101087287064,True,23.3,23.3,23.3
8026,Hartzog,WY,WACM,43.8294,-105.5322,22.5,0.2220755351750702,103.96194442957066,9505.092062132173,9483.663490703602,5.5611708828097814,5.268477678451373,4.683091269734554,75.79269977933521,80.0034053226316,90.00383098796054,1.3685693969414698,1.2965394286813927,1.152479492161238,1.0,1.0,1.0,125.12634486322008,118.5407477651559,105.36955356902746,True,22.5,22.5,22.5
8030,Barber Creek,WY,WACM,43.7219,-105.7689,22.5,0.2212010988378727,104.9092074653387,9591.698968259536,9570.270396830965,5.583154905144399,5.289304646978905,4.701604130647915,76.18369151433463,80.41611882068655,90.46813367327236,1.3739795274378797,1.301664815467465,1.1570353915266356,1.0,1.0,1.0,125.62098536574898,119.00935455702536,105.7860929395781,True,22.5,22.5,22.5
3561,Bryan (TX),TX,ERCO,30.64741,-96.372316,22.0,0.2181313422862894,44.60163331985869,4077.863617815651,4056.43504638708,5.661726494944077,5.363740889947021,4.767769679952908,32.56664046984028,34.375898273720296,38.672885557935324,1.3623529378459187,1.290650151643502,1.1472445792386685,1.0,1.0,1.0,124.55798288876969,118.00229957883445,104.89093295896397,True,22.0,22.0,22.0
56038,UMCP CHP Plant,MD,PJM,38.985844,-76.935478,22.0,0.2048599777558547,4.130636722734648,377.65821465002495,356.2296432214535,6.028507927848317,5.7112180369089325,5.076638255030162,2.6859476181937074,2.8351669303155798,3.189562796605027,1.4506097201385013,1.374261840131212,1.2215660801166328,1.0,1.0,1.0,132.62717441266295,125.64679681199651,111.68604161066357,True,22.0,22.0,22.0
60025,Eight Flags Energy,FL,JEA,30.6608,-81.4706,21.6,0.2260081226291421,3.4234906193641583,313.0048566275801,291.57628519900874,5.464405374609115,5.176805091734951,4.601604525986623,2.470333214162816,2.607573948282972,2.9335206918183436,1.2909657697514036,1.2230202029223824,1.0871290692643398,1.0,1.0,1.0,118.03115609155688,111.81898998147496,99.39465776131107,True,21.6,21.6,21.6
2487,Coxsackie,NY,NYIS,42.350889,-73.815798,21.3,0.1833608656758334,21.751258152567956,1988.6864596633557,1967.2578882347843,6.735352145333869,6.380859927158403,5.671875490807469,13.71264980305799,14.474463681005654,16.283771641131363,1.56912657010825,1.4865409611551845,1.321369743249053,1.0,1.0,1.0,143.4630006956114,135.912316448474,120.81094795419911,True,21.3,21.3,21.3
2126,Fulton (MO),MO,AECI,38.868095,-91.94778,21.2,0.2035061461011996,57.4894144902787,5256.175039111195,5234.746467682623,6.068612784725719,5.749212111845419,5.110410766084817,40.68837672656629,42.9488421002644,48.31744736279746,1.407159589458276,1.3330985584341568,1.184976496385917,1.0,1.0,1.0,128.65459103618522,121.88329677112289,108.34070824099811,True,21.2,21.2,21.2
55799,Otsego Mill Power Plant,MI,MISO,42.4628,-85.6961,21.2,0.1855846860387448,58.86444010749591,5381.891666971053,5360.463095542483,6.6546439060287925,6.304399489922015,5.603910657708457,37.996328034853335,40.10723514790073,45.12063954138833,1.5430455557104263,1.4618326317256674,1.2994067837561487,1.0,1.0,1.0,141.07845080781038,133.6532691863467,118.80290594341929,True,21.2,21.2,21.2
10261,Enterprise Products Operating,TX,ERCO,29.8247,-94.9197,20.7,0.2097510369697424,46.496854375280144,4251.140971454184,4229.712400025613,5.88793275037851,5.578041552990168,4.958259158213482,34.70384955657847,36.6318411986106,41.21082134843693,1.3330647742653845,1.2629034703566804,1.1225808625392713,1.0,1.0,1.0,121.88020793283515,115.46546014689648,102.63596457501907,True,20.7,20.7,20.7
7339,Wellington 2,KS,SWPP,37.2678,-97.3497,20.0,0.2284340150631338,107.42053173514633,9821.305758641949,9799.877187213377,5.406375226818453,5.121829162249062,4.552737033110277,90.63260295549644,95.6677475641351,107.62621600965201,1.1826445808665367,1.1204001292419825,0.9959112259928732,1.0,1.0,1.0,108.12750453636906,102.43658324498125,91.05474066220553,True,20.0,20.0,20.0
54321,Goodyear Beaumont Chemical Plant,TX,MISO,29.9728,-94.2142,20.0,0.2092822672202024,73.34234440765712,6705.585774414365,6684.157202985793,5.901121085909103,5.590535765598099,4.969365124976087,56.63463861931634,59.78100743150057,67.25363336043816,1.2908702375426164,1.2229296987245841,1.087048621088519,1.0,1.0,1.0,118.02242171818206,111.81071531196197,99.38730249952174,True,20.0,20.0,20.0
2914,Dover (OH),OH,PJM,40.520066,-81.46815,19.5,0.179326710003176,19.65866167369961,1797.363353023964,1775.9347815953925,6.886871453662018,6.524404535048229,5.799470697820648,13.224230937971999,13.958910434525995,15.703774238841747,1.4688405522263526,1.3915331547407555,1.2369183597695603,1.0,1.0,1.0,134.29399334640937,127.22588843344047,113.08967860750263,True,19.5,19.5,19.5
52147,CP Kelco San Diego Plant,CA,CISO,32.6947,-117.1436,19.2,0.241507829295539,1.4215895375374312,129.97390057485083,108.54532914627941,5.1137058521142205,4.844563438845052,4.306278612306713,1.1055392553259002,1.1669581028440055,1.3128278656995063,1.0738782289439863,1.017358322157461,0.9043185085844098,1.0,1.0,1.0,98.18315236059303,93.01561802582499,82.68054935628888,True,19.2,19.2,19.2
2003,Owatonna,MN,MISO,44.0833,-93.23,19.0,0.1933442827951449,91.9772948181973,8409.352669092323,8387.924097663752,6.387569273556053,6.051381417053105,5.379005704047204,69.11387891766083,72.95353885753086,82.07273121472222,1.3274167396608676,1.2575527007313485,1.1178246228723097,1.0,1.0,1.0,121.36381619756501,114.97624692400899,102.20110837689687,True,19.0,19.0,19.0
57122,UCI Facilities Management Central Plant,CA,CISO,33.6481,-117.8467,19.0,0.2510324380843852,4.518785222717368,413.1460775055879,391.7175060770165,4.919682927928427,4.660752247511143,4.142890886676572,4.19065845262512,4.4234728111042925,4.976406912492328,1.0223716084601264,0.9685625764359094,0.8609445123874752,1.0,1.0,1.0,93.47397563064013,88.5542927027117,78.71492684685487,True,19.0,19.0,19.0
1743,St Clair,MI,MISO,42.7642,-82.4719,18.5,0.187320328914144,20.32619369560364,1858.3948521694754,1836.9662807409038,6.592984366187223,6.245985189019477,5.551986834683978,15.06077811194126,15.897488007049102,17.884674007930244,1.334049180345696,1.26383606559066,1.1234098360805862,1.0,1.0,1.0,121.97021077446362,115.55072599686032,102.71175644165359,True,18.5,18.5,18.5
2490,Arthur Kill Generating Station,NY,NYIS,40.591564,-74.200035,18.0,0.194816523310993,1.7325948262433712,158.40866982796535,136.98009839939394,6.339298017491681,6.005650753413173,5.338356225256153,1.2004492367506814,1.267140861014608,1.4255334686414338,1.248049297193675,1.1823624920782185,1.0509888818473054,1.0,1.0,1.0,114.10736431485026,108.10171356143711,96.09041205461077,True,18.0,18.0,18.0
4118,Kaukauna Gas Turbine,WI,MISO,44.276199,-88.265445,18.0,0.1950694239637929,69.51333069117584,6355.504520336076,6334.075948907504,6.331079340395396,5.997864638269324,5.331435234017176,55.58185095349986,58.669731562027614,66.00344800728108,1.2464312451403439,1.1808296006592736,1.0496263116971318,1.0,1.0,1.0,113.95942812711714,107.96156348884784,95.96583421230918,True,18.0,18.0,18.0
10866,Archer Daniels Midland Peoria,IL,MISO,40.677188,-89.604911,18.0,0.204269524432793,16.66606106326882,1523.7541543560062,1502.3255829274349,6.045933691916578,5.727726655499917,5.091312582666593,13.804738298146903,14.571668203599508,16.39312672904945,1.1902931955960765,1.1276461853015463,1.0023521647124856,1.0,1.0,1.0,108.82680645449841,103.0990797989985,91.64362648799866,True,18.0,18.0,18.0
50622,Berry Cogen Tanne Hills 18,CA,CISO,35.089829,-119.440881,18.0,0.261124939955017,37.97565695668007,3472.0600646107487,3450.631493182177,4.729536750540751,4.480613763670187,3.982767789929054,40.53288085758375,42.78470757189395,48.132796018380695,0.9311275477627105,0.8821208347225681,0.7841074086422826,1.0,1.0,1.0,85.13166150973352,80.65104774606336,71.68982021872297,True,18.0,18.0,18.0
58199,Arizona State University CHP,AZ,AZPS,33.417222,-111.928333,17.1,0.262867594375778,12.616737455123207,1153.5302816112644,1132.101710182693,4.69818275977573,4.450909982945429,3.9563644292848257,14.091571519967268,14.874436604409892,16.73374117996113,0.8787069942893048,0.8324592577477625,0.7399637846646777,1.0,1.0,1.0,80.338925192165,76.11056070836685,67.65383174077053,True,17.1,17.1,17.1
54096,International Paper Riverdale Mill,AL,SOCO,32.426016,-86.870912,17.0,0.2109494265498201,33.57571397836207,3069.77956373596,3048.3509923073884,5.854483798316128,5.546353072088965,4.930091619634635,30.628620802563407,32.330210847150255,36.37148720304404,1.0885680812494052,1.031275024341542,0.9166889105258151,1.0,1.0,1.0,99.52622457137417,94.2880022255124,83.8115575337888,True,17.0,17.0,17.0
58184,Rand Whitney CHP Plant,CT,ISNE,41.452778,-72.136111,16.5,0.1938490577777359,4.393688123349616,401.70862842053623,380.28005699196484,6.37093630558695,6.035623868450796,5.364998994178484,3.6175649976472135,3.818540830849836,4.295858434706066,1.149754911398895,1.0892414950094798,0.9682146622306484,1.0,1.0,1.0,105.12044904218467,99.58779382943813,88.52248340394499,True,16.5,16.5,16.5
63423,BYU Central Heating Plant,UT,PACE,40.24724,-111.6462,16.5,0.2239826299787103,7.427640274960301,679.0985394249417,657.6699679963702,5.513820424902536,5.223619349907667,4.643217199917926,7.228887208432891,7.6304920533458285,8.584303560014058,0.9950722798066298,0.9427000545536494,0.8379556040476883,1.0,1.0,1.0,90.97803701089185,86.1897192734765,76.61308379864577,True,16.5,16.5,16.5
58914,MCAGCC Cogen Plant,CA,CISO,34.237222,-116.054167,16.4,0.280501726900232,88.52113995622044,8093.361367425868,8071.932795997296,4.402824943887996,4.171097315262313,3.7076420580109444,111.78982367432903,118.00036943401393,132.7504156132657,0.7897567243099093,0.7481905809251774,0.6650582941557132,1.0,1.0,1.0,72.20632907976312,68.40599597030193,60.80532975137948,True,16.4,16.4,16.4
2917,Hamilton (OH),OH,PJM,39.4098,-84.5543,16.3,0.1951709866176401,41.710847848635545,3813.563231875249,3792.134660446678,6.327784787087699,5.994743482504137,5.32866087333701,36.76583607294045,38.80838252143714,43.659430336616786,1.128125381572979,1.0687503614901908,0.950000321324614,1.0,1.0,1.0,103.1428920295295,97.71431876481743,86.85717223539326,True,16.3,16.3,16.3
3470,W A Parish,TX,ERCO,29.4828,-95.6311,16.3,0.2143159472962573,61.31460579539042,5605.906815578552,5584.47824414998,5.762520314425371,5.459229771560879,4.852648685831892,59.454198606609005,62.7572096403095,70.60186084534818,1.0273493248061485,0.9732783077110881,0.8651362735209672,1.0,1.0,1.0,93.92908112513356,88.98544527644233,79.09817357905985,True,16.3,16.3,16.3
9674,Nine Springs,WI,MISO,43.0386,-89.3586,16.2,0.1981645389716409,27.998815790159124,2559.8917293859768,2538.463157957405,6.232194752950926,5.904184502795616,5.248164002484992,25.142869065483332,26.539695124676843,29.857157015261446,1.1042670077884922,1.0461476915890981,0.9299090591903095,1.0,1.0,1.0,100.961554997805,95.64778894528897,85.02025684025686,True,16.2,16.2,16.2
57666,Foxwoods CoGen,CT,ISNE,41.4731,-71.9606,16.2,0.193427496518721,8.792241133896868,803.8620465277135,782.4334750991421,6.384821301145619,6.048778074769535,5.376691622017364,7.564559818107168,7.984813141335342,8.98291478400226,1.1313105242967396,1.0717678651232272,0.9526825467762018,1.0,1.0,1.0,103.43410507855903,97.99020481126647,87.1024042766813,True,16.2,16.2,16.2
1225,Colby,KS,SWPP,39.403001,-101.038202,16.0,0.2366673685482839,111.89935538445457,10230.798206578702,10209.369635150131,5.218294383275066,4.943647310471116,4.3943531648632135,122.27857520686918,129.07182938502856,145.20580805815715,0.9132015170731367,0.8651382793324454,0.7690118038510625,1.0,1.0,1.0,83.49271013240106,79.09835696753785,70.30965063781142,True,16.0,16.0,16.0
4251,Logan City,UT,PACE,41.725833,-111.8433,15.9,0.2164672129866141,47.43404014471022,4336.826527516362,4315.397956087791,5.705252000802402,5.404975579707541,4.804422737517814,47.57172451722329,50.214598101513445,56.49142286420263,0.9921789807645429,0.9399590344085147,0.8355191416964575,1.0,1.0,1.0,90.7135068127582,85.9391117173499,76.39032152653324,True,15.9,15.9,15.9
58584,Princeton University Cogeneration,NJ,PJM,40.341389,-74.657222,15.5,0.1967054164020628,19.36642094989883,1770.644201133607,1749.2156297050358,6.278423963047765,5.947980596571568,5.287093863619171,17.974673570229886,18.973266546353763,21.344924864647982,1.0643890624854415,1.008368585512524,0.8963276315666878,1.0,1.0,1.0,97.31557142724036,92.19369924685931,81.94995488609716,True,15.5,15.5,15.5
2144,Marshall (MO),MO,SWPP,39.1228,-93.2064,15.2,0.2074884909762064,93.58861495644248,8556.673367446168,8535.244796017598,5.952137365255708,5.638866977610673,5.012326202320597,94.34077683987908,99.58193110876122,112.0296724973564,0.9895428369737616,0.9374616350277744,0.8332992311357993,1.0,1.0,1.0,90.47248795188676,85.71077805968221,76.18735827527307,True,15.2,15.2,15.2
7930,Russell Energy Center,KS,SWPP,38.899722,-98.839444,15.0,0.2295425595581353,94.43093542551868,8633.68552461885,8612.25695319028,5.380265874778732,5.097093986632483,4.530750210339985,106.71414329865827,112.64270681525039,126.7230451671567,0.8826998700808858,0.8362419821818918,0.7433262063839038,1.0,1.0,1.0,80.70398812168098,76.45640979948725,67.96125315509977,True,15.0,15.0,15.0
8028,Arvada,WY,WACM,44.69,-106.1092,15.0,0.2120167267110489,59.48749316073585,5438.856517552991,5417.42794612442,5.825012107102019,5.5184325225177036,4.905273353349069,62.001907710135505,65.44645813847634,73.6272654057859,0.955666048821425,0.9053678357255609,0.8047714095338317,1.0,1.0,1.0,87.37518160653028,82.77648783776556,73.57910030023604,True,15.0,15.0,15.0
57322,Mont Belvieu Cogeneration Unit,TX,ERCO,29.838138,-94.900661,15.0,0.2097510369697424,45.68997808435814,4177.3694248556,4155.94085342703,5.88793275037851,5.578041552990168,4.958259158213482,47.05602718441219,49.670250916879525,55.879032281489465,0.9659889668589744,0.9151474422874495,0.8134643931443996,1.0,1.0,1.0,88.31899125567764,83.67062329485252,74.37388737320224,True,15.0,15.0,15.0
59860,HP Hood CT,VA,PJM,39.132519,-78.187474,15.0,0.1938270742205201,46.478089810374975,4249.425354091426,4227.9967826628545,6.371658887008329,6.03630841927105,5.365607483796489,44.23753015909924,46.69517072349363,52.532067063930334,1.0453502861498043,0.9903318500366567,0.8802949778103615,1.0,1.0,1.0,95.57488330512494,90.54462628906575,80.48411225694733,True,15.0,15.0,15.0
10328,T B Simon Power Plant,MI,MISO,42.7178,-84.4836,14.3,0.1871303410587687,18.66830963703823,1706.816881100638,1685.3883096720665,6.599678026622874,6.252326551537461,5.557623601366632,17.858344282743722,18.85047452067392,21.206783835758163,1.032230891351484,0.9779029497014062,0.8692470664012499,1.0,1.0,1.0,94.3753957807071,89.4082696869857,79.47401749954284,True,14.3,14.3,14.3
50061,San Diego State University,CA,CISO,32.778225,-117.070114,14.3,0.2553554233445164,4.875311955915463,445.74280739798513,424.31423596941374,4.836396203474332,4.581849034870421,4.072754697662596,6.135213689141002,6.4760588940932795,7.285566255854939,0.7564425936996574,0.7166298256102018,0.6370042894312905,1.0,1.0,1.0,69.16046570968295,65.52044119864702,58.24039217657513,True,14.3,14.3,14.3
57884,Lake Charles Polymers,LA,MISO,30.196571,-93.32197,14.3,0.2079793393239338,19.09224980711784,1745.5771252222025,1724.148553793631,5.938089831492597,5.6255587877298305,5.000496700204294,20.30448045719631,21.43250714926276,24.111570542920607,0.9287543627068892,0.879872554143369,0.782108937016328,1.0,1.0,1.0,84.91468459034414,80.44549066453658,71.5071028129214,True,14.3,14.3,14.3
7715,Pea Ridge,FL,FPL,30.59208,-87.135391,14.1,0.2163338600042729,10.083173700983536,921.8901669470661,900.4615955184946,5.708768844486975,5.408307326356082,4.807384290094295,11.186742053241579,11.808227722866109,13.284256188224372,0.8803991952357256,0.8340623954864771,0.7413887959879797,1.0,1.0,1.0,80.49364070726634,76.25713330162075,67.78411849032956,True,14.1,14.1,14.1
50906,Ford Utilities Center,NM,PNM,35.084078,-106.625191,13.7,0.2659005185161548,23.839684728124045,2179.6283179999123,2158.199746571341,4.644594177145116,4.400141852032217,3.9112372018064145,33.917458061689395,35.80176128733879,40.276981448256144,0.6959634087315886,0.6593337556404526,0.58607444945818,1.0,1.0,1.0,63.630940226888086,60.28194337284137,53.58394966474788,True,13.7,13.7,13.7
971,Waterloo,IL,MISO,38.334786,-90.158939,13.6,0.2054901742517615,70.23680891585268,6421.651100877958,6400.2225294493865,6.010019722339173,5.693702894847639,5.061069239864567,78.30333667698287,82.65352204792634,92.98521230391715,0.8939904336979522,0.8469383056085864,0.7528340494298544,1.0,1.0,1.0,81.73626822381276,77.43435936992789,68.83054166215811,True,13.6,13.6,13.6
7283,Paragould Turbine,AR,SPA,36.024272,-90.509229,13.6,0.2118943158042227,70.73059496641261,6466.797254072009,6445.368682643438,5.828377204516727,5.5216205095421635,4.9081071195930335,81.31322857315406,85.83063016055148,96.55945893062044,0.8669711091718632,0.8213410507943969,0.7300809340394637,1.0,1.0,1.0,79.26592998142748,75.09403892977342,66.75025682646525,True,13.6,13.6,13.6
52086,Coalinga 25D Cogen,CA,CISO,36.1556,-120.3972,13.6,0.2559811219838879,48.66103419434226,4449.008840625577,4427.580269197006,4.824574524982877,4.57064954998378,4.062799599985581,67.47898100635712,71.22781328448804,80.13128994504906,0.717655460591203,0.6798841205600873,0.6043414404978553,1.0,1.0,1.0,65.61421353976712,62.1608338797794,55.254074559803904,True,13.6,13.6,13.6
52048,Vanderbilt University Power Plant,TN,TVA,36.145896,-86.803833,13.5,0.1998125546614705,8.127489047534338,743.0847129174251,721.6561414888537,6.18079280399763,5.855487919576703,5.204878150734847,8.64873037744954,9.129215398418959,10.270367323221329,0.9126326874652751,0.8645993881249976,0.7685327894444424,1.0,1.0,1.0,83.440702853968,79.04908691428548,70.26585503492043,True,13.5,13.5,13.5
65512,"Kansas Ethanol, LLC",KS,SWPP,38.286173,-98.192128,13.5,0.2341655431674208,108.528683540379,9922.622495120366,9901.193923691793,5.274046656458823,4.996465253487307,4.441302447544272,139.0624353364676,146.78812618849352,165.13664196205522,0.7787459516177481,0.7377593225852352,0.655786064520209,1.0,1.0,1.0,71.1996298621941,67.45228092207864,59.95758304184768,True,13.5,13.5,13.5
63063,Duke Energy CHP at Clemson University,SC,DUK,34.6779,-82.8231,13.4,0.2141656990824097,16.053085276366833,1467.7106538392532,1446.2820824106816,5.7665630177537395,5.46305970102986,4.856053067582097,18.716781270762397,19.756602452471416,22.226177759030342,0.8451618922895326,0.800679687432189,0.7117152777175013,1.0,1.0,1.0,77.27194443790012,73.20499999380013,65.07111110560011,True,13.4,13.4,13.4
56478,MJMEUC Generating Station #1,MO,SWPP,39.251076,-91.640071,13.3,0.2119589376312076,107.03412069487705,9785.9767492459,9764.548177817329,5.826600254756918,5.519937083453923,4.906610740847931,126.00427738692309,133.0045150195299,149.63007939697115,0.8475882558091705,0.8029783476086881,0.7137585312077227,1.0,1.0,1.0,77.493783388267,73.41516320993719,65.25792285327749,True,13.3,13.3,13.3
65400,Purdue CHP,IN,MISO,40.417023,-86.915334,13.3,0.1978281769186863,48.84659489173776,4465.974390101737,4444.545818673166,6.242791189991223,5.914223232623265,5.257087317887347,53.529962347550004,56.50384914463609,63.566830287715604,0.9081310309190358,0.8603346608706658,0.7647419207739252,1.0,1.0,1.0,83.02912282688327,78.65916899388944,69.91926132790172,True,13.3,13.3,13.3
58140,Summit Street Power Plant,OH,PJM,41.143056,-81.340833,13.2,0.1789035050069897,21.84647094486452,1997.391629244756,1975.9630578161846,6.903162685112004,6.539838333264005,5.813189629568004,21.6848679185158,22.88958280287778,25.750780653237502,0.9966441126630455,0.9441891593649909,0.8392792527688807,1.0,1.0,1.0,91.12174744347844,86.32586599908487,76.73410311029765,True,13.2,13.2,13.2
54628,Phelps Dodge Refining,TX,EPE,31.764458,-106.391314,12.6,0.2730987085187685,16.490577632211277,1507.7099549450309,1486.2813835164595,4.5221744427075,4.284165261512369,3.8081468991221055,26.084539961045795,27.53368106999278,30.97539120374188,0.6232121653856273,0.5904115251021733,0.5248102445352651,1.0,1.0,1.0,56.97939797811449,53.98048229505584,47.982650928938526,True,12.6,12.6,12.6
2123,Columbia (MO),MO,MISO,38.964646,-92.316768,12.5,0.2095093846711137,31.543928589464155,2884.0163281795794,2862.587756751008,5.894724009326331,5.584475377256525,4.9639781131169105,38.8494898451153,41.007794836510584,46.133769191074414,0.8059192981500843,0.7635024929842906,0.6786688826527026,1.0,1.0,1.0,73.68405011657913,69.80594221570657,62.04972641396138,True,12.5,12.5,12.5
52085,Taft 26C Cogen,CA,CISO,35.1133,-119.4706,12.4,0.261124939955017,31.787867933231272,2906.31935389543,2884.8907824668586,4.729536750540751,4.480613763670187,3.982767789929054,49.19138907851904,51.924244027325635,58.41477453074135,0.6414434217920895,0.6076832416977691,0.5401628815091281,1.0,1.0,1.0,58.64625570670531,55.55961066951031,49.386320595120274,True,12.4,12.4,12.4
52104,Cymric 36W Cogen,CA,CISO,35.3633,-119.6756,12.4,0.2681974590992317,43.954950814515946,4018.7383601843144,3997.3097887557433,4.604816183374266,4.362457436880884,3.877739943894119,70.00576783183865,73.89497715582966,83.13184930030839,0.6245281948701349,0.59165828987697,0.5259184798906399,1.0,1.0,1.0,57.09972067384089,54.094472217322966,48.08397530428707,True,12.4,12.4,12.4
58328,North Chicago Energy Center,IL,PJM,42.306389,-87.851944,12.4,0.1934632553015922,3.9210990812936624,358.5004874325634,337.07191600399193,6.383641162631857,6.04766004880913,5.37569782116367,4.258262383497266,4.49483251591378,5.056686580403003,0.8657813326819458,0.8202138941197383,0.729079016995323,1.0,1.0,1.0,79.15715041663503,74.99098460523321,66.65865298242952,True,12.4,12.4,12.4
10061,"Mars Wrigley Confectionery US, LLC",NJ,PJM,40.8625,-74.825,12.3,0.1935600556144832,15.969687210121664,1460.085687782552,1438.6571163539807,6.38044867304528,6.044635584990266,5.373009408880236,18.331625124363814,19.350048742384022,21.768804835182028,0.858369735545623,0.813192381043222,0.7228376720384194,1.0,1.0,1.0,78.47951867845696,74.34901769538028,66.08801572922691,True,12.3,12.3,12.3
52076,McKittrick Cogen,CA,CISO,35.3161,-119.6597,12.0,0.2681974590992317,29.50241342617097,2697.363513249917,2675.9349418213455,4.604816183374266,4.362457436880884,3.877739943894119,48.42638003450306,51.11673448086433,57.506326290972375,0.6043821240678725,0.5725725385906162,0.5089533676361032,1.0,1.0,1.0,55.25779420049119,52.34948924257061,46.53287932672943,True,12.0,12.0,12.0
54550,W&T Onshore Treating Facility (OTF),AL,SOCO,30.43203,-88.18241,12.0,0.2206781810431499,21.999019907704643,2011.3389629901385,1989.9103915615672,5.5963847180637964,5.301838153955177,4.712745025737934,29.630891069410854,31.27705168437812,35.18668314492539,0.7345254942458734,0.695866257706617,0.618547784628104,1.0,1.0,1.0,67.15661661676556,63.622057847462116,56.55294030885521,True,12.0,12.0,12.0
62176,Berry NMW Cogens,CA,CISO,35.307555,-119.611551,11.4,0.2532106452092689,25.462124608535255,2327.9656784946515,2306.5371070660804,4.877362083175136,4.620658815639604,4.107252280568535,41.48304205407506,43.78765550152366,49.26111243921413,0.6081460847458998,0.5761383960750631,0.5121230187333894,1.0,1.0,1.0,55.60192774819655,52.67551049829148,46.82267599848131,True,11.4,11.4,11.4
61676,NCSU Cates Cogeneration Plant,NC,CPLE,35.784027,-78.674704,11.2,0.2078765782469021,4.641102386543616,424.32936105541626,402.9007896268448,5.941025248804838,5.628339709394059,5.002968630572496,6.055063441339174,6.391455854746905,7.1903878365902685,0.7277755929785927,0.6894716144007722,0.6128636572451308,1.0,1.0,1.0,66.53948278661419,63.03740474521345,56.03324866241195,True,11.2,11.2,11.2
62762,NASA Johnson Space Center CHP,TX,ERCO,29.562372,-95.089302,11.2,0.2179778243768152,14.658252618416393,1340.1830965409272,1318.7545251123559,5.665713948337574,5.36751847737244,4.771127535442168,20.78218929085248,21.936755362566497,24.678849782887315,0.6940499586713529,0.657521013478124,0.5844631230916656,1.0,1.0,1.0,63.45599622138082,60.116206946571324,53.43662839695228,True,11.2,11.2,11.2
1332,West 14th Street,KS,SWPP,37.2354,-97.011,11.0,0.2251212352055089,96.34804847332948,8808.964431847266,8787.535860418695,5.485932941299793,5.1971996285998046,4.619733003199826,145.62097367023637,153.71102776302726,172.92490623340566,0.6600263070001314,0.6252880803159141,0.5558116269474792,1.0,1.0,1.0,60.345262354297724,57.16919591459785,50.81706303519809,True,11.0,11.0,11.0
68493,Central Heating Plant,MA,ISNE,42.390084,-72.537141,11.0,0.1894586399581786,23.14643830246108,2116.245787653584,2094.8172162250125,6.518573131701018,6.175490335295702,5.489324742485068,29.214664758702146,30.837701689741152,34.692414400958796,0.7842658299077788,0.7429886809652643,0.6604343830802348,1.0,1.0,1.0,71.7043044487112,67.93039368825272,60.382572167335745,True,11.0,11.0,11.0
58161,Western Michigan University Power Plant,MI,MISO,42.28,-85.606389,10.9,0.1904428407884517,17.253669938354566,1577.4783943638458,1556.0498229352745,6.4848854117433925,6.143575653230584,5.460956136204962,22.013783656216688,23.23677163711761,26.141368091757315,0.7731199326812827,0.7324294099085839,0.6510483643631855,1.0,1.0,1.0,70.68525098800298,66.96497462021337,59.524421884634094,True,10.9,10.9,10.9
50366,University of Notre Dame,IN,PJM,41.7094,-86.2367,10.8,0.1906479069046415,16.011386243244246,1463.8981708109022,1442.469599382331,6.477910091180406,6.136967454802492,5.455082182046659,20.6180694178901,21.763517718883993,24.483957433744493,0.7652031295206857,0.7249292805985444,0.6443815827542616,1.0,1.0,1.0,69.9614289847484,66.27924851186691,58.914887566103914,True,10.8,10.8,10.8
10275,Florida's Natural Growers,FL,FPC,27.9114,-81.6006,10.7,0.2322648076403775,58.699381434719015,5366.800588317166,5345.372016888595,5.317206737200528,5.0373537510320805,4.477647778695182,93.95299127994902,99.17260190661283,111.56917714493945,0.6222793509629994,0.5895278061754733,0.5240247166004206,1.0,1.0,1.0,56.894112088045645,53.89968513604326,47.91083123203845,True,10.7,10.7,10.7
54520,Village Creek Water Reclamation Facility,TX,ERCO,32.775093,-97.14209,10.6,0.2270504361083666,7.245207005048996,662.418926175908,640.9903547473367,5.439320096309171,5.1530400912402685,4.58048008110246,11.11734318131842,11.73497335805833,13.201845027815622,0.6306211736658446,0.5974305855781686,0.5310494094028165,1.0,1.0,1.0,57.65679302087721,54.62222496714684,48.55308885968608,True,10.6,10.6,10.6
58181,Loyola University Health Plant,IL,PJM,41.855833,-87.835556,10.6,0.1975538300578182,1.167572927432356,106.7495247938154,85.32095336524397,6.251460676001835,5.922436429896477,5.264387937685757,1.2875625331516647,1.3590937849934233,1.5289805081176013,0.7247787221239628,0.6866324735911229,0.6103399765254425,1.0,1.0,1.0,66.26548316561944,62.777826156902655,55.80251213946902,True,10.6,10.6,10.6
10206,Loma Linda University Cogen,CA,CISO,34.050391,-117.248417,10.4,0.2587757061342058,13.56365299894856,1240.1054170467253,1218.676845618154,4.772472727248617,4.52128995213027,4.018924401893573,24.553407137515126,25.91748531182152,29.15717097579921,0.5428687727245304,0.5142967320548183,0.457152650715394,1.0,1.0,1.0,49.63371636338562,47.02141550215481,41.79681377969316,True,10.4,10.4,10.4
52061,Hartford Hospital Cogeneration,CT,ISNE,41.7631,-72.6733,10.4,0.1922612546316086,4.8124159142888985,439.9923121635564,418.56374073498495,6.423551132891444,6.085469494318212,5.409306217171744,6.265461689271843,6.613542894231388,7.4402357560103125,0.7306789413664019,0.6922221549786968,0.6153085822032859,1.0,1.0,1.0,66.80493178207102,63.28888274090941,56.256784658586135,True,10.4,10.4,10.4
753,Crisp Plant,GA,SOCO,31.844708,-83.940734,10.0,0.2224031385592952,44.37680603293943,4057.3079801544613,4035.87940872589,5.552979189053732,5.260717126471958,4.676193001308406,72.67953419817574,76.71728609807438,86.30694686033371,0.6073570988027521,0.5753909357078705,0.511458609518107,1.0,1.0,1.0,55.529791890537325,52.60717126471958,46.76193001308406,True,10.0,10.0,10.0
1124,Atlantic,IA,MISO,41.409,-95.0,10.0,0.2099287322840635,95.3670787191207,8719.27576860532,8697.847197176749,5.882948877759471,5.573319989456342,4.954062212850082,147.84842394362835,156.06222527382988,175.57000343305862,0.6434475335049422,0.6095818738467875,0.5418505545304778,1.0,1.0,1.0,58.82948877759471,55.73319989456343,49.54062212850082,True,10.0,10.0,10.0
54236,Pfizer Groton Plant,CT,ISNE,41.3315,-72.0786,10.0,0.1916808388878702,1.8625568128087584,170.29090859965788,148.86233717108647,6.443001852274095,6.103896491628091,5.42568577033608,2.310450013584035,2.438808347672037,2.743659391131042,0.7047033275924792,0.6676136787718225,0.5934343811305088,1.0,1.0,1.0,64.43001852274095,61.03896491628091,54.2568577033608,True,10.0,10.0,10.0
56127,Macon Energy Center,MO,AECI,39.748975,-92.384476,10.0,0.2035864043195381,80.43882486123557,7354.4068444558225,7332.978273027252,6.066220404686805,5.746945646545396,5.108396130262573,120.88216028817119,127.59783585973624,143.54756534220328,0.6634928567626195,0.6285721800909028,0.558730826747469,1.0,1.0,1.0,60.662204046868055,57.46945646545396,51.08396130262573,True,10.0,10.0,10.0
58947,Bristol Myers Squibb Lawrenceville,NJ,PJM,40.324722,-74.707778,9.9,0.1967054164020628,17.553207992951798,1604.864730784164,1583.4361593555927,6.278423963047765,5.947980596571568,5.287093863619171,25.475031208614478,26.890310720204166,30.25159956022969,0.679835594748766,0.6440547739725152,0.5724931324200135,1.0,1.0,1.0,62.15639723417288,58.885007906058526,52.3422292498298,True,9.9,9.9,9.9
7480,Rowesville Rd Plant,SC,SCEG,33.436637,-80.847389,9.6,0.2196961690607805,38.74500411779175,3542.4003764838167,3520.9718050552456,5.621399796271953,5.325536649099746,4.733810354755329,65.24494070020738,68.86965962799667,77.47836708149626,0.5902469786085551,0.5591813481554734,0.49705008724930966,1.0,1.0,1.0,53.96543804421074,51.12515183135756,45.44457940565116,True,9.6,9.6,9.6
54829,Bristol Myers Squibb New Brunswick,NJ,PJM,40.475724,-74.446199,9.5,0.1965278197672311,5.274232706121518,482.21556170253876,460.7869902739673,6.284097597290512,5.95335561848575,5.291871660876222,7.718513750321512,8.147320069783817,9.165735078506794,0.6529570159684673,0.618590857233285,0.54985853976292,1.0,1.0,1.0,59.698927174259865,56.55687837561462,50.272780778324105,True,9.5,9.5,9.5
58258,Central Utilities Plant LAX 2,CA,LDWP,33.943889,-118.404167,9.2,0.2433855637108494,0.8197334928014667,74.94706219899123,53.5184907704198,5.074253300689696,4.8071873374955025,4.273055411107113,1.1464203525006618,1.2101103720840314,1.3613741685945353,0.5105967383819007,0.483723225835485,0.4299762007426533,1.0,1.0,1.0,46.683130366345196,44.22612350495862,39.31210978218544,True,9.2,9.2,9.2
61703,Sikorsky Aircraft CHP,CT,ISNE,41.250009,-73.09865,9.2,0.1943066581896531,1.1731327985153672,107.25785586426213,85.82928443569071,6.355932480679986,6.021409718538935,5.352364194256831,1.4678050900816995,1.5493498173084603,1.7430185444720179,0.6395657058684237,0.6059043529279804,0.5385816470470937,1.0,1.0,1.0,58.474578822255864,55.3969694105582,49.24175058716284,True,9.2,9.2,9.2
56229,Cogeneration 1,AZ,TEPC,32.229922,-110.952797,9.0,0.2639204272454144,15.304935123759137,1399.3083541722638,1377.8797827436922,4.679440742385574,4.433154387523176,3.940581677798378,32.71710489919335,34.53472183803742,38.8515620677921,0.46063244807858,0.4363886350218127,0.3879010089082779,1.0,1.0,1.0,42.114966681470165,39.898389487708585,35.4652351001854,True,9.0,9.0,9.0
10431,Anheuser-Busch Jacksonville,FL,JEA,30.43424,-81.645351,8.7,0.2109485244723941,5.972344018982114,546.0428817355075,524.6143103069361,5.8545088337966495,5.546376789912617,4.930112702144547,10.299838491912222,10.872051741462899,12.231058209145763,0.5570931062159624,0.5277724164151224,0.46913103681344215,1.0,1.0,1.0,50.93422685403085,48.25347807223976,42.89198050865756,True,8.7,8.7,8.7
57348,CityCenter Central Plant Cogen Units,NV,NEVP,36.1039,-115.1794,8.6,0.2709825852015767,8.19837740384273,749.565934065621,728.1373626370496,4.557488441854359,4.317620629125183,3.837885003666829,18.57758637691796,19.609674508968958,22.06088382259008,0.4286887565619257,0.40612619042708753,0.3610010581574111,1.0,1.0,1.0,39.194400599947485,37.13153741047657,33.005811031534726,True,8.6,8.6,8.6
10188,Cutrale Citrus Juices USA II,FL,TEC,28.05485,-81.798166,8.2,0.2281792260132958,17.510813975943837,1600.9887063720078,1579.5601349434362,5.412412083157989,5.12754828930757,4.557820701606728,35.5902842927669,37.567522309031716,42.2634625976607,0.4854257087082321,0.4598769871972727,0.4087795441753534,1.0,1.0,1.0,44.3817790818955,42.04589597232207,37.37412975317516,True,8.2,8.2,8.2
58330,The Andersons Albion Ethanol LLC,MI,MISO,42.256111,-84.788333,8.1,0.1879647424398267,71.38665975420793,6526.780320384723,6505.351748956153,6.570381146854504,6.224571612809531,5.532952544719583,122.23489438426745,129.02572185006008,145.1539370813176,0.5820947047291413,0.5514581413223444,0.49018501450875057,1.0,1.0,1.0,53.22008728952148,50.4190300637572,44.81691561222862,True,8.1,8.1,8.1
56090,Blacksand Generating Facility,CA,CISO,33.9328,-117.855,8.0,0.2528810265703146,3.7605578037717136,343.8224277734138,322.39385634484233,4.883719497463378,4.626681629175833,4.11260589260074,8.251749934458124,8.710180486372462,9.79895304716902,0.42732545602804567,0.4048346425528854,0.35985301560256483,1.0,1.0,1.0,39.069755979707026,37.01345303340666,32.90084714080592,True,8.0,8.0,8.0
61282,APG Combined Heat and Power Plant,MD,PJM,39.3975,-76.2991,7.9,0.2064318820462493,7.387678701551158,675.4449098561057,654.0163384275344,5.982603015377774,5.667729172463155,5.037981486633915,13.837936107271322,14.606710335453057,16.432549127384693,0.5169342917974858,0.48972722380814465,0.43531308782946176,1.0,1.0,1.0,47.26256382148441,44.77506046245893,39.800053744407926,True,7.9,7.9,7.9
59452,East. Michigan Univ. Heating Plant,MI,MISO,42.248889,-83.628889,7.8,0.1906771210333449,24.173624485047405,2210.1599529186196,2188.731381490048,6.476917594030738,6.13602719434491,5.454246394973254,43.32409410753224,45.73098822461736,51.44736175269453,0.5525620322407474,0.5234798200175502,0.46531539557115575,1.0,1.0,1.0,50.519957233439754,47.8610121158903,42.543121880791375,True,7.8,7.8,7.8
50389,Port Allen (LA),LA,MISO,30.477,-91.211,7.6,0.2161030238783872,23.374393016864545,2137.087361541901,2115.6587901133294,5.714866816000691,5.414084352000655,4.812519424000582,48.71087385876631,51.41703351758667,57.844162707284994,0.4750483040800575,0.45004576176005445,0.4000406771200484,1.0,1.0,1.0,43.43298780160525,41.147041075204974,36.57514762240442,True,7.6,7.6,7.6
50087,Univ of Massachusetts Medical Center,MA,ISNE,42.279015,-71.759772,7.5,0.1909652556458033,2.342095693718476,214.1344634256892,192.7058919971178,6.467145009302851,6.12676895618165,5.446016849939244,3.973023474189707,4.193747000533579,4.717965375600277,0.5305079890443746,0.5025865159367761,0.44674356972157864,1.0,1.0,1.0,48.50358756977138,45.95076717136237,40.84512637454433,True,7.5,7.5,7.5
54240,Louisiana Tech University Power Plant,LA,MISO,32.5256,-92.6497,7.5,0.203358117381004,15.38103585920785,1406.2661356990034,1384.8375642704318,6.07303025768158,5.753397086224656,5.114130743310805,30.40409824005724,32.0932148089493,36.10486666006797,0.4981782633254422,0.4719583547293664,0.4195185375372145,1.0,1.0,1.0,45.54772693261185,43.150478146684925,38.35598057483104,True,7.5,7.5,7.5
58138,Otter Creek Ethanol Poet - Ashton,IA,MISO,43.275,-95.809722,7.5,0.2071477386055681,112.61310383473612,10296.055207747302,10274.62663631873,5.961928468606527,5.648142759732501,5.020571341984445,229.78306858083238,242.5487946131008,272.86739393973846,0.48906444469037924,0.46332421075930674,0.4118437428971615,1.0,1.0,1.0,44.71446351454895,42.36107069799375,37.65428506488333,True,7.5,7.5,7.5
61857,Toray Plastic America's CHP Plant,RI,ISNE,41.593802,-71.427609,7.5,0.201552577906114,3.648317906283425,333.5604942887702,312.1319228601988,6.1274334113219835,5.8049369159892485,5.159943925323776,6.792010115980069,7.169344011312294,8.06551201272633,0.5026410220225065,0.47618623138974314,0.42327665012421606,1.0,1.0,1.0,45.955750584914874,43.537026869919366,38.69957943992832,True,7.5,7.5,7.5
62492,"DTE Atlantic, LLC",NJ,PJM,39.3733,-74.4369,7.5,0.2079135115443496,0.746065200951568,68.21167551557193,46.7831040870005,5.939969898188,5.627339903546528,5.00207991426358,1.050131114890482,1.1084717323843971,1.2470306989324471,0.4872631557107345,0.46161772646280125,0.41032686796693435,1.0,1.0,1.0,44.54977423641,42.20504927659896,37.51559935697685,True,7.5,7.5,7.5
58597,HTW Plant 303 COGEN,UT,PACE,40.763056,-111.841667,7.4,0.2219762238875726,1.177997685713002,107.70264555090301,86.27407412233158,5.563658928739628,5.270834774595437,4.685186466307055,2.095502045417629,2.211918825718608,2.4884086789334336,0.4503086445448637,0.42660818956881824,0.3792072796167274,1.0,1.0,1.0,41.171076072673245,39.004177332006236,34.67037985067221,True,7.4,7.4,7.4
58254,Chatham,MI,MISO,42.934444,-85.3475,7.300000000000001,0.1890982938788309,44.33962439507179,4053.9085161208486,4032.479944692277,6.530994937433728,6.187258361779323,5.499785210470509,84.58045340157639,89.27936747944173,100.43928841437194,0.5214591270357243,0.4940139098233179,0.4391234753985048,1.0,1.0,1.0,47.67626304326622,45.16698604098906,40.14843203643472,True,7.300000000000001,7.300000000000001,7.300000000000001
550,Kettle Falls Generating Station,WA,AVA,48.620336,-118.111059,7.2,0.1742190930790574,10.015412772159335,915.6948820259962,894.2663105974248,7.088775278146924,6.715681842454982,5.969494971071095,17.521172470022268,18.494570940579056,20.80639230815144,0.5582410531540704,0.52885994509333,0.47009772897184876,1.0,1.0,1.0,51.03918200265785,48.352909265675876,42.98036379171188,True,7.2,7.2,7.2
61927,Georgia-Pacific Taylorsville Plywood,MS,SOCO,31.837173,-89.4635,7.2,0.2067661523982013,24.250767696324186,2217.213046521068,2195.7844750924965,5.972931186636248,5.658566387339604,5.029836788746315,51.05869404077593,53.89528815415237,60.63219917342142,0.4703683309476046,0.4456121030029939,0.3960996471137723,1.0,1.0,1.0,43.00510454378099,40.741677988845154,36.21482487897347,True,7.2,7.2,7.2
50621,Central Power Plant,RI,ISNE,41.744973,-71.458415,7.0,0.1986693829253721,3.021789933616598,276.2779367878032,254.84936535923177,6.216357960219335,5.889181225470949,5.234827755974177,5.856653112185225,6.182022729528849,6.9547755707199554,0.4759399063292929,0.4508904375751196,0.40079150006677294,1.0,1.0,1.0,43.51450572153534,41.224268578296645,36.64379429181923,True,7.0,7.0,7.0
52077,Lost Hills Cogeneration Plant,CA,CISO,35.666111,-119.766944,7.0,0.2480747361780489,109.33799227489985,9996.61643656227,9975.1878651337,4.978338459719704,4.716320646050247,4.19228501871133,286.2454711358609,302.14799731007537,339.9164969738348,0.38115403832228995,0.36109329946322205,0.32097182174508626,1.0,1.0,1.0,34.84836921803793,33.014244522351724,29.34599513097931,True,7.0,7.0,7.0
54800,Saint Agnes Medical Center,CA,CISO,36.8347,-119.7667,7.0,0.2431117594136586,29.644190138787756,2710.3259555463087,2688.897384117737,5.079968171751936,4.812601425870257,4.277867934106895,75.61626072130102,79.8171640947066,89.79430960654494,0.3889350631497577,0.36846479666819165,0.32752426370505916,1.0,1.0,1.0,35.559777202263554,33.6882099810918,29.945075538748263,True,7.0,7.0,7.0
58195,East Campus Steam Plant,PA,PJM,40.809167,-77.8475,7.0,0.1772100094235767,28.99125277847663,2650.62882546072,2629.2002540321487,6.969132296855974,6.602335860179345,5.868742986826084,53.89480645384701,56.88896236794961,64.00008266394332,0.5335741914780355,0.5054913392949811,0.4493256349288721,1.0,1.0,1.0,48.783926077991815,46.21635102125541,41.08120090778259,True,7.0,7.0,7.0
50750,Coalinga Cogeneration Facility,CA,CISO,36.170317,-120.364084,6.8,0.2566056539690265,60.86634118932264,5564.922623023784,5543.494051595212,4.812832378779425,4.559525411475246,4.052911476866885,169.38460542783972,178.7948612849419,201.14421894555966,0.35795440817171975,0.3391147024784714,0.3014352910919746,1.0,1.0,1.0,32.72726017570009,31.00477279803167,27.559798042694815,True,6.8,6.8,6.8
52081,Cymric 31X Cogen,CA,CISO,35.3639,-119.6592,6.8,0.2681974590992317,41.55725640996736,3799.520586054158,3778.0920146255867,4.604816183374266,4.362457436880884,3.877739943894119,120.6566657020338,127.3598137965912,143.27979052116513,0.342483203638461,0.32445777186801583,0.2884069083271251,1.0,1.0,1.0,31.312750046945006,29.664710570790014,26.36863161848001,True,6.8,6.8,6.8
52082,Cymric 6Z Cogen,CA,CISO,35.346102,-119.643431,6.8,0.2681974590992317,35.479969824293406,3243.882955363968,3222.4543839353964,4.604816183374266,4.362457436880884,3.877739943894119,102.91189305008973,108.62922044176135,122.20787299698152,0.342483203638461,0.32445777186801583,0.2884069083271251,1.0,1.0,1.0,31.312750046945006,29.664710570790014,26.36863161848001,True,6.8,6.8,6.8
54630,American Gypsum Cogeneration,CO,PSCO,39.648565,-106.949394,6.4,0.2259341373433182,6.788602592356699,620.6722370154695,599.2436655868981,5.466194770396099,5.1785003087963055,4.603111385596716,17.129251093474657,18.080876154223247,20.34098567350115,0.382633633927727,0.36249502161574143,0.32221779699177017,1.0,1.0,1.0,34.98364653053503,33.142401976296355,29.459912867818982,True,6.4,6.4,6.4
56163,Kennecott Power Plant,UT,PACE,40.7119,-112.1225,6.4,0.2249974041765952,36.85430045762524,3369.536041840022,3348.1074704114503,5.488952214891676,5.200059993055273,4.622275549382465,95.30813382424631,100.60303014781553,113.17840891629248,0.38422665504241743,0.3640041995138692,0.3235592884567726,1.0,1.0,1.0,35.12929417530673,33.28038395555375,29.582563516047777,True,6.4,6.4,6.4
60742,Argonne National Laboratory CHP,IL,PJM,41.716534,-87.970608,6.3,0.1913621191727004,3.802951820779674,347.69845218557015,326.26988075699876,6.453732877432433,6.114062725988622,5.434722423100997,8.024637980063435,8.470451201178069,9.529257601325327,0.4447025310855786,0.4212971347126535,0.3744863419668031,1.0,1.0,1.0,40.658517127824325,38.518595173728315,34.23875126553628,True,6.3,6.3,6.3
50200,B Braun Medical,CA,CISO,33.688721,-117.834793,6.1,0.2510324380843852,3.852990660526775,352.2734318195908,330.8448603910194,4.919682927928427,4.660752247511143,4.142890886676572,11.024462989532841,11.636933155617996,13.091549800070245,0.32823509534772477,0.31095956401363406,0.27640850134545253,1.0,1.0,1.0,30.010065860363405,28.430588709817968,25.271634408727085,True,6.1,6.1,6.1
58194,West Campus Steam Plant,PA,PJM,40.792778,-77.864722,6.1,0.1772100094235767,27.552983627690164,2519.129931674529,2497.7013602459574,6.969132296855974,6.602335860179345,5.868742986826084,58.753259651751044,62.01732963240388,69.76949583645435,0.46497179543085954,0.44049959567134067,0.39155519615230283,1.0,1.0,1.0,42.51170701082144,40.274248747094,35.79933221963911,True,6.1,6.1,6.1
10548,San Jose Cogeneration,CA,CISO,37.336113,-121.878332,6.0,0.2478056691379665,0.9795797864380392,89.561580474335,68.13300904576357,4.983743932478035,4.7214416202423495,4.196836995770977,2.2785082182143817,2.40509200811518,2.7057285091295777,0.32705819556887106,0.30984460632840427,0.2754174278474704,1.0,1.0,1.0,29.90246359486821,28.3286497214541,25.181021974625864,True,6.0,6.0,6.0
50537,SRI International Cogen Project,CA,CISO,37.455314,-122.172797,6.0,0.2469355539845771,3.965230558015064,362.53536530423435,341.10679387566296,5.00130491568312,4.738078341173483,4.211625192154207,11.367259799404831,11.998774232705097,13.498621011793233,0.3282106350917048,0.3109363911395098,0.27638790323511986,1.0,1.0,1.0,30.00782949409872,28.428470047040896,25.26975115292524,True,6.0,6.0,6.0
54449,Dome Project,CA,CISO,35.220833,-119.583056,6.0,0.2532106452092689,22.333307156570697,2041.9023686007492,2020.4737971721777,4.877362083175136,4.620658815639604,4.107252280568535,69.04257406348025,72.87827262256246,81.98805670038278,0.3200768867083683,0.303230734776349,0.26953843091231017,1.0,1.0,1.0,29.264172499050815,27.72395289383762,24.643513683411214,True,6.0,6.0,6.0
54333,Bucknell University,PA,PJM,40.955015,-76.878843,5.9,0.184078240939387,50.927029152612015,4656.185522524526,4634.756951095955,6.709103659930447,6.355992940986741,5.649771503099324,117.08747776564054,123.59233764150943,139.0413798466981,0.4329468455548868,0.41016016947305073,0.36458681730937836,1.0,1.0,1.0,39.58371159358964,37.500358351821774,33.33365186828602,True,5.9,5.9,5.9
50203,US Gypsum Oakfield,NY,NYIS,43.0647,-78.2972,5.8,0.1703938755668219,66.84841498270002,6111.855084132572,6090.426512704001,7.247913083094824,6.866443973458256,6.103505754185115,144.87943282906025,152.92829020845247,172.04432648450904,0.459789486208828,0.4355900395662581,0.38719114628111834,1.0,1.0,1.0,42.03789588194998,39.82537504605788,35.40033337427367,True,5.8,5.8,5.8
54228,Erving Paper Mills,MA,ISNE,42.5983,-72.3875,5.6,0.1894586399581786,4.549364513673931,415.94189839304505,394.5133269644736,6.518573131701018,6.175490335295702,5.489324742485068,10.807397104115879,11.407808054344535,12.833784061137605,0.39926260431668736,0.3782487830368618,0.3362211404772104,1.0,1.0,1.0,36.5040095375257,34.58274587765593,30.74021855791638,True,5.6,5.6,5.6
59496,BYUI Central Energy Facility,ID,PACE,43.816944,-111.785833,5.6,0.2058159585874089,84.03362900834502,7683.0746521915435,7661.646080762972,6.000506513082183,5.6846903808147005,5.0530581162797334,228.00593297711046,240.67292925361653,270.7570454103186,0.3675310239262837,0.34818728582490044,0.3094998096221337,1.0,1.0,1.0,33.60283647326022,31.83426613256232,28.297125451166504,True,5.6,5.6,5.6
60536,UA Central Utility Plant,AR,SWPP,36.066336,-94.172254,5.6,0.2107490127679964,33.630617705306804,3074.799333056622,3053.3707616280503,5.860051175468864,5.551627429391556,4.9347799372369385,93.04437154826157,98.21350330094275,110.49019121356059,0.35892813449746797,0.3400371800502328,0.3022552711557625,1.0,1.0,1.0,32.81628658262564,31.08911360459271,27.634767648526854,True,5.6,5.6,5.6
61675,NCSU CCUP Cogeneration Plant,NC,CPLE,35.775583,-78.673723,5.6,0.2078765782469021,4.7599446309429805,435.1949376862153,413.7663662576439,5.941025248804838,5.628339709394059,5.002968630572496,12.43671723702913,13.127645972419636,14.768601718972091,0.36388779648929637,0.3447358072003861,0.3064318286225654,1.0,1.0,1.0,33.26974139330709,31.518702372606725,28.016624331205975,True,5.6,5.6,5.6
57653,Oregon State University Energy Center,OR,BPAT,44.564333,-123.289089,5.5,0.1775830562126296,46.59554208700359,4260.163847954613,4238.735276526042,6.954492316661501,6.5884664052582655,5.856414582451791,110.8174552641561,116.97398055660918,131.59572812618535,0.41835617842416845,0.3963374321913176,0.3522999397256156,1.0,1.0,1.0,38.249707741638254,36.23656522892046,32.21028020348485,True,5.5,5.5,5.5
58400,Central Energy Facility,SC,DUK,34.679444,-82.840278,5.5,0.2141656990824097,12.524652090310836,1145.1110482569904,1123.682476828419,5.7665630177537395,5.46305970102986,4.856053067582097,35.429406433067655,37.39770679046029,42.072420139267834,0.3468948065367484,0.32863718514007756,0.2921219423467356,1.0,1.0,1.0,31.716096597645567,30.046828355664232,26.708291871701537,True,5.5,5.5,5.5
59233,Cogeneration 2,AZ,TEPC,32.240833,-110.948333,5.5,0.2639204272454144,15.62254275937615,1428.3467665715336,1406.918195142962,4.679440742385574,4.433154387523176,3.940581677798378,54.66535902266882,57.702323412817066,64.91511383941922,0.2814976071591322,0.26668194362444114,0.2370506165550587,1.0,1.0,1.0,25.736924083120655,24.38234913137747,21.67319922789108,True,5.5,5.5,5.5
63483,ACM - Midtown Thermal,NJ,PJM,39.359831,-74.434228,5.5,0.2079135115443496,0.5879563670284365,53.75601069974275,32.32743927117133,5.939969898188,5.627339903546528,5.00207991426358,0.9895195315577389,1.0444928388665018,1.1750544437248147,0.3573263141878719,0.3385196660727209,0.30090636984241853,0.0,1.0,1.0,32.669834440034,30.950369469505905,27.51143952844969,True,5.442357423567564,5.5,5.5
50963,Naval Hospital Medical Center,CA,CISO,32.7261,-117.1464,5.3,0.241507829295539,2.2197785298922295,202.95117987586096,181.5226084472895,5.1137058521142205,4.844563438845052,4.306278612306713,6.697598523286069,7.069687330135294,7.953398246402206,0.29643513611474626,0.2808332868455491,0.24962958830715476,1.0,1.0,1.0,27.102641016205368,25.676186225878773,22.823276645225576,True,5.3,5.3,5.3
58166,Smith College Central Heating Plant,MA,ISNE,42.3125,-72.639444,5.3,0.1901370376079698,16.33768117742847,1493.7308505077456,1472.302279079174,6.495315250184762,6.1534565528066185,5.469739158050327,42.76819094149822,45.14420154935922,50.78722674302913,0.37652530590914796,0.35670818454550873,0.3170739418182299,1.0,1.0,1.0,34.42517082597924,32.61331972987508,28.98961753766673,True,5.3,5.3,5.3
58507,Montefieor Medical Center Moses Division,NY,NYIS,40.881389,-73.880278,5.3,0.1912049169622771,0.6637096105344643,60.68202153457958,39.25345010600816,6.459038918144838,6.119089501400374,5.4391906679114435,1.1466584169279932,1.2103616623128814,1.3616568701019915,0.3744224122862086,0.35471596953430296,0.3153030840304915,1.0,1.0,1.0,34.23290626616764,32.43117435742198,28.82771053993065,True,5.3,5.3,5.3
10108,Hampton Facility,NH,ISNE,42.9383,-70.8406,5.0,0.1958108788669684,5.62728451989273,514.4945846759067,493.06601324733526,6.307106158483892,5.975153202774215,5.311247291354857,15.635253343059599,16.503878528785126,18.56686334488327,0.34491986804208785,0.3267661907767149,0.2904588362459688,1.0,1.0,1.0,31.535530792419458,29.875766013871075,26.556236456774286,True,5.0,5.0,5.0
10122,CIP II/AR Bridgewater Holdings - NJCOE,NJ,PJM,40.624,-74.634,5.0,0.1904193576219564,17.540698283015022,1603.720985875659,1582.2924144470876,6.4856851499933725,6.144333299993723,5.46162959999442,48.793377348843535,51.50412053489039,57.94213560175169,0.3546859066402626,0.33601822734340675,0.2986828687496949,1.0,1.0,1.0,32.42842574996686,30.721666499968613,27.3081479999721,True,5.0,5.0,5.0
54447,Welport Lease Project,CA,CISO,35.354444,-119.6617,5.0,0.2681974590992317,40.28508840778586,3683.2080829975635,3661.779511568992,4.604816183374266,4.362457436880884,3.877739943894119,159.04128919585904,167.87691637340671,188.86153092008257,0.2518258850282802,0.2385718910794234,0.21206390318170965,1.0,1.0,1.0,23.024080916871327,21.812287184404422,19.388699719470594,True,5.0,5.0,5.0
55036,University of Tennessee Steam Plant,TN,TVA,35.949209,-83.926065,5.0,0.2058509766018373,6.060954464367605,554.1444081707524,532.715836742181,5.999485746374531,5.683723338670609,5.0521985232627635,17.75871663880856,18.745312007631256,21.088476008585165,0.3280968767548572,0.310828620083549,0.2762921067409324,1.0,1.0,1.0,29.997428731872656,28.418616693353048,25.260992616313818,True,5.0,5.0,5.0
55278,Beaver Creek Gas Plant,WY,WACM,42.8475,-108.3136,5.0,0.2371394631311334,20.89225807024272,1910.149309279334,1888.7207378507626,5.207905861358341,4.933805552865798,4.385604935880709,72.53282943782477,76.56243107325948,86.13273495741693,0.28480735179303435,0.2698174911723484,0.23983776993097627,1.0,1.0,1.0,26.039529306791707,24.66902776432899,21.928024679403542,True,5.0,5.0,5.0
58136,Adkins Energy LLC,IL,PJM,42.362222,-89.803611,5.0,0.1965051659748338,97.81064206010412,8942.68727406666,8921.25870263809,6.284822049707156,5.954041941827834,5.292481726069185,283.89852988928396,299.67067043868855,337.12950424352465,0.3437012058433601,0.32561166869370967,0.28943259439440855,1.0,1.0,1.0,31.42411024853578,29.770209709139166,26.462408630345923,True,5.0,5.0,5.0
58139,Central Energy Plant USU,UT,PACE,41.748611,-111.811667,5.0,0.2164672129866141,36.35113212461273,3323.5320799645924,3302.103508536021,5.705252000802402,5.404975579707541,4.804422737517814,115.75662242690082,122.18754589506194,137.4609891319447,0.3120059687938814,0.29558460201525616,0.26274186845800546,1.0,1.0,1.0,28.526260004012013,27.024877898537703,24.02211368758907,True,5.0,5.0,5.0
58179,MTSU Power Co-Gen Plant,TN,TVA,35.851389,-86.365,5.0,0.2005407486483406,34.41073711664181,3146.1245363786797,3124.695964950108,6.158349404417759,5.834225751553668,5.185978445825482,101.47835920802329,107.11604583069122,120.50555155952763,0.33678473305409623,0.31905922078809124,0.2836081962560811,1.0,1.0,1.0,30.791747022088796,29.17112875776834,25.92989222912741,True,5.0,5.0,5.0
59381,"The Methodist Hospital, Gas Turbine",TX,ERCO,29.709444,-95.400278,5.0,0.2110174983136931,4.046543672604103,369.96970720951794,348.5411357809465,5.8525952106781265,5.544563883800332,4.928501230044739,11.910652393831347,12.57235530459975,14.143899717674723,0.32006380058396006,0.3032183373953307,0.26952741101807165,1.0,1.0,1.0,29.26297605339063,27.72281941900166,24.642506150223692,True,5.0,5.0,5.0
10175,Childrens Hospital,CA,CISO,32.7992,-117.1517,4.8,0.241507829295539,10.269429382264413,938.9192578070318,917.4906863784605,5.1137058521142205,4.844563438845052,4.306278612306713,37.3787422513725,39.45533904311541,44.38725642350484,0.2684695572359966,0.25433958053936523,0.22607962714610244,1.0,1.0,1.0,24.545788090148257,23.253904506456248,20.67013733907222,True,4.8,4.8,4.8
54918,Ergon Refining Vicksburg,MS,MISO,32.388271,-90.908344,4.8,0.2142300358712303,19.377888184007546,1771.692633966404,1750.2640625378326,5.76483122442427,5.461419054717731,4.854594715304649,63.25221540175526,66.76622736851942,75.11200578958436,0.30265363928227423,0.28672450037268093,0.2548662225534941,1.0,1.0,1.0,27.671189877236497,26.21481146264511,23.302054633462316,True,4.8,4.8,4.8
54262,Saint Marys Hospital Power Plant,MN,MISO,44.09785,-92.479815,4.7,0.1956564566999155,59.163630670150454,5409.246232699469,5387.817661270898,6.312084051967467,5.979869101863918,5.315439201656815,181.6110453871116,191.70054790861775,215.663116397195,0.3244805707964527,0.3074026460176921,0.2732467964601707,1.0,1.0,1.0,29.6667950442471,28.105384778760417,24.98256424778703,True,4.7,4.7,4.7
54933,Mondelez Global LLC,IL,PJM,42.3156,-89.0356,4.7,0.2001086589601057,30.98446656173615,2832.865514215876,2811.436942787305,6.171646976287085,5.846823451219345,5.197176401083862,96.92357246482334,102.30821537953571,115.09674230197768,0.31726122737475804,0.3005632680392445,0.26716734936821734,1.0,1.0,1.0,29.0067407885493,27.480070220730923,24.426729085094152,True,4.7,4.7,4.7
54975,New Mexico State University,NM,EPE,32.164818,-106.451281,4.7,0.274037515203401,114.54585401996788,10472.763796111347,10451.335224682776,4.506682229560197,4.269488428004399,3.7951008248927987,493.42026626407915,520.83250327875,585.9365661885938,0.23167163336332894,0.2194783895021012,0.19509190177964547,1.0,1.0,1.0,21.181406478932928,20.066595611620677,17.836973876996154,True,4.7,4.7,4.7
59373,Broshco Fabricated Products,OH,PJM,40.776111,-82.568611,4.7,0.1838183976378921,40.86018757293483,3735.7885780968977,3714.3600066683266,6.71858756180028,6.364977690126583,5.657757946779184,117.62730720579586,124.16215760611782,139.68242730688257,0.34537739184879573,0.3271996343830697,0.2908441194516175,1.0,1.0,1.0,31.577361540461318,29.915395143594942,26.591462349862166,True,4.7,4.7,4.7
56374,Robert Mueller Energy Center,TX,ERCO,30.304994,-97.707675,4.6,0.2182833334827159,11.947815465448423,1092.3716996981414,1070.94312826957,5.657784221523214,5.360006104600941,4.764449870756391,41.14927583331976,43.43534671294863,48.86476505206722,0.28465726864538676,0.26967530713773485,0.23971138412243093,1.0,1.0,1.0,26.025807419006785,24.656028081164326,21.916469405479397,True,4.6,4.6,4.6
58169,CSUF Trigeneration,CA,CISO,33.880638,-117.88656,4.6,0.253744552385002,2.350435500342993,214.89696003135933,193.46838860278788,4.867099562894879,4.610936428005676,4.098610158227267,8.64135709675445,9.121432491018586,10.26161155239591,0.2448759467581486,0.23198773903403558,0.20621132358580935,1.0,1.0,1.0,22.388657989316442,21.210307568826106,18.853606727845424,True,4.6,4.6,4.6
58664,Frito Lay Incorporated,CT,ISNE,41.862778,-71.891667,4.6,0.1927903040729019,9.737071726066086,890.2465578117562,868.8179863831849,6.405923814161296,6.06876992920544,5.394462159293724,29.48419006844228,31.122200627800176,35.012475706275204,0.32229804189999023,0.3053349870631487,0.2714088773894655,1.0,1.0,1.0,29.46724954514196,27.916341674345023,24.814525932751128,True,4.6,4.6,4.6
59458,W Plant,CA,CISO,32.903333,-117.195556,4.6,0.2447676694917502,10.77781009441725,985.3997800610056,963.9712086324341,5.045601008353863,4.780043060545767,4.24892716492957,41.53300232249721,43.84039134041371,49.32044025796543,0.25385680073280376,0.2404959164837089,0.21377414798551897,1.0,1.0,1.0,23.209764638427767,21.988198078510525,19.54506495867602,True,4.6,4.6,4.6
61822,"Princeton Energy Center, LLC",NJ,PJM,40.339838,-74.62393,4.6,0.2003050254397163,19.533564574331855,1785.9259039389121,1764.4973325103408,6.165596680806618,5.841091592343113,5.1920814154161,62.2139910362252,65.67032387157104,73.87911435551743,0.310206583003083,0.2938799207397629,0.2612265962131225,1.0,1.0,1.0,28.36174473171044,26.869021324778316,23.883574510914055,True,4.6,4.6,4.6
66018,Norton Powerhouse 2,MA,ISNE,42.299,-71.804,4.6,0.1909652556458033,2.2378481109120156,204.60325585481283,183.1746844262414,6.467145009302851,6.12676895618165,5.446016849939244,6.1573667381264805,6.499442668022396,7.311873001525195,0.32537823328054977,0.30825306310788925,0.2740027227625682,1.0,1.0,1.0,29.748867042793115,28.183137198435585,25.05167750972052,True,4.6,4.6,4.6
10115,Grossmont Hospital,CA,CISO,32.77973,-117.006397,4.5,0.2553554233445164,3.14306462161478,287.3659082619227,265.93733683335125,4.836396203474332,4.581849034870421,4.072754697662596,12.219260680196792,12.898108495763275,14.510372057733688,0.2380413756397523,0.22551288218502857,0.20045589527558091,1.0,1.0,1.0,21.763782915634494,20.618320656916897,18.32739613948168,True,4.5,4.5,4.5
55037,Opryland USA,TN,TVA,36.211389,-86.694444,4.5,0.1998125546614705,11.406075526797515,1042.841191021487,1021.4126195929156,6.18079280399763,5.855487919576703,5.204878150734847,36.72353844072428,38.76373502076452,43.609201898360084,0.3042108958217584,0.2881997960416659,0.2561775964814808,1.0,1.0,1.0,27.813567617989335,26.349695638095163,23.42195167830681,True,4.5,4.5,4.5
56928,Fairfield University CHP Plant,CT,ISNE,41.1589,-73.2572,4.5,0.1947277607576571,1.0650628043393366,97.37717068245362,75.9485992538822,6.342187653135825,6.008388302970784,5.3407896026406965,2.6611427198181103,2.808983982030227,3.1601069797840053,0.31215454855277897,0.29572536178684333,0.26286698825497185,1.0,1.0,1.0,28.539844439111214,27.037747363368528,24.033553211883135,True,4.5,4.5,4.5
58100,Kern Oil & Refining Co,CA,CISO,35.295556,-118.918333,4.5,0.2491000117065362,87.9863498564233,8044.466272587272,8023.037701158701,4.957848020717674,4.696908651206218,4.175029912183305,359.6111174593997,379.58951287381075,427.038201983037,0.24401908226969807,0.23117597267655607,0.20548975349027207,1.0,1.0,1.0,22.310316093229535,21.13608893042798,18.787634604824873,True,4.5,4.5,4.5
50064,University of California Santa Cruz,CA,CISO,36.9997,-122.0622,4.4,0.2382353280947817,6.690262372575938,611.6811312069428,590.2525597783714,5.183949877948648,4.911110410688194,4.365431476167283,25.877624629662325,27.315270442421337,30.729679247724004,0.24947758787627874,0.2363471885143694,0.21008638979055058,1.0,1.0,1.0,22.809379462974054,21.608885807028056,19.20789849513605,True,4.4,4.4,4.4
58152,Danbury Hospital Cogen Plant,CT,ISNE,41.405278,-73.4475,4.3,0.1897830291692384,1.804873150322517,165.01697374377298,143.58840231520153,6.507431172355736,6.16493479486333,5.479942039878515,5.131464446841208,5.416545804999052,6.093614030623933,0.30605262232485575,0.289944589570916,0.2577285240630364,1.0,1.0,1.0,27.981954041129665,26.50921961791232,23.563750771477615,True,4.3,4.3,4.3
54790,CSL Behring LLC,IL,PJM,41.1603,-87.8542,4.2,0.1967060833948722,81.38852034060243,7441.2361454265065,7419.807573997935,6.278402674109643,5.947960428103873,5.287075936092331,281.3806222141396,297.0128790038139,334.13948887929075,0.28841412284191176,0.2732344321660217,0.24287505081424152,1.0,1.0,1.0,26.3692912312605,24.98143379803627,22.205718931587793,True,4.2,4.2,4.2
10020,Cutrale Citrus Juices USA I,FL,FPC,28.811828,-81.865273,4.1,0.2378200885235596,16.984016190828523,1552.824337447179,1531.3957660186077,5.193001178610086,4.919685327104292,4.373053624092704,71.92587669381844,75.92175873236391,85.4119785739094,0.23287364660329604,0.22061713888733311,0.19610412345540723,1.0,1.0,1.0,21.29130483230135,20.170709841127596,17.929519858780086,True,4.1,4.1,4.1
56518,South Energy Center,FL,GVL,29.6383,-82.34,4.1,0.2126963054667272,5.002146514996657,457.3391099425514,435.91053851398,5.806400808373209,5.500800765827252,4.889600680735335,18.310765489470732,19.32803023888577,21.74403401874649,0.2603807862504861,0.24667653434256587,0.2192680305267252,1.0,1.0,1.0,23.806243314330157,22.553283139891732,20.047362791014873,True,4.1,4.1,4.1
59453,Albany Medical Ctr Cogen Plant,NY,NYIS,42.655,-73.7777,4.1,0.1852355137004477,9.647071312909842,882.0179486088998,860.5893771803284,6.667188031757083,6.316283398506711,5.614474132005965,31.482515131262268,33.231543749665725,37.38548671837394,0.29898171329910667,0.2832458336517853,0.2517740743571425,1.0,1.0,1.0,27.335470930204036,25.89676193387751,23.019343941224452,True,4.1,4.1,4.1
60276,West Groton CHP,MA,ISNE,42.61343,-71.633767,4.1,0.1948069710800915,7.955480535903678,727.3582204254791,705.9296489969076,6.339608860774551,6.00594523652326,5.338617988020675,27.15908298937884,28.66792093323322,32.25141104988737,0.2842918348503588,0.26932910670033994,0.23940365040030215,1.0,1.0,1.0,25.99239632917566,24.624375469745363,21.888333750884765,True,4.1,4.1,4.1
50326,Nalco,IL,PJM,41.800909,-88.197156,4.0,0.1958465291647442,10.847655974897576,991.7856891334925,970.357117704921,6.305958064547214,5.974065534834204,5.310280475408181,38.46985294591376,40.60706699846451,45.68295037327258,0.27588566532394065,0.26136536714899644,0.23232477079910796,1.0,1.0,1.0,25.223832258188857,23.896262139336816,21.241121901632724,True,4.0,4.0,4.0
57179,HSCo CHP,CT,ISNE,41.7614,-72.6686,4.0,0.1922612546316086,4.822840672569544,440.945432920644,419.51686149207256,6.423551132891444,6.085469494318212,5.409306217171744,16.327295167931304,17.23436712170526,19.38866301191842,0.2810303620640007,0.2662392903764218,0.2366571470012638,1.0,1.0,1.0,25.694204531565777,24.341877977272848,21.637224868686975,True,4.0,4.0,4.0
50054,Rice University,TX,ERCO,29.721048,-95.39536,3.8,0.2110174983136931,3.159049250978437,288.82736008945704,267.39878866088566,5.8525952106781265,5.544563883800332,4.928501230044739,12.023401541728537,12.691368294046786,14.277789330802637,0.24324848844380964,0.2304459364204513,0.20484083237373446,1.0,1.0,1.0,22.23986180057688,21.06934275844126,18.728304674170005,True,3.8,3.8,3.8
56190,Central Michigan University,MI,MISO,43.590456,-84.779,3.8,0.184980514795771,73.23392692153841,6695.673318540654,6674.244747112082,6.676378868139221,6.32499050665821,5.6222137836961865,263.0737756645565,277.68898542369845,312.40010860166075,0.27748699670703636,0.2628824179329819,0.23367326038487277,1.0,1.0,1.0,25.370239698929037,24.0349639253012,21.364412378045508,True,3.8,3.8,3.8
58153,Eastern Maine Medical Center,ME,ISNE,44.808333,-68.750833,3.8,0.188240508135648,11.798741422035183,1078.742072871788,1057.3135014432166,6.560755770538223,6.215452835246739,5.524846964663768,42.40980838916521,44.76590885522993,50.361647462133675,0.2726814117129949,0.2583297584649426,0.22962645196883785,1.0,1.0,1.0,24.930871928045246,23.618720773937607,20.994418465722315,True,3.8,3.8,3.8
54330,Westhollow Technology Center,TX,ERCO,29.726017,-95.638249,3.7,0.2111238464877752,9.231123457512066,843.9884304011031,822.5598589725316,5.849647117297621,5.541770953229327,4.926018625092735,38.004595993592915,40.1159624376814,45.13045774239157,0.23672790677813815,0.22426854326349938,0.19934981623422166,1.0,1.0,1.0,21.6436943340012,20.504552526948512,18.22626891284312,True,3.7,3.7,3.7
10042,Kaweah Delta District Hospital,CA,CISO,36.3275,-119.2947,3.5,0.2409166754065896,81.14006360158037,7418.5201007159185,7397.091529287347,5.126253705417936,4.856450878816992,4.316845225615104,412.28055498303144,435.18503025986644,489.58315904234973,0.19623939966053036,0.185911010204713,0.16525423129307823,1.0,1.0,1.0,17.941887968962774,16.997578075859472,15.108958289652865,True,3.5,3.5,3.5
57573,CCCSD Wastewater Treatment Plnt,CA,CISO,37.9978,-122.0697,3.5,0.2511658000137249,6.56030038601055,599.7988924352502,578.3703210066789,4.917070715569212,4.6582775200129385,4.140691128900389,33.60713577324173,35.474198871755156,39.90847373072455,0.18823161333038393,0.17832468631299533,0.15851083227821805,1.0,1.0,1.0,17.209747504492242,16.303971320045285,14.492418951151363,True,3.5,3.5,3.5
59448,Waxdale,WI,MISO,42.709444,-87.885278,3.5,0.1941389957347085,54.85090816944719,5014.940175492314,4993.511604063742,6.3614215955234,6.026609932601117,5.356986606756548,224.2765362643258,236.7363438345661,266.3283868138869,0.2435231704536302,0.23070616148238654,0.20507214353989914,1.0,1.0,1.0,22.2649755843319,21.093134764103908,18.749453123647918,True,3.5,3.5,3.5
59794,Chicago West Side Energy Center,IL,PJM,41.870751,-87.678378,3.5,0.1975538300578182,1.171047846859238,107.0672317128446,85.63866028427317,6.251460676001835,5.922436429896477,5.264387937685757,3.9139954517474913,4.131439643511239,4.647869598950145,0.23931372900319528,0.22671826958197452,0.20152735073953293,1.0,1.0,1.0,21.880112366006422,20.72852750463767,18.42535778190015,True,3.5,3.5,3.5
61956,MCRD Parris Island PV Hybrid,SC,SCEG,32.329402,-80.694722,3.5,0.2267518573799223,5.286742416058293,483.35930661104385,461.93073518247246,5.446482398293037,5.159825429961826,4.5865114932994,24.23219252365498,25.578425441635808,28.775728621840287,0.20849815430965538,0.19752456724072617,0.1755773931028677,1.0,1.0,1.0,19.06268839402563,18.05938900486639,16.052790226547902,True,3.5,3.5,3.5
63492,DCO Burlington,NJ,PJM,40.108316,-74.826404,3.5,0.2019054509803018,14.940416075879211,1365.9808983660992,1344.5523269375276,6.116724407408339,5.794791543860533,5.150925816764917,62.80449830814013,66.29363710303679,74.58034174091641,0.2341558562211005,0.22183186378841105,0.197183878923032,1.0,1.0,1.0,21.408535425929184,20.281770403511864,18.02824035867721,True,3.5,3.5,3.5
55184,Aera San Ardo Cogen Facility,CA,CISO,35.953293,-120.859952,3.2,0.2528909928290992,28.76295057213048,2629.7554808805007,2608.3269094519296,4.883527033462194,4.626499294858922,4.112443817652374,166.90849740742777,176.18119170784036,198.20384067132045,0.1709234461711768,0.1619274753200623,0.14393553361783312,1.0,1.0,1.0,15.62728650707902,14.804797743548551,13.159820216487597,True,3.2,3.2,3.2
54604,Warner Lambert,MI,MISO,42.299332,-83.705318,3.0,0.1906771210333449,25.625098329656023,2342.866132997122,2321.4375615685503,6.476917594030738,6.13602719434491,5.454246394973254,119.47234302255318,126.10969541269502,141.87340733928187,0.2125238585541336,0.20133839231444237,0.1789674598350599,1.0,1.0,1.0,19.430752782092213,18.40808158303473,16.36273918491976,True,3.0,3.0,3.0
58265,NCAH Central Utility Plant,IA,MISO,42.046111,-93.579444,3.0,0.2012607169288108,84.44853438791472,7721.00885832363,7699.580286895059,6.136319192566722,5.813355024536896,5.1674266884772395,418.2518349774463,441.48804803174875,496.6740540357174,0.20134797350609557,0.1907507117426169,0.16955618821565946,1.0,1.0,1.0,18.408957577700164,17.440065073610686,15.50228006543172,True,3.0,3.0,3.0
58585,Sierra Nevada Brewing Co Hybrid,CA,CISO,39.724167,-121.815278,2.0,0.225234133419867,66.52455249211462,6082.24479927905,6060.816227850479,5.483183127034268,5.194594541400886,4.617417370134121,552.6731542092996,583.3772183320383,656.2993706235432,0.11994463090387462,0.1136317555931444,0.10100600497168391,1.0,1.0,1.0,10.966366254068536,10.389189082801773,9.234834740268242,True,2.0,2.0,2.0
59727,Bull Street Plant,SC,SCEG,33.489767,-80.870272,2.0,0.2196961690607805,33.221619688762786,3037.4052286868828,3015.9766572583117,5.621399796271953,5.325536649099746,4.733810354755329,268.25850914023874,283.1617596480297,318.5569796040335,0.12296812054344898,0.11649611419905696,0.10355210151027285,1.0,1.0,1.0,11.242799592543905,10.651073298199492,9.467620709510658,True,2.0,2.0,2.0
59728,Substation 20 Plant,SC,SCEG,33.440183,-80.8417,2.0,0.2196961690607805,39.327053121794485,3595.61628542121,3574.1877139926382,5.621399796271953,5.325536649099746,4.733810354755329,317.9090478818993,335.57066165311585,377.51699435975536,0.12296812054344898,0.11649611419905696,0.10355210151027285,1.0,1.0,1.0,11.242799592543905,10.651073298199492,9.467620709510658,True,2.0,2.0,2.0
10302,Juniata Locomotive Shop,PA,PJM,40.533299,-78.384125,1.5,0.1823617238407613,6.177711757110841,564.819360650134,543.3907892215625,6.772254473084521,6.415820027132706,5.702951135229071,53.49186560952007,56.463635921160055,63.52159041130507,0.11110729994904293,0.10525954732014596,0.09356404206235196,1.0,1.0,1.0,10.15838170962678,9.623730040699058,8.554426702843607,True,1.5,1.5,1.5
62757,Bridgewater Complex Co-Generation Plant,MA,ISNE,41.931838,-70.958393,1.5,0.1910302245169613,12.011753982903052,1098.217507008279,1076.7889355797074,6.4649455504898174,6.124685258358776,5.444164674096689,111.03872179280502,117.20753967018305,131.85848212895596,0.1060655129377236,0.10048311751994869,0.08931832668439882,1.0,1.0,1.0,9.697418325734727,9.187027887538164,8.166247011145034,True,1.5,1.5,1.5
50610,Saint Johns Health Center,CA,CISO,34.030318,-118.47844,1.2,0.2433855637108494,0.7498876123211382,68.56115312650405,47.13258169793263,5.074253300689696,4.8071873374955025,4.273055411107113,7.740479059176112,8.170505673574784,9.191818882771631,0.06659957457155227,0.06309433380462848,0.056083852270780866,1.0,1.0,1.0,6.089103960827635,5.7686248049946025,5.127666493328536,True,1.2,1.2,1.2
58185,Amherst College Co Gen,MA,ISNE,42.371667,-72.512222,1.2,0.1907306812273305,20.37310510786655,1862.68389557637,1841.2553241477985,6.475098773060075,6.134304100793756,5.452714756261116,236.966182380674,250.13097029071142,281.3973415770504,0.08498567139641348,0.08051274132291805,0.07156688117592716,1.0,1.0,1.0,7.770118527672089,7.361164920952507,6.543257707513339,True,1.2,1.2,1.2
64241,Maryland Bioenergy Center (Jessup),MD,PJM,39.1578,-76.78042,1.1,0.2093135600467659,3.8019093449516097,347.6031401098614,326.17456868129,5.900238855638736,5.589699968499856,4.968622194222094,50.25598834552754,53.04798769805684,59.67898616031395,0.07098724873190355,0.06725107774601391,0.05977873577423458,1.0,1.0,1.0,6.49026274120261,6.148669965349842,5.465484413644304,True,1.1,1.1,1.1
62901,Phoenix Contact - CCHP Plant,PA,PJM,40.229379,-76.75007,1.0,0.1907500213890383,22.143924047805623,2024.5873415136566,2003.1587700850853,6.474442262217072,6.133682143153017,5.452161905024903,309.3948001938216,326.5834002045894,367.40632523016313,0.07081421224299923,0.06708714844073613,0.05963302083620989,1.0,1.0,1.0,6.474442262217072,6.133682143153017,5.452161905024903,True,1.0,1.0,1.0
63535,Solar BESS Hybrid,GA,SOCO,33.979348,-84.556128,1.0,0.2057120473415533,2.370590033018909,216.73966016172878,195.31108873315736,6.0035375465855525,5.687561886238946,5.055610565545729,32.53266715125959,34.34003754855178,38.63254224212075,0.06566369191577949,0.062207708130738476,0.05529574056065642,1.0,1.0,1.0,6.0035375465855525,5.687561886238946,5.055610565545729,True,1.0,1.0,1.0
58168,Energy Center,CA,CISO,34.063056,-117.163889,0.8999999999999999,0.2587757061342058,16.143085689523076,1475.9392630421096,1454.5106916135383,4.772472727248617,4.52128995213027,4.018924401893573,338.6343061646833,357.4473231738323,402.1282385705614,0.046979028408853575,0.04450644796628234,0.03956128708113986,1.0,1.0,1.0,4.295225454523755,4.0691609569172424,3.6170319617042153,True,0.8999999999999999,0.8999999999999999,0.8999999999999999
62736,Harbec Energy,NY,NYIS,43.22731,-77.364092,0.5,0.1837254558875131,36.22047515416197,3311.586299809094,3290.1577283805223,6.721986313949523,6.36819756058376,5.660620053852231,978.9242568235402,1033.308937758181,1162.4725549779537,0.036760862654411454,0.03482608040944244,0.030956515919504393,1.0,1.0,1.0,3.3609931569747613,3.18409878029188,2.8303100269261154,True,0.5,0.5,0.5
56407,West County Energy Center,FL,FPL,26.6986,-80.3747,4263.0,0.2244003843991698,47.80724649115735,4370.9482506201,4349.519679191529,5.503555634749478,5.213894811867928,4.634573166104825,0.1853884214063641,0.19568777815116206,0.22014875042005738,256.6118807758738,243.10599231398572,216.09421539020948,0.0,0.0,0.0,23461.657670937027,22226.83358299298,19757.185407104866,False,790.3108404553302,834.2169982584039,938.4941230407046
710,Jack McDonough,GA,SOCO,33.8239,-84.4758,2764.8,0.210881526680089,1.2547934050470946,114.72396846144864,93.2953970328772,5.856368831554964,5.548138893052073,4.931679016046287,0.0057619313001733155,0.006082038594627388,0.00684229341895581,177.09659346622215,167.7757201258947,149.13397344523975,0.0,0.0,0.0,16191.688545483166,15339.494411510372,13635.106143564775,False,15.930587658719183,16.815620306425803,18.917572844729026
612,Fort Myers,FL,FPL,26.6967,-81.7831,2556.9,0.2347028757639963,19.840747451668225,1814.0111955810946,1792.5826241525233,5.26197216791602,4.985026264341494,4.431134457192439,0.13323456017421406,0.14063648018389258,0.15821604020687915,147.15680695783018,139.41171185478652,123.92152164869913,0.0,0.0,0.0,13454.336636144471,12746.213655294767,11329.967693595347,False,340.66744690944796,359.5934161821949,404.5425932049693
6043,Martin,FL,FPL,27.0536,-80.5628,2448.5,0.2306361392604462,53.04638251106736,4849.954972440443,4828.526401011872,5.354754913779467,5.072925707791075,4.509267295814289,0.36827726053760595,0.3887371083452507,0.43732924688840696,143.40284663237998,135.85532838857054,120.7602919009516,0.0,0.0,0.0,13111.117406389025,12421.058595526447,11040.940973801287,False,901.7268724263282,951.8228097833464,1070.8006610062644
55380,Union Power Station,AR,MISO,33.296146,-92.589364,2428.0,0.1964748906695496,13.942419216478696,1274.7354712209092,1253.3068997923376,6.285790493591071,5.954959414981016,5.293297257760902,0.08211998216225404,0.08668220339349035,0.09751747881767667,166.92702379542789,158.14139096408965,140.570125301413,0.0,0.0,0.0,15261.89931843912,14458.641459573908,12852.12574184347,False,199.3873166899528,210.46438983939458,236.77243856931895
620,Sanford,FL,FPL,28.8419,-81.3256,2377.8,0.2248112426131666,3.516270968061908,321.4876313656601,300.0590599370887,5.4934975032590705,5.204366055719121,4.626103160639218,0.022971136903603796,0.024247311176026222,0.027278225073029502,142.87041959804054,135.35092382972266,120.3119322930868,0.0,0.0,0.0,13062.43836324942,12374.941607288927,10999.948095367934,False,54.62076932938911,57.65525651435515,64.86216357864956
7873,H L Culbreath Bayside Power Station,FL,TEC,27.9072,-82.4231,2293.7,0.2339180505595532,2.4373084860150436,222.83963300708967,201.41106157851823,5.279626762645156,5.00175166987436,4.446001484332764,0.01663196193113265,0.017555959816195572,0.019750454793220018,132.4518114661787,125.4806634942746,111.5383675504663,0.0,0.0,0.0,12109.879905479194,11472.517805190819,10197.79360461406,False,38.14873108143896,40.26810503040778,45.30161815920875
7277,Lincoln Combustion,NC,DUK,35.4317,-81.0347,2290.0,0.2169777636477095,18.747190308028458,1714.0288281626017,1692.6002567340302,5.69182749069705,5.392257622765627,4.793117886902779,0.1298575459065781,0.13707185401249908,0.15420583576406147,142.56249168105268,135.05920264520785,120.05262457351806,0.0,0.0,0.0,13034.284953696244,12348.269956133287,10976.239961007364,False,297.3737801260639,313.8945456886229,353.1313638997008
7302,Hines Energy Complex,FL,FPC,27.788215,-81.869983,2266.3,0.2298330865487385,42.95764893900081,3927.556474422931,3906.1279029943594,5.373464798063813,5.090650861323613,4.5250229878432116,0.3207558995103024,0.3385756717053191,0.3808976306684841,133.1955982858815,126.18530363925618,112.16471434600548,0.0,0.0,0.0,12177.883271852019,11536.942047017706,10255.05959734907,False,726.9290950601984,767.3140447857647,863.2283003839856
7805,Sherwood H Smith Jr Energy Complex,NC,CPLE,34.8392,-79.7406,2244.8,0.2084750098873839,33.91486611442575,3100.787759033211,3079.3591876046394,5.923971418287182,5.6121834489036475,4.988607510136575,0.23156330603113473,0.24442793414397546,0.27498142591197244,145.44830824749604,137.79313412920683,122.48278589262829,0.0,0.0,0.0,13298.131039771066,12598.22940609891,11198.426138754585,False,519.8133093786913,548.6918265663961,617.2783048871958
62949,Guernsey Power Station,OH,PJM,39.9364,-81.5354,2055.0,0.178861973895184,21.28005907828275,1945.605401442994,1924.1768300144226,6.90476557484337,6.541356860377931,5.814539431447049,0.13560765820099396,0.14314141698993804,0.1610340941136803,155.19539499081546,147.02721630708834,130.69085893963407,0.0,0.0,0.0,14189.293256303125,13442.488348076648,11948.878531623684,False,278.6737376030426,294.15561191432266,330.925063403613
7710,H Allen Franklin Combined Cycle,AL,SOCO,32.6078,-85.0975,1995.7,0.212295651316162,14.870222703456196,1359.5632186017092,1338.1346471731379,5.817358915942994,5.5111821308933635,4.898828560794101,0.11526002219360448,0.12166335675991582,0.13687127635490529,126.98112862473756,120.29791132869876,106.93147673662114,0.0,0.0,0.0,11609.703188547433,10998.666178623886,9776.592158776788,False,230.02442629177648,242.80356108576402,273.1540062214845
628,Crystal River,FL,FPC,28.9656,-82.6977,1970.6,0.2359467223238966,6.394894221290967,584.6760430894598,563.2474716608883,5.234232490437607,4.958746569888261,4.4077747287895646,0.05460693029460538,0.05764064864430567,0.06484572972484388,112.81570284311633,106.878034272426,95.00269713104534,0.0,0.0,0.0,10314.578545656348,9771.705990621806,8685.960880552715,False,107.60841683854936,113.58666221846875,127.78499499577735
55480,Forney Energy Center,TX,ERCO,32.7563,-96.4916,1894.2,0.2238532692312788,51.91738118927339,4746.731994447852,4725.303423019281,5.517006761799995,5.226637984863154,4.64590043098947,0.4521685500432893,0.47728902504569426,0.536950153176406,114.30031165220448,108.28450577577267,96.25289402290906,0.0,0.0,0.0,10450.314208201551,9900.297670927786,8800.264596380255,False,856.4976674919986,904.0808712415541,1017.0909801467484
1378,Paradise,KY,TVA,37.2608,-86.9783,1853.6,0.2008305566469616,26.22834434216274,2398.020054140593,2376.5914827120214,6.1494626147503855,5.825806687658262,5.1784948334740095,0.20849773911691402,0.2200809468456314,0.24759106520133536,124.67266768579564,118.11094833391171,104.98750963014372,0.0,0.0,0.0,11398.643902701315,10798.715276243354,9598.858023327424,False,386.4714092271118,407.94204307306234,458.9347984571952
3,Barry,AL,SOCO,31.0069,-88.0103,1844.8,0.2054625297826569,10.722558875529826,980.3482400484411,958.9196686198696,6.01082835544959,5.694468968320665,5.061750194062813,0.08647660081120255,0.0912808564118249,0.102690963463303,121.28348914208411,114.90014760829023,102.13346454070242,0.0,0.0,0.0,11088.776150133403,10505.156352757962,9337.916758007077,False,159.53203317650647,168.39492390853457,189.4442893971014
59913,Greensville County Power Station,VA,PJM,36.718236,-77.649559,1773.3,0.2020437966108209,36.25105444511853,3314.3821206965504,3292.9535492679793,6.112536097205059,5.790823671036373,5.147398818698997,0.3037959316716543,0.32067348343119056,0.3607576688600894,118.55550285658768,112.31573954834626,99.83621293186334,0.0,0.0,0.0,10839.36026117373,10268.8676158488,9127.882325198932,False,538.7213256333446,568.6502881685302,639.7315741895966
2406,PSEG Linden Generating Station,NJ,PJM,40.6217,-74.2072,1740.0,0.194816523310993,1.6161850254428238,147.76548804048673,126.3369166119153,6.339298017491681,6.005650753413173,5.338356225256153,0.011453543143079798,0.01208985109547312,0.01360108248240726,120.64476539538857,114.29504090089445,101.59559191190617,0.0,0.0,0.0,11030.378550435526,10449.83231093892,9288.739831945706,False,19.92916506895885,21.03634090612323,23.665883519388633
55091,Midlothian Energy Facility,TX,ERCO,32.4302,-97.0537,1734.0,0.2252863151237653,86.21518342454154,7882.531055958082,7861.102484529511,5.481913090555586,5.193391348947398,4.61634786573102,0.8269937340589636,0.8729378303955724,0.9820550591950191,103.96790795806828,98.49591280238052,87.55192249100489,0.0,0.0,0.0,9505.637299023385,9005.340599074789,8004.747199177589,False,1434.0071348582428,1513.6741979059225,1702.8834726441632
55199,Elwood Energy LLC,IL,PJM,41.4388,-88.1236,1728.0,0.1978908679317843,37.53468968140874,3431.7430565859418,3410.31448515737,6.240813499416868,5.912349631026507,5.255421894245784,0.3162346741397361,0.3338032671474992,0.3755286755409366,117.95137513897882,111.743408026401,99.32747380124533,0.0,0.0,0.0,10784.125726992348,10216.540162413805,9081.369033256715,False,546.453516913464,576.8120456308786,648.9135513347385
60345,Okeechobee Clean Energy Center,FL,FPL,27.634167,-80.791111,1723.1,0.2287192045432964,28.259782239117964,2583.751519005071,2562.3229475764992,5.399634029271972,5.115442764573449,4.5470602351763985,0.27539690673913975,0.29069673489131415,0.32703382675272846,101.763696516984,96.40771248977433,85.69574443535495,0.0,0.0,0.0,9304.109395838535,8814.419427636509,7835.039491232452,False,474.53641000221165,500.8995438912234,563.5119868776263
7242,Polk,FL,TEC,27.7286,-81.9897,1591.6,0.2292006563071954,50.5357532251451,4620.411723441837,4598.983152013266,5.388291726114176,5.104697424739746,4.537508821990885,0.5362617083754361,0.5660540255074047,0.6368107786958304,93.80005590466133,88.8632108570476,78.98952076182007,0.0,0.0,0.0,8576.00511128332,8124.63642121578,7221.899041080692,False,853.514135050344,900.9315869975852,1013.5480353722835
60357,Lackawanna Energy Center,PA,PJM,41.471389,-75.544167,1498.5,0.1761379816098852,7.522158083371492,687.7401676225363,666.3115961939649,7.011548495743006,6.642519627546007,5.904461891152006,0.06341714436534557,0.06694031905230918,0.07530785893384784,114.91818429077543,108.86985880178727,96.7732078238109,0.0,0.0,0.0,10506.805420870895,9953.815661877692,8847.836143891282,False,95.03059083147033,100.31006809988531,112.84882661237098
55939,Warren County,VA,PJM,38.971667,-78.177222,1472.2,0.195599610596095,25.785292115235283,2357.5124219643685,2336.083850535797,6.313918500329855,5.981607000312496,5.316984000277773,0.25131744855375115,0.2652795290289595,0.29843947015757954,101.66789955203016,96.31695747034438,85.61507330697276,0.0,0.0,0.0,9295.350816185613,8806.121825860057,7827.663845208937,False,369.98954776083247,390.54452263643424,439.3625879659886
58260,Brunswick County Power Station,VA,PJM,36.765,-77.713889,1472.2,0.2020437966108209,35.825376815325484,3275.4630231154724,3254.034451686901,6.112536097205059,5.790823671036373,5.147398818698997,0.3616045582838278,0.38169370041070705,0.4294054129620455,98.4252023377141,93.244928530466,82.88438091596979,0.0,0.0,0.0,8998.875642305287,8525.250608499748,7578.000540888665,False,532.3542307054513,561.9294657446429,632.1706489627234
10745,Midland Cogeneration Venture,MI,MISO,43.5861,-84.2242,1468.6,0.1871849741592841,44.78545655754075,4094.6703138322964,4073.241742403725,6.597751798972299,6.250501704289547,5.556001514924042,0.4203786857495495,0.4437330571800799,0.49919968932758996,105.97845006842974,100.40063690693346,89.24501058394085,0.0,0.0,0.0,9689.458291970717,9179.48680291963,8159.543824817448,False,617.3681378917884,651.6663677746652,733.1246637464985
55322,Chuck Lenzie Generating Station,NV,NEVP,36.383719,-114.921779,1465.6,0.2676994675528917,7.692081643346023,703.2760359630648,681.8474645344934,4.613382354807972,4.370572757186501,3.884953561943556,0.10084452469380001,0.10644699828789997,0.11975287307388749,73.9525191475718,70.06028129769962,62.275805597955205,0.0,0.0,0.0,6761.373179206564,6405.511432932536,5693.787940384475,False,147.7977353912333,156.00872069074617,175.50981077708948
55524,York Energy Center,PA,PJM,39.7375,-76.306666,1449.4,0.2001104352027732,36.038736868136034,3294.9702279438657,3273.541656515294,6.171592194822656,5.846771552989886,5.197130269324343,0.3659589675469132,0.3862900212995194,0.43457627396195936,97.83709389098706,92.68777315988251,82.38913169767332,0.0,0.0,0.0,8945.105727175958,8474.310688903543,7532.720612358703,False,530.420927562496,559.8887568715235,629.8748514804639
65978,Dania Beach 7,FL,FPL,26.0686,-80.1984,1447.7,0.2302630985202548,0.5976861414237061,54.64559007302455,33.21701864445313,5.36342995441523,5.081144167340746,4.516572593191773,0.004277987021533725,0.0045156529671744865,0.0050801095880712984,84.9257231485133,80.45594824595999,71.51639844085331,0.0,0.0,0.0,7764.637545006929,7355.972411059198,6538.64214316373,False,6.193241811074373,6.5373108005785046,7.354474650650819
55358,Cottonwood Energy Company LP,TX,MISO,30.2588,-93.7353,1433.6,0.207090579129809,8.66992397007062,792.6787629778852,771.2501915493137,5.963574032143076,5.649701714661863,5.021957079699433,0.09021124522276444,0.09522298106847354,0.10712585370203274,93.50884082400343,88.58732288589802,78.74428700968713,0.0,0.0,0.0,8549.379732480313,8099.412378139246,7199.477669457107,False,129.3268411513551,136.51166565976365,153.57562386723413
55463,Redbud Power Plant,OK,SWPP,35.6856,-97.2264,1433.6,0.2270391013700082,57.0651268282564,5217.383024297727,5195.954452869156,5.439591649842316,5.153297352482196,4.580708757761951,0.6663018892665705,0.703318660892491,0.7912334935040524,85.29279706952752,80.80370248692083,71.8255133217074,0.0,0.0,0.0,7798.198589213944,7387.767084518475,6566.904075127533,False,955.2103884525554,1008.2776322554749,1134.3123362874094
55736,Hanging Rock Energy Facility,OH,PJM,38.5731,-82.7833,1429.8000000000002,0.1855587190346651,13.457667956428656,1230.415356016334,1208.9867845877627,6.655575153918171,6.305281724764585,5.604694866457408,0.1270459043720867,0.13410401017053591,0.15086701144185297,104.08279607110224,98.6047541726232,87.64867037566505,0.0,0.0,0.0,9516.141355072203,9015.291810068406,8013.592720060803,False,181.6502340712096,191.74191374183226,215.7096529595614
3406,Johnsonville,TN,TVA,36.0278,-87.9861,1426.0,0.1947782052192543,13.388517059833704,1224.0929883276528,1202.6644168990813,6.340545127263126,6.006832225828226,5.339406422958422,0.13301430155110358,0.14040398497060935,0.15795448309193552,98.89268978178208,93.68781137221461,83.27805455307966,0.0,0.0,0.0,9041.617351477218,8565.74275403105,7613.99355913871,False,189.6783940118737,200.21608256808895,225.24309288910004
2398,Bergen Generating Station,NJ,PJM,40.8375,-74.0244,1400.8,0.1962637029275963,0.3763337739313219,34.40765933086371,12.979087902292285,6.292554260303568,5.961367193971802,5.298993061308268,0.0014724517466749203,0.0015542546214901934,0.0017485364491764681,96.40979696067606,91.33559712064049,81.1871974405693,0.0,0.0,0.0,8814.610007833238,8350.6831653157,7422.829480280621,False,2.062610406742228,2.177199873783463,2.4493498580063964
260,Dynegy Moss Landing Power Plant Hybrid,CA,CISO,36.804837,-121.782241,1398.0,0.2293884538468598,33.61567555177121,3073.433193304796,3052.0046218762245,5.383880397155859,5.100518270989762,4.533794018657566,0.4054923003629576,0.4280196503831218,0.4815221066810121,82.32289619776132,77.99011218735284,69.32454416653584,0.0,0.0,0.0,7526.664795223891,7130.524542843687,6338.244038083277,False,566.8782359074147,598.3714712356043,673.1679051400549
56150,McIntosh Combined Cycle Facility,GA,SOCO,32.3478,-81.1817,1376.6,0.2138251066502781,10.419198409563023,952.6124260171906,931.1838545886192,5.775748317618779,5.471761564059898,4.863788056942131,0.11711685777399614,0.12362334987255143,0.1390762686066204,86.962915528497,82.3859199743656,73.23192886610275,0.0,0.0,0.0,7950.895134034011,7532.426969084855,6695.490639186536,False,161.22306641168308,170.1799034345543,191.45239136387363
2322,Clark (NVE),NV,NEVP,36.0875,-115.0507,1375.6,0.2678131065536317,5.350680933512923,489.2051139211814,467.77654249261,4.611424795047069,4.368718226886697,3.883305090565953,0.0737413598352447,0.07783810204831385,0.08756786480435308,69.38176818198005,65.73009617240217,58.42675215324637,0.0,0.0,0.0,6343.475948066747,6009.60879290534,5341.874482582524,False,101.4386145893626,107.07409317766052,120.45835482486808
55501,Kiamichi Energy Facility,OK,ERCO,34.6831,-95.9349,1370.0,0.2197048325134505,50.00304807700409,4571.707252754659,4550.278681326087,5.621178131912015,5.325326651285068,4.7336236900311714,0.5908674698249196,0.6236934403707481,0.7016551204170918,84.2298410703691,79.79669154034971,70.93039248031084,0.0,0.0,0.0,7701.01404071946,7295.697512260544,6485.064455342705,False,809.4884336601398,854.460013307925,961.2675149714157
634,P L Bartow,FL,FPC,27.859535,-82.601759,1364.8,0.2360239765210107,0.9569928101633062,87.49648550064512,66.0679140720737,5.232519247425106,4.957123497560628,4.406331997831669,0.009251470043653549,0.009765440601634298,0.010986120676838589,78.10843106593828,73.99746100983629,65.77552089763223,0.0,0.0,0.0,7141.3422688857845,6765.482149470746,6013.761910640661,False,12.626406315578363,13.327873333110489,14.993857499749305
617,Port Everglades,FL,FPL,26.0856,-80.1253,1352.0,0.2302630985202548,0.3780712336447629,34.56651279037832,13.137941361806893,5.36342995441523,5.081144167340746,4.516572593191773,0.0018117906512152167,0.0019124456873938394,0.0021515013983180696,79.31172045091523,75.13741937455129,66.78881722182335,0.0,0.0,0.0,7251.357298369391,6869.706914244688,6106.406145995277,False,2.449540960442973,2.585626569356471,2.90882989052603
55298,Fairless Energy Center,PA,PJM,40.1475,-74.7411,1338.0,0.1967054164020628,20.983995943112408,1918.5367719417056,1897.108200513134,6.278423963047765,5.947980596571568,5.287093863619171,0.2258319314837567,0.2383781498995209,0.26817541863696104,91.88081068422716,87.04497854295205,77.37331426040183,0.0,0.0,0.0,8400.53126255791,7958.398038212758,7074.131589522452,False,302.16312432526644,318.94996456555896,358.81871013625386
8068,Santan,AZ,SRP,33.3325,-111.7503,1326.0,0.2649365372136776,16.5458288510987,1512.7614949575952,1491.332923529024,4.661493703316364,4.41615192945761,3.9254683817400973,0.24127147525511564,0.254675446102622,0.2865098768654497,67.60622586591016,64.04800345191491,56.93155862392436,0.0,0.0,0.0,6181.140650597499,5855.8174584607905,5205.171074187369,False,319.92597618828336,337.6996415320768,379.91209672358633
52019,Doswell Energy Center,VA,PJM,37.820805,-77.446246,1313.0,0.2004083503651394,28.43040078297787,2599.350928729405,2577.9223573008335,6.162417872059015,5.838080089319068,5.189404523839171,0.318606009044449,0.3363063428802517,0.37834463574028326,88.49809790952253,83.84030328270558,74.5247140290716,0.0,0.0,0.0,8091.254666013487,7665.399157275937,6813.688139800831,False,418.32968987536157,441.5702282017705,496.7665067269919
57185,Cricket Valley Energy,NY,NYIS,41.676111,-73.581111,1312.5,0.1890128474973623,10.295143786023338,941.270289007848,919.8417175792765,6.533947381630947,6.190055414176688,5.502271479268167,0.10726009009386457,0.11321898398796815,0.12737135698646415,93.7978774511474,88.86114705898176,78.98768627465046,0.0,0.0,0.0,8575.805938390618,8124.447731106902,7221.731316539469,False,140.77886824819726,148.5999164842082,167.1749060447342
645,Big Bend,FL,TEC,27.7944,-82.4036,1311.0,0.2360239765210107,10.044254603402456,918.3318494539386,896.9032780253673,5.232519247425106,4.957123497560628,4.406331997831669,0.13074710607181023,0.13801083418691076,0.15526218846027462,75.02942052128157,71.08050365174046,63.18266991265817,0.0,0.0,0.0,6859.832733374314,6498.7889053019835,5776.701249157318,False,171.4094560601432,180.93220361904002,203.54872907142
7897,E B Harris Electric Generating Plant,AL,SOCO,32.381352,-86.574366,1304.0,0.2161781129513678,46.62994378932972,4263.3091464530025,4241.880575024431,5.712881767442525,5.412203779682393,4.810847804162127,0.5694106815987211,0.6010446083542056,0.6761751843984812,81.47997620814903,77.19155640772014,68.61471680686235,0.0,0.0,0.0,7449.597824745053,7057.513728705841,6273.345536627414,False,742.5115288047323,783.7621692938841,881.7324404556196
63931,CPV Three Rivers Energy Center,IL,PJM,41.372222,-88.284444,1300.0,0.196551583996399,45.05302535341067,4119.133746597547,4097.705175168975,6.283337813358076,5.952635823181336,5.291231842827854,0.5016570806164458,0.5295269184284704,0.5957177832320293,89.34120953368516,84.63904061085964,75.23470276520857,0.0,0.0,0.0,8168.339157365499,7738.426570135737,6878.601395676211,False,652.1542048013795,688.3849939570116,774.4331182016381
609,Cape Canaveral,FL,FPL,28.4698,-80.7644,1295.0,0.2285094016968868,2.9370018996006766,268.5258879634904,247.09731653491897,5.404591630930805,5.120139439829185,4.5512350576259415,0.035304931744517584,0.03726631684143523,0.04192460644661464,76.55097364748087,72.52197503445556,64.46397780840495,0.0,0.0,0.0,6998.946162055393,6630.580574578794,5893.849399625594,False,45.71988660915027,48.25988030965862,54.292365348365955
619,Riviera,FL,FPL,26.7653,-80.0525,1295.0,0.2264022480038423,1.0904297161555754,99.69643119136688,78.26785976279545,5.454892832950319,5.1677932101634605,4.593593964589743,0.011079686365651988,0.011695224497077097,0.013157127559211735,77.26344301671038,73.1969460158309,65.06395201407192,0.0,0.0,0.0,7064.086218670663,6692.292207161681,5948.704184143717,False,14.348193843519324,15.145315723714841,17.038480189179197
62926,"Jackson Generation, LLC",IL,PJM,41.438536,-88.110626,1288.6,0.1978908679317843,39.09805593156296,3574.6793994571844,3553.250828028613,6.240813499416868,5.912349631026507,5.255421894245784,0.4418415305176402,0.46638828221306455,0.5246868174896977,87.95841551162505,83.32902522153954,74.07024464136848,0.0,0.0,0.0,8041.912275348575,7618.653734540757,6772.136652925117,False,569.3569962250311,600.9879404597549,676.1114330172244
400,Haynes,CA,LDWP,33.764741,-118.09913,1279.1,0.2506025983238678,5.348248489914105,488.98271907786096,467.5541476492895,4.928121289484557,4.668746484774845,4.149996875355417,0.0741730311121549,0.07829375506283014,0.08808047444568393,68.94518685884044,65.31649281363833,58.059104723234064,0.0,0.0,0.0,6303.559941379696,5971.793628675504,5308.261003267114,False,94.87472409555733,100.14554210086602,112.6637348634743
62192,Blue Water Energy Center,MI,MISO,42.773716,-82.479331,1267.4,0.187320328914144,22.40315303705102,2048.288277673236,2026.8597062446645,6.592984366187223,6.245985189019477,5.551986834683978,0.242564890624739,0.2560407178816689,0.28804580761687754,91.39318546865597,86.58301781241094,76.96268249992083,0.0,0.0,0.0,8355.948385705688,7916.161628563285,7036.588114278475,False,307.4267423777942,324.5060058432272,365.06925657363064
55131,Kendall County Generation Facility,IL,PJM,41.4797,-88.2581,1256.0,0.1994601846955107,61.22182544669267,5597.424040840472,5575.995469411901,6.191711904234471,5.865832330327396,5.21407318251324,0.717004748826832,0.7568383459838779,0.8514431392318628,85.05864228442105,80.58187163787261,71.62833034477565,0.0,0.0,0.0,7776.7901517184955,7367.485406891209,6548.87591723663,False,900.557964526501,950.5889625557506,1069.4125828752196
56237,Lake Side Power Plant,UT,PACE,40.331667,-111.754167,1246.5,0.2239826299787103,7.106905211859091,649.7741907985454,628.345619369974,5.513820424902536,5.223619349907667,4.643217199917926,0.09142262585414931,0.09650166062382425,0.10856436820180228,75.17318768357357,71.21670412128024,63.303736996693544,0.0,0.0,0.0,6872.977159641011,6511.241519659907,5787.770239697695,False,113.95830312719713,120.28931996759692,135.32548496354653
55965,Wansley Combined Cycle,GA,SOCO,33.406385,-85.036988,1239.0,0.2022057869077042,23.526594487761976,2151.0029245953806,2129.574353166809,6.107639246564736,5.786184549377119,5.143275155001883,0.28141557143220486,0.2970497698451051,0.33418099107574323,82.76805497727494,78.41184155741838,69.69941471770522,0.0,0.0,0.0,7567.365026493708,7169.082656678251,6372.517917047334,False,348.6738930045018,368.0446648380852,414.0502479428459
55502,"Lawrenceburg Power, LLC",IN,PJM,39.0911,-84.8669,1232.0,0.1908425926405467,22.69852118833599,2075.293365790719,2053.8647943621477,6.471301730458728,6.130706902539848,5.449517246702087,0.25761401906594433,0.2719259090140523,0.30591664764080884,87.20079081793136,82.61127551172447,73.43224489931063,0.0,0.0,0.0,7972.643731925153,7553.030903929093,6713.805247936972,False,317.3804714892434,335.0127199053124,376.8893098934765
4040,Port Washington Generating Station,WI,MISO,43.3842,-87.8689,1229.6,0.1862587435719051,35.82815675086699,3275.717188650696,3254.2886172221242,6.630561209188167,6.281584303441423,5.583630491947931,0.39915532194014935,0.4213306176034909,0.47399694480392723,89.17276006206937,84.47945690090783,75.09285057858474,0.0,0.0,0.0,8152.93806281777,7723.836059511573,6865.6320528991755,False,490.8013838576076,518.0681274052523,582.8266433309088
6042,Manatee,FL,FPL,27.6058,-82.3456,1224.6,0.2335756803937111,56.27562513446881,5145.200012294291,5123.771440865719,5.287365525033708,5.009083128979303,4.452518336870492,0.791327317972175,0.8352899467484068,0.9397011900919577,70.81930430264681,67.09197249724436,59.63730888643943,0.0,0.0,0.0,6474.907821956279,6134.1231997480545,5452.553955331604,False,969.0594335887255,1022.8960687880989,1150.7580773866114
621,Turkey Point,FL,FPL,25.4356,-80.3308,1224.0,0.2356236547504207,5.330873892779695,487.39418448271493,465.9656130541435,5.241409235028406,4.965545591079544,4.413818303181817,0.07263139420486205,0.07666647166068769,0.08624978061827365,70.16936613394279,66.47624160057741,59.089992533846576,0.0,0.0,0.0,6415.484903674768,6077.827803481362,5402.513603094543,False,88.90082650675114,93.83976131268173,105.56973147676695
55405,Athens Generating Plant,NY,NYIS,42.2728,-73.8492,1221.6,0.1833608656758334,18.12830715810077,1657.4452258834988,1636.0166544549274,6.735352145333869,6.380859927158403,5.671875490807469,0.19883754366141992,0.2098840738648321,0.23611958309793613,89.99272385184216,85.25626470174522,75.7833464015513,0.0,0.0,0.0,8227.906180739854,7794.858487016705,6928.763099570404,False,242.89994333679056,256.3943846332789,288.4436827124388
613,Lauderdale,FL,FPL,26.0686,-80.1984,1215.9,0.2302630985202548,0.5976861414237061,54.64559007302455,33.21701864445313,5.36342995441523,5.081144167340746,4.516572593191773,0.00509354536645643,0.005376520109037342,0.00604858512266701,71.32775214220995,67.5736599241989,60.065475488176794,0.0,0.0,0.0,6521.394481573479,6178.163193069613,5491.700616061878,False,6.193241811074373,6.5373108005785046,7.354474650650817
55225,Oneta Energy Center,OK,SWPP,36.0119,-95.6967,1214.0,0.2164798856643267,51.76274727477714,4732.594036551052,4711.165465122481,5.704918016794357,5.404659173805182,4.804141487826828,0.6802370196796078,0.7180279652173637,0.8077814608695342,75.75061454174758,71.76374009218195,63.78999119305061,0.0,0.0,0.0,6925.77047238835,6561.256236999491,5832.227766221769,False,825.8077418910439,871.6859497738795,980.6466934956145
60356,South Field Energy,OH,PJM,40.63534,-80.678245,1210.4,0.1795415077209303,12.654614076876223,1156.9932870286832,1135.5647156001116,6.878632220910262,6.516598946125513,5.792532396556012,0.1363894835538247,0.14396667708459268,0.16196251172016676,91.06449231457574,86.27162429801916,76.68588826490591,0.0,0.0,0.0,8325.896440189781,7887.691364390322,7011.281212791397,False,165.0858308935494,174.257265943191,196.03942418608986
117,West Phoenix,AZ,AZPS,33.4417,-112.1583,1207.4,0.2663448643193403,18.11475497233593,1656.2061688992849,1634.7775974707133,4.636845554188228,4.3928010513362175,3.9047120456321927,0.29200136096677387,0.30822365879826125,0.34675161614804395,61.23389258576262,58.011056133880395,51.5653832301159,0.0,0.0,0.0,5598.527322126867,5303.86798938335,4714.54932389631,False,352.56244323128277,372.14924563302066,418.6679013371483
60589,CPV Fairview Energy Center,PA,PJM,40.412,-78.855,1197.0,0.1736694159506885,8.403745141971457,768.3424129802474,746.913841551676,7.111211799955983,6.736937494695144,5.98838888417346,0.08774709420498931,0.09262193277193315,0.1041996743684248,93.10131823723624,88.20124885632909,78.40111009451473,0.0,0.0,0.0,8512.120524547312,8064.114181150087,7168.101494355632,False,105.03327176337221,110.86845352800398,124.72701021900448
60368,Hummel Station LLC,PA,PJM,40.839014,-76.825517,1194.4,0.1854833528211362,30.954929746607657,2830.1650054041284,2808.736433975557,6.65827946937602,6.307843707829915,5.606972184737701,0.35318249737958524,0.3728037472340066,0.41940421563825747,86.982098418061,82.40409323816306,73.24808287836717,0.0,0.0,0.0,7952.6489982227195,7534.08852463205,6696.967577450711,False,421.84117487017664,445.27679569629754,500.9363951583348
6071,Trimble County,KY,LGEE,38.5847,-85.4117,1194.0,0.1993742023742348,34.36556316409235,3141.9943464313,3120.565775002729,6.194382148207151,5.868362035143618,5.216321809016549,0.42192088129412586,0.4453609302549105,0.5010310465367744,80.89475936674278,76.6371404527037,68.1219026246255,0.0,0.0,0.0,7396.092284959338,7006.82426996148,6228.288239965759,False,503.7735322651863,531.7609507243632,598.2310695649087
7826,Rowan,NC,DUK,35.7314,-80.6019,1192.0,0.2181924450739882,45.43144407899812,4153.732030079827,4132.303458651256,5.660140980505609,5.362238823636894,4.766434509899462,0.6124754744387793,0.6465018896853779,0.7273146258960502,73.7940880333419,69.91018866316602,62.14238992281424,0.0,0.0,0.0,6746.888048762687,6391.788677775178,5681.589935800158,False,730.0707655310249,770.6302525049705,866.9590340680919
55382,Thomas A Smith Energy Facility,GA,SOCO,34.7094,-84.9175,1192.0,0.2038667090157895,22.07303569149723,2018.1061203654606,1996.6775489368893,6.057879709552525,5.739043935365551,5.1013723869916,0.2765101220467602,0.2918717954938024,0.32835576993052773,78.97960671329105,74.82278530732837,66.509142495403,0.0,0.0,0.0,7220.99261378661,6840.940370955736,6080.835885293987,False,329.60006547973813,347.9111802286124,391.4000777571891
3469,T H Wharton,TX,ERCO,29.9417,-95.5306,1189.9,0.2082549638704948,4.693921161832222,429.15850622466024,407.7299347960888,5.930230795209259,5.618113384935088,4.993878564386745,0.057781729584242734,0.06099182567225621,0.06861580388128824,77.17917400396327,73.117112214281,64.99298863491644,0.0,0.0,0.0,7056.381623219498,6684.993116734262,5942.216103763788,False,68.75448003229043,72.57417336741767,81.64594503834488
136,Seminole (FL),FL,SEC,29.733056,-81.632778,1183.2,0.2220778888267666,24.241732905814292,2216.387008531592,2194.9584371030205,5.561111943762083,5.268421841458817,4.683041636852281,0.3335849913460088,0.35211749086523136,0.3961321772233854,71.96773994221107,68.17996415577893,60.60441258291459,0.0,0.0,0.0,6579.9076518592965,6233.596722814073,5540.974864723619,False,394.6977617605976,416.62541519174175,468.7035920907096
55297,New Covert Generating Facility,MI,PJM,42.32238,-86.29368,1176.0,0.1890616345567821,21.747088249255697,1988.3052113605206,1966.876639931949,6.532261306717331,6.188458080047999,5.5008516267093315,0.2560390760672875,0.27026346918213673,0.3040464028299039,84.02121105765168,79.5990420546174,70.75470404854879,0.0,0.0,0.0,7681.939296699581,7277.626702136447,6469.001513010174,False,301.10195345513006,317.8298397581928,357.558569727967
55464,Deer Park Energy Center,TX,ERCO,29.713414,-95.134508,1176.0,0.2144519645856225,7.975635068579594,729.2009205558485,707.772349127277,5.7588654055295985,5.4557672262912,4.849570867814399,0.10450795308995404,0.11031395048384036,0.12410319429432043,74.07340627862447,70.17480594817056,62.37760528726271,0.0,0.0,0.0,6772.425716902808,6415.982258118451,5703.095340549733,False,122.90135283378595,129.72920576899628,145.94535649012082
55460,Indeck Niles Energy Center,MI,PJM,41.862114,-86.221394,1174.4,0.1906479069046415,57.052964610262315,5216.271050081125,5194.842478652554,6.477910091180406,6.136967454802492,5.455082182046659,0.6828438849673116,0.7207796563543842,0.8108771133986824,83.20875512121232,78.82934695693802,70.07053062838933,0.0,0.0,0.0,7607.657611082269,7207.254578920047,6406.448514595596,False,801.9318585056109,846.4836284225889,952.2940819754127
3393,Allen,TN,TVA,35.074087,-90.14868,1170.9,0.2090725596478798,33.431157330203774,3056.5629559043446,3035.1343844757735,5.907040130373819,5.596143281406777,4.97434958347269,0.4388218029714795,0.46320079202545045,0.5211008910286319,75.64980159466084,71.66823308967871,63.705096079714394,0.0,0.0,0.0,6916.553288654705,6552.524168199196,5824.465927288173,False,513.8164490993054,542.3618073826,610.1570333054251
47,Colbert,AL,TVA,34.7439,-87.8486,1169.6,0.2073285848990375,49.898105510312256,4562.112503799977,4540.683932371406,5.956728063336786,5.6432160600032715,5.0161920533362405,0.6517426451012426,0.6879505698290893,0.7739443910577256,76.20144375023584,72.19084144759185,64.16963684230386,0.0,0.0,0.0,6966.989142878704,6600.305503779826,5866.9382255820665,False,762.2781977104132,804.6269864721028,905.2053597811158
54547,Sithe Independence Station,NY,NYIS,43.495,-76.4511,1157.8,0.1790245483722425,10.284371535800004,940.2853975588573,918.8568261302859,6.898495269107379,6.535416570733307,5.809259173985161,0.11504292890867755,0.1214342027369374,0.13661347807905458,87.35866368438698,82.76083927994557,73.56519047106272,0.0,0.0,0.0,7987.077822572523,7566.705305595023,6725.9602716400195,False,133.19670309046685,140.59651992882613,158.1710849199294
55151,La Paloma Generating Plant,CA,CISO,35.2956,-119.5919,1156.0,0.2532106452092689,25.095868100941892,2294.4793692289727,2273.050797800401,4.877362083175136,4.620658815639604,4.107252280568535,0.4031496708631488,0.42554687479999026,0.4787402341499892,61.66814683914563,58.422454900243245,51.931071022438424,0.0,0.0,0.0,5638.230568150457,5341.481590879382,4747.983636337227,False,466.0410195178,491.93218726878877,553.4237106773875
7834,John S Rainey,SC,SC,34.347734,-82.774478,1154.3,0.2089907158666545,38.129248395348256,3486.10271043184,3464.6741390032685,5.909353412560133,5.598334811899075,4.976297610576955,0.5079298483333243,0.5361481732407312,0.6031666948958225,74.6065101700424,70.67985174004018,62.826534880035716,0.0,0.0,0.0,6821.1666441181615,6462.157873375101,5744.140331888979,False,586.3034239311562,618.8758363717759,696.2353159182479
55690,Bethlehem Power Plant,PA,PJM,40.6175,-75.3147,1153.0,0.1915278118103959,19.841442435553603,1814.0747369649007,1792.6461655363291,6.4481496881643245,6.108773388787257,5.430020790033116,0.24111829196531487,0.2545137526300545,0.2863279717088114,81.3172127080848,77.03735940765931,68.47765280680825,0.0,0.0,0.0,7434.716590453466,7043.415717271707,6260.8139709081825,False,278.00939063600805,293.4543567824528,330.13615138025955
55198,Riverside Generating LLC,KY,PJM,38.191661,-82.604586,1150.0,0.1839715624765998,4.541372198992102,415.2111724792778,393.78260105070643,6.7129940267647905,6.359678551671908,5.65304760148614,0.051008484697340616,0.05384228940274842,0.06057257557809198,84.43687799290089,79.99283178274823,71.10473936244286,0.0,0.0,0.0,7719.943130779509,7313.630334422694,6501.004741709061,False,58.65975740194171,61.918632813160684,69.65846191480578
60464,Tenaska Westmoreland Generating Station,PA,PJM,40.175249,-79.696665,1134.0,0.17773059005619,23.20134202940582,2121.265556974246,2099.8369855456745,6.948719405081317,6.58299733112967,5.851553183226373,0.2664819216580226,0.281286472861246,0.31644728196890176,86.18583537114921,81.6497387726677,72.57754557570462,0.0,0.0,0.0,7879.847805362213,7465.118973501046,6635.661309778707,False,302.19049916019765,318.9788602246529,358.8512177527346
6073,Victor J Daniel Jr,MS,SOCO,30.5322,-88.5553,1132.4,0.2182580935132344,9.617881989724031,879.3492104890541,857.9206390604827,5.658438503336023,5.360625950528865,4.765000844914546,0.1338907748274216,0.14132915120672276,0.1589952951075631,70.08329738788125,66.39470278851908,59.01751358979474,0.0,0.0,0.0,6407.615761177713,6070.372826378887,5395.886956781233,False,151.61791341457223,160.04113082649286,180.04627217980448
55841,Silverhawk,NV,NEVP,36.4078,-114.9606,1120.3,0.2676994675528917,7.39706098400374,676.3027185374847,654.8741471089132,4.613382354807972,4.370572757186501,3.884953561943556,0.12670800692498876,0.13374734064304367,0.15046575822342415,56.52907150724938,53.55385721739417,47.60342863768369,0.0,0.0,0.0,5168.372252091371,4896.352659876037,4352.313475445366,False,141.9509801580649,149.8371457224018,168.56678893770206
59220,Wildcat Point Generation Facility,MD,PJM,39.719364,-76.161625,1113.6,0.2001104352027732,42.59764728637583,3894.6420376115043,3873.2134661829327,6.171592194822656,5.846771552989886,5.197130269324343,0.5635662667172073,0.5948755037570521,0.6692349417266836,75.16999293293996,71.21367751541682,63.301046680370504,0.0,0.0,0.0,6872.685068154509,6510.964801409536,5787.524267919588,False,627.587394616282,662.4533609838531,745.2600311068348
59906,Moxie Freedom Generation Plant,PA,PJM,41.113056,-76.158056,1105.0,0.1807053803970593,19.68020617414627,1799.3331359219446,1777.904564493373,6.8343288798948105,6.474627359900348,5.75522431991142,0.2354237607023233,0.248502858519119,0.2795657158340089,82.59927169685369,78.25194160754562,69.55728142892944,0.0,0.0,0.0,7551.933412283765,7154.4632326898845,6359.522873502119,False,260.14325557606725,274.59565866362647,308.92011599657985
55061,Tenaska Georgia Generation Facility,GA,SOCO,33.3516,-84.9996,1099.1999999999998,0.2034445690417548,17.484057096356846,1598.5423630954829,1577.1137916669115,6.07044958642533,5.750952239771366,5.111957546463436,0.23635535868226784,0.2494862119423938,0.28067198843519303,72.98198015279853,69.14082330265124,61.45850960235665,0.0,0.0,0.0,6672.638185398721,6321.446701956685,5619.063735072607,False,259.80181026354876,274.2352441670792,308.51464968796415
7153,Hay Road,DE,PJM,39.7436,-75.5072,1098.2,0.1999563212656534,10.448735224691523,955.3129348289391,933.8843634003678,6.176348875508825,5.851277882060994,5.2011358951653275,0.13768284929483737,0.1453318964778839,0.16349838353761936,74.18760053997899,70.28298998524326,62.47376887577179,0.0,0.0,0.0,6782.866335083792,6425.873370079384,5711.887440070563,False,151.20330509559042,159.60348871201208,179.55392480101358
55279,Aurora,IL,PJM,41.8151,-88.2265,1086.2,0.1958465291647442,12.975349139977434,1186.3176356550796,1164.889064226508,6.305958064547214,5.974065534834204,5.310280475408181,0.17006842566756028,0.17951667153798026,0.2019562554802278,74.91675241871609,70.97376544931,63.087791510497766,0.0,0.0,0.0,6849.531649711184,6489.029983936913,5768.0266523883665,False,184.72832396010398,194.99100862455415,219.36488470262344
55419,Plaquemine Cogeneration Plant,LA,MISO,30.3217,-91.2347,1084.8,0.2184912824402655,40.11690230752477,3667.83106811655,3646.4024966879783,5.6523994285110355,5.354904721747298,4.75991530821982,0.5946782912611682,0.6277159741090108,0.7061804708726371,67.06571921928345,63.53594452353169,56.47639513202817,0.0,0.0,0.0,6131.722900048771,5809.000642151468,5163.556126356861,False,645.1070103601153,680.9462887134549,766.0645748026367
55927,Jasper,SC,SCEG,32.3594,-81.1242,1068.2,0.210964986598595,6.8052822056057325,622.1972302268098,600.7686587982383,5.85405199181154,5.545943992242512,4.929727993104455,0.09607228479422135,0.10140963394945586,0.11408583819313783,68.39545056808065,64.79569001186589,57.59616889943634,0.0,0.0,0.0,6253.298337653087,5924.177372513452,5265.935442234179,False,102.62441461718726,108.32577098480876,121.86649235790983
58215,Lee Combined Cycle Plant,NC,DUK,35.373611,-78.089444,1068.0,0.2181045410064873,46.992030393610825,4296.414207415846,4274.985635987275,5.662422223310179,5.364400001030697,4.768355556471731,0.7069051691051652,0.7461776784998965,0.8394498883123834,66.14416959604203,62.66289751203984,55.70035334403541,0.0,0.0,0.0,6047.466934495271,5729.179201100785,5092.603734311809,False,754.9747206043164,796.9177606378894,896.5324807176255
59764,Oregon Clean Energy Center,OH,PJM,41.667928,-83.443664,1060.0,0.1923001304086598,34.48440540849171,3152.859923062099,3131.4313516335274,6.422252535011201,6.084239243694824,5.408212661062064,0.4599913354861303,0.48554640967980406,0.5462397108897797,74.45799032778612,70.53914873158688,62.70146553918831,0.0,0.0,0.0,6807.587687111873,6449.293598316513,5732.705420725788,False,487.59081561529814,514.6791942605923,579.0140935431665
54,J K Smith,KY,PJM,37.8833,-84.1017,1055.0,0.1958057491499873,26.00177959553003,2377.3055630198883,2355.8769915913167,6.307271391985479,5.975309739775718,5.3113864353561935,0.3540451363230855,0.3737143105632568,0.42042859938366395,72.77999879658245,68.94947254413076,61.28842003922733,0.0,0.0,0.0,6654.17131854468,6303.951775463383,5603.512689300784,False,373.5176188208552,394.26859764423597,443.55217234976544
358,Mountainview Generating Station,CA,CISO,34.0818,-117.2418,1036.8,0.2587757061342058,11.96935996589509,1094.3414825961224,1072.912911167551,4.772472727248617,4.52128995213027,4.018924401893573,0.21683332412397027,0.22887961990863526,0.25748957239721465,54.11984072699933,51.271428057157266,45.57460271747312,0.0,0.0,0.0,4948.099723611366,4687.6734223686635,4166.820819883256,False,224.81279045173238,237.30238992127303,266.96518866143214
55226,Freestone Energy Center,TX,ERCO,31.8907,-96.1131,1036.0,0.2177800660259875,46.0239178412815,4207.901059774308,4186.472488345737,5.670858782146886,5.372392530454945,4.7754600270710625,0.7125898855203873,0.7521782124937421,0.8462004890554597,64.25791857520191,60.87592286071761,54.11193143174899,0.0,0.0,0.0,5875.009698304174,5565.798661551324,4947.376588045621,False,738.2431213991213,779.2566281435168,876.6637066614563
61028,Hickory Run Energy Station,PA,PJM,40.994444,-80.43,1033.7,0.1700356958885884,33.74529004639391,3085.2836613845857,3063.8550899560146,7.263180790045417,6.880908116885133,6.116362770564563,0.40808144660367845,0.4307526380816604,0.48459671784186803,82.11820293545256,77.7961922546393,69.1521708930127,0.0,0.0,0.0,7507.9499826699475,7112.794720424163,6322.484195932589,False,421.83379135422246,445.2690019850124,500.927627233139
2706,Asheville,NC,CPLE,35.4731,-82.5417,1011.5,0.2092627034510537,12.820715225481184,1172.1796777582795,1150.7511063297081,5.901672776051395,5.591058419417112,4.969829706148544,0.1927704175342634,0.20347988517505577,0.22891487082193776,65.29186576692486,61.85545177919198,54.982623803726206,0.0,0.0,0.0,5969.542012975986,5655.355591240409,5026.9827477692525,False,194.98727733590744,205.8199038545689,231.54739183639003
55439,Tenaska Virginia Generating Station,VA,PJM,37.8667,-78.3813,1011.4,0.2009407789947055,23.888333600100392,2184.076214866321,2162.64764343775,6.146089440772698,5.822611049153084,5.175654265913852,0.3479076200652206,0.367235821179955,0.41314029882744935,67.98919378559775,64.41081516530313,57.2540579247139,0.0,0.0,0.0,6216.154860397507,5888.988815113428,5234.65672454527,False,351.8737669339641,371.4223095414065,417.8500982340823
55451,Magnolia Power Plant,MS,TVA,34.835,-89.2026,1003.5,0.2053841561335891,26.00977191021186,2378.0362889336557,2356.607717505084,6.013122059895956,5.69664195148038,5.063681734649227,0.39054393622135103,0.4122408215669815,0.4637709242628542,65.99871235896741,62.52509591902178,55.57786303913047,0.0,0.0,0.0,6034.167987105591,5716.580198310562,5081.404620720499,False,391.91083999812577,413.68366444246595,465.3941224977742
60925,Montgomery County,TX,MISO,30.44083,-95.5275,1000.0,0.2070090285678924,29.798824053284008,2724.463913443109,2703.0353420145375,5.965923363554933,5.6519273970520425,5.02393546404626,0.45307912577741727,0.478250188320607,0.538031461860683,65.25228678888209,61.817955905256724,54.949294138005975,0.0,0.0,0.0,5965.923363554933,5651.927397052043,5023.93546404626,False,453.0791257774173,478.250188320607,538.031461860683
60926,St. Charles Power Station (LA),LA,MISO,30.01,-90.460833,1000.0,0.2223544773135089,15.842157667155094,1448.42584385418,1426.9972724256083,5.554194432787204,5.2618684100089315,4.677216364452383,0.2569224555773272,0.27119592533162307,0.30509541599807594,60.74900160861006,57.55168573447269,51.15705398619795,0.0,0.0,0.0,5554.194432787204,5261.868410008931,4677.2163644523835,False,256.9224555773272,271.1959253316231,305.09541599807596
60927,Lake Charles Power,LA,MISO,30.27099,-93.28861,1000.0,0.2079793393239338,12.538899259961052,1146.4136466250104,1124.9850751964389,5.938089831492597,5.6255587877298305,5.000496700204294,0.18945235035517521,0.19997748093046266,0.2249746660467705,64.94785753195029,61.52954924079503,54.69293265848447,0.0,0.0,0.0,5938.089831492597,5625.55878772983,5000.496700204294,False,189.4523503551752,199.97748093046266,224.9746660467705
3405,John Sevier,TN,TVA,36.3767,-82.9639,996.9,0.1984603860411934,22.460489207594573,2053.530441837218,2032.1018704086464,6.222904352023468,5.895383070338023,5.240340506967131,0.3275674604848562,0.34576565273401483,0.38898635932576675,67.8520209995709,64.28086199959348,57.13854399963865,0.0,0.0,0.0,6203.613348532195,5877.107382819975,5224.095451395533,False,326.5520013573531,344.6937792105394,387.7805016118569
55286,Oleander Power Project LP,FL,FPL,28.3661,-80.7947,994.4,0.2377593860652133,3.756735392402144,343.4729501624817,322.04437873391026,5.194327006132413,4.920941374230708,4.374170110427295,0.06234840106501472,0.06581220112418219,0.07403872626470498,56.494799100447665,53.52138862147674,47.57456766353488,0.0,0.0,0.0,5165.238774898072,4893.384102535016,4349.6747578089025,False,61.999250019050635,65.44365279788677,73.62410939762263
55166,Broad River Energy Center,SC,DUK,35.0786,-81.575,985.0,0.2160181104579681,19.452598951685506,1778.5233327255316,1757.0947612969603,5.7171132428746105,5.416212545881212,4.81441115189441,0.31201980330953283,0.32935423682672893,0.37052351643007014,61.59296220253194,58.35122734976713,51.867757644237436,0.0,0.0,0.0,5631.356544231491,5334.969357692994,4742.194984615993,False,307.33950625988984,324.413923274328,364.9656636836191
1355,E W Brown,KY,LGEE,37.78831,-84.71257,980.6,0.2009688199511452,53.113795947948866,4856.11848666961,4834.689915241039,6.1452318837331275,5.821798626694544,5.1749321126173715,0.8023030823033191,0.8468754757646144,0.9527349102351913,65.90953233800147,62.440609583369834,55.50276407410651,0.0,0.0,0.0,6026.014385188705,5708.85573333667,5074.538429632595,False,786.7384025066348,830.4460915347809,934.2518529766286
7538,Wayne County Energy Complex,NC,CPLE,35.375789,-78.098052,979.7,0.2201043910188938,48.126244094545115,4400.113745786981,4378.68517435841,5.610973930520029,5.315659513124238,4.725030678332656,0.7965487524402179,0.8408014609091189,0.9459016435227589,60.124215809552055,56.95978339852301,50.630918576464886,0.0,0.0,0.0,5497.071159730473,5207.751625007817,4629.112555562503,False,780.3788127656816,823.7331912526638,926.6998401592468
55401,Rolling Hills Generating,OH,PJM,39.0839,-82.3328,977.5,0.1833065389812533,14.215547883431624,1299.7072350566054,1278.278663628034,6.737348306632438,6.3827510273359955,5.673556468743106,0.1940974250044931,0.20488061528252044,0.23049069219283555,72.03172779395697,68.240584225854,60.65829708964798,0.0,0.0,0.0,6585.7579697332085,6239.1391292209355,5545.901448196386,False,189.73023294189198,200.27080143866374,225.30465161849676
50006,Linden Cogen Plant,NJ,NYIS,40.6322,-74.2156,974.1,0.195554052378786,1.5967254766522847,145.98632929392315,124.55775786535173,6.315389453591167,5.983000534981107,5.318222697760984,0.020247299224643064,0.021372149181567674,0.024043667829263635,67.28554073000328,63.74419648105576,56.66150798316067,0.0,0.0,0.0,6151.820866743156,5828.040821125097,5180.480729888975,False,19.72289417472481,20.818610517765073,23.420936832485708
641,Gulf Clean Energy Center,FL,FPL,30.5661,-87.2244,972.4,0.2163338600042729,7.211152794665551,659.3053983694217,637.8768269408504,5.708768844486975,5.408307326356082,4.807384290094295,0.11490777539390144,0.12129154069356261,0.13645298328025793,60.716324641646786,57.52072860787591,51.12953654033414,0.0,0.0,0.0,5551.206824379134,5259.038044148654,4674.700483687692,False,111.73632079302976,117.94389417042028,132.68688094172282
60376,"Clean Energy Future-Lordstown, LLC",OH,PJM,41.14889,-80.85162,962.0,0.1702191587065236,32.30806337143551,2953.8800796741034,2932.451508245532,7.255352507817729,6.873491849511534,6.10977053289914,0.42014311335294274,0.4434843974281062,0.4989199471066195,76.33991216819467,72.32202205407917,64.28624182584815,0.0,0.0,0.0,6979.649112520655,6612.299159230095,5877.599252648973,False,404.1776750455309,426.63199032583816,479.960989116568
3264,W S Lee,SC,DUK,34.6022,-82.435,954.7,0.2147444907905685,37.438434413284114,3422.942574928833,3401.5140035002614,5.751020645295365,5.448335348174558,4.8429647539329395,0.6195272505203548,0.6539454311048188,0.7356886099929214,60.05233729756939,56.891687966118376,50.570389303216324,0.0,0.0,0.0,5490.499410063486,5201.525756902251,4623.578450579777,False,591.4626660717828,624.3217030757705,702.3619159602421
55333,Delta Energy Center,CA,CISO,38.0169,-121.8439,943.5,0.2475389564895778,16.29876207984739,1490.1725330146182,1468.743961586047,4.989113703612132,4.726528771843073,4.201358908304954,0.31201881838136375,0.3293531971803284,0.3705223468278694,51.48531477422864,48.775561365058714,43.35605454671886,0.0,0.0,0.0,4707.228779358046,4459.479896233939,3963.982129985724,False,294.3897551428167,310.74474153963985,349.5878342320948
55132,Tenaska Gateway Generating Station,TX,ERCO,32.017826,-94.619743,939.6,0.207337999817878,43.036529609991035,3934.768421484894,3913.3398500563226,5.956457576926573,5.642959809719913,5.0159642753065885,0.6992242862569417,0.7380700799378828,0.8303288399301182,61.21376996087728,57.99199259451533,51.5484378617914,0.0,0.0,0.0,5596.687539280208,5302.12503721283,4713.00003307807,False,656.9911393670224,693.4906471096347,780.1769779983391
55271,Tenaska Lindsay Hill Generating Station,AL,SOCO,32.6514,-86.7386,939.4,0.2091134922154615,30.440294179486425,2783.1126106959014,2761.68403926733,5.905883866773691,5.595047873785603,4.973375887809425,0.4977812470936252,0.5254357608210487,0.5911152309236798,60.681111142391316,57.48736845068652,51.09988306727691,0.0,0.0,0.0,5547.987304447205,5255.987972634195,4671.989309008174,False,467.6157035197515,493.59435371529315,555.2936479297048
55327,Baytown Energy Center,TX,ERCO,29.7731,-94.9019,932.9,0.2097510369697424,25.419730591527298,2324.0896540824956,2302.661082653924,5.88793275037851,5.578041552990168,4.958259158213482,0.41921043724308416,0.4424999059788109,0.49781239422616236,60.078073812182474,56.91606992733078,50.59206215762735,0.0,0.0,0.0,5492.852462828111,5203.754964784528,4625.559968697357,False,391.0814169040732,412.8081622876327,464.40918257358686
55440,Central Alabama Generating Station,AL,SOCO,32.6497,-86.74,927.1,0.2091134922154615,30.345428879132548,2774.439211806404,2753.0106403778327,5.905883866773691,5.595047873785603,4.973375887809425,0.5028013164691715,0.5307347229396809,0.5970765633071411,59.886585203439424,56.734659666416306,50.43080859237005,0.0,0.0,0.0,5475.34493288589,5187.168883786633,4610.816785588118,False,466.1471004985689,492.0441616373782,553.5496818420505
55299,Channel Energy Center LLC,TX,ERCO,29.7189,-95.2319,923.8,0.2144519645856225,3.2938761247414594,301.1543885477905,279.72581711921913,5.7588654055295985,5.4557672262912,4.849570867814399,0.05257964684377509,0.055500738335095924,0.06243833062698292,58.18793598655891,55.12541303989793,49.00036714657593,0.0,0.0,0.0,5320.039861628243,5040.03776364781,4480.033567686942,False,48.573077754279424,51.27158207396161,57.68052983320682
1396,Coughlin Power Station,LA,MISO,30.8439,-92.261111,922.8,0.2124861311155107,41.14200353845496,3761.554609230167,3740.1260378015954,5.8121440374319535,5.506241719672379,4.894437084153225,0.697336316383376,0.7360772228491188,0.8280868757052589,58.66269628780539,55.57518595686828,49.40016529499402,0.0,0.0,0.0,5363.446517742206,5081.159858913671,4516.586541256595,False,643.5019527585794,679.2520612451668,764.1585689008128
55503,"Waterford Power, LLC",OH,PJM,39.5333,-81.7178,921.6,0.1822744619548581,23.934897520420613,2188.333487581313,2166.9049161527414,6.775496615131189,6.418891530124286,5.705681360110476,0.34702139888653244,0.36630036549133965,0.41208791117775717,68.29700588052239,64.70242662365281,57.513268109913604,0.0,0.0,0.0,6244.297680504904,5915.650434162542,5258.355941477815,False,319.8149212138283,337.58241683681865,379.780218941421
7709,Dahlberg,GA,SOCO,34.042267,-83.397721,919.0,0.207996714614184,26.428847193093834,2416.351743368579,2394.9231719400073,5.9375937850307805,5.62508884897653,5.000078976868027,0.4389000114689899,0.46328334543948924,0.5211937636194254,59.68209502984846,56.54093213354066,50.25860634092503,0.0,0.0,0.0,5456.648688443287,5169.456652209431,4595.072579741716,False,403.3491105400017,425.7573944588906,478.97706876625193
55187,Channelview Cogeneration Plant,TX,ERCO,29.836952,-95.121744,918.3,0.2097510369697424,15.635052469312926,1429.4905114800388,1408.0619400514674,5.88793275037851,5.578041552990168,4.958259158213482,0.26041999985311937,0.2748877776227371,0.3092487498255792,59.13784455110641,56.025326416837665,49.80029014830014,0.0,0.0,0.0,5406.8886446725855,5122.315558110871,4553.169384987441,False,239.1436858651195,252.42944619095945,283.98312696482935
2336,Tracy,NV,NEVP,39.5625,-119.525,913.1,0.2543035668779665,13.767630769306532,1258.75481319374,1237.3262417651686,4.8564006205726695,4.600800587910951,4.089600522587512,0.2790303057765059,0.2945319894307562,0.3313484881096007,48.50102476017865,45.94833924648504,40.84296821909782,0.0,0.0,0.0,4434.3794066449045,4200.991016821489,3734.2142371746572,False,254.78257220452753,268.9371595492235,302.55430449287644
55146,Green Country Energy LLC,OK,SWPP,35.9833,-95.9346,903.9,0.2212583357255397,42.714057087176386,3905.2852193989834,3883.856647970412,5.581710609682782,5.2879363670679,4.700387881838132,0.7697957148590985,0.8125621434623814,0.9141324113951794,55.18305865725917,52.278687148982385,46.46994413242877,0.0,0.0,0.0,5045.308220092266,4779.765682192675,4248.680606393487,False,695.8183466611391,734.4749214756465,826.2842866601027
55269,TVA Southaven Combined Cycle,MS,TVA,34.9939,-90.0378,903.9,0.2084770765006367,15.461306497968826,1413.6051655285783,1392.1765941000067,5.923912694527007,5.612127815867693,4.988558058549059,0.259995177273276,0.2744393537884579,0.3087442730120152,58.56620748762615,55.48377551459321,49.31891156852729,0.0,0.0,0.0,5354.624684582962,5072.802332762807,4509.157629122495,False,235.00964073731416,248.0657318893871,279.0739483755605
55467,Ouachita,LA,MISO,32.7061,-92.0683,903.9,0.2089361515534181,32.94988098958061,3012.5605476187984,2991.1319761902273,5.9108966582274345,5.599796834110203,4.977597185875735,0.559837289777188,0.5909393614314762,0.6648067816104108,58.43752566500383,55.36186641947732,49.210547928424276,0.0,0.0,0.0,5342.859489371778,5061.656358352212,4499.250096313076,False,506.0369262296003,534.1500887979113,600.9188498976504
55292,Decatur Energy Center,AL,TVA,34.6292,-87.0214,902.4,0.2094234447907461,35.09877116316445,3209.0305063464634,3187.6019349178923,5.897142992915621,5.586767045920064,4.9660151519289455,0.5989951921570843,0.6322727028324776,0.7113067906865373,58.20480134007719,55.14139074323104,49.0145695495387,0.0,0.0,0.0,5321.581836807057,5041.498582238266,4481.332073100681,False,540.5332614025529,570.5628870360277,641.8832479155313
55293,Morgan Energy Center,AL,TVA,34.6397,-87.0639,900.0,0.2094234447907461,42.07084950126052,3846.4776686866753,3825.049097258104,5.897142992915621,5.586767045920064,4.9660151519289455,0.7206972185708734,0.7607359529359218,0.8558279470529121,58.05000133651316,54.994738108275634,48.88421165180056,0.0,0.0,0.0,5307.42869362406,5028.090341328058,4469.413636736051,False,648.6274967137861,684.6623576423297,770.2451523476209
55706,Choctaw County,MS,TVA,33.2881,-89.4201,899.0,0.2092480209282222,17.387454336289526,1589.7101107464707,1568.2815393178994,5.902086884843889,5.591450733010001,4.970178429342223,0.2955689032443033,0.3119893978689867,0.3509880726026101,58.03411369737906,54.97968666067491,48.870832587266584,0.0,0.0,0.0,5305.976109474656,5026.714208975991,4468.190407978658,False,265.71644401662866,280.4784686842191,315.5382772697465
55089,Taft Cogeneration Facility,LA,MISO,29.9888,-90.4599,894.2,0.2223544773135089,15.123891821618582,1382.7558236908415,1361.3272522622701,5.554194432787204,5.2618684100089315,4.677216364452383,0.27409858551276683,0.2893262847079205,0.32549207029641053,54.32175723841912,51.46271738376549,45.74463767445821,0.0,0.0,0.0,4966.5606617983185,4705.162732229986,4182.366873093321,False,245.09895516551612,258.7155637858225,291.05500925905034
2539,Bethlehem Energy Center,NY,NYIS,42.594196,-73.763752,893.1,0.1842278741870698,16.713319967474416,1528.0749684548034,1506.646397026232,6.703654403274222,6.350830487312423,5.64518265538882,0.25165156245180725,0.26563220481024097,0.2988362304115211,65.48318161398353,62.03669837114231,55.14373188545983,0.0,0.0,0.0,5987.033747564208,5671.926708218724,5041.712629527755,False,224.75001042570906,237.23612211602622,266.8906373805295
7839,Ladysmith,VA,PJM,38.0722,-77.5133,892.5,0.1986573270542364,26.209579777257577,2396.3044367778352,2374.8758653492637,6.216735210893211,5.889538620846201,5.235145440752179,0.42802616631706086,0.45180539777911977,0.5082810725015097,60.68602067196148,57.492019583963504,51.10401740796756,0.0,0.0,0.0,5548.436175722191,5256.413219105234,4672.367305871319,False,382.01335343797683,403.2363175178644,453.6408572075974
55317,Fore River Generating Station,MA,ISNE,42.2422,-70.9661,872.2,0.1962429256713135,1.0803524498176176,98.77508112618217,77.34650969761074,6.293220485657132,5.9619983548330735,5.299554093184954,0.014091320429908969,0.014874171564903907,0.016733443010516897,60.03535680176728,56.87560118062165,50.556089938330345,0.0,0.0,0.0,5488.946907590151,5200.054965085407,4622.271080075917,False,12.290449678966603,12.973252438909189,14.594908993772838
58420,Hamilton Liberty,PA,PJM,41.7675,-76.39,870.0,0.1769510430408575,26.53517972755642,2426.0735750908725,2404.645003662301,6.979331564125575,6.611998323908441,5.8773318434741695,0.3960207003965106,0.41802185041853884,0.4702745817208562,66.41270191488243,62.91729655094127,55.926485823058904,0.0,0.0,0.0,6072.01846078925,5752.438541800344,5113.278703822528,False,344.5380093449642,363.6790098641288,409.13888609714485
58426,Hamilton Patriot Generation Plant,PA,PJM,41.180833,-76.839167,870.0,0.1781674455673057,41.96521195068331,3836.819378348188,3815.3908069196164,6.931681576662994,6.566856230522839,5.8372055382425225,0.6326757261015863,0.6678243775516743,0.7513024247456336,65.95928250293382,62.487741318568894,55.54465894983901,0.0,0.0,0.0,6030.562971696805,5713.164920554869,5078.368818270995,False,550.42788170838,581.0072084699567,653.6331095287012
58697,L V Sutton Combined Cycle,NC,CPLE,34.283056,-77.985278,851.0,0.2072077405077141,11.877969584968094,1085.985790625654,1064.5572191970828,5.960202051206781,5.646507206406425,5.019117516805711,0.2098835816220049,0.22154378060100519,0.2492367531761308,55.476443154748125,52.556630357129805,46.717004761893165,0.0,0.0,0.0,5072.131945576971,4805.1776326518675,4271.26900680166,False,178.61092796032617,188.5337572914554,212.1004769528873
55694,Quantum Choctaw Power LLC,MS,TVA,33.3792,-89.2089,850.5,0.2071934180521555,18.832325833987063,1721.812647678817,1700.3840762502455,5.960614056229919,5.646897526954661,5.019464468404143,0.335414403777483,0.3540485373206765,0.39830460448576105,55.44768091213255,52.52938191675715,46.692783926006356,0.0,0.0,0.0,5069.5022548235465,4802.686346674939,4269.0545303777235,False,285.26995041274927,301.11828099123534,338.7580661151398
56047,CPV Towantic Energy Center,CT,ISNE,41.481243,-73.123108,841.5,0.1947271112633643,3.089550862440797,282.4732217088728,261.0446502803014,6.3422088069169185,6.0084083433949775,5.34080741635109,0.04891253151648737,0.05162989437851443,0.05808363117582873,58.37309527678767,55.30082710432519,49.156290759400164,0.0,0.0,0.0,5336.968711020587,5056.075620966873,4494.289440859443,False,41.15989527112412,43.44655611951989,48.877375634459874
55149,Lake Road Generating Plant,CT,ISNE,41.872043,-71.895799,840.0,0.1927903040729019,10.044602095345144,918.3636201458417,896.9350487172702,6.405923814161296,6.06876992920544,5.394462159293724,0.16668631268155545,0.17594666338608625,0.19793999630934705,58.85442504260692,55.75682372457499,49.561621088511096,0.0,0.0,0.0,5380.976003895489,5097.76674053257,4531.348213806728,False,140.01650265250657,147.79519724431245,166.26959689985154
57037,Ratcliffe,MS,SOCO,32.654722,-88.762222,840.0,0.2049159438869378,21.469789678990512,1962.9521992219895,1941.523627793418,6.026861436811428,5.709658203295039,5.075251736262256,0.38350602156167335,0.40481191164843294,0.4554134006044871,55.371789450705,52.45748474277317,46.62887532690948,0.0,0.0,0.0,5062.5636069216,4796.112890767832,4263.211458460295,False,322.1450581118056,340.0420057846837,382.54725650776913
55801,Marcus Hook Energy LP,PA,PJM,39.807038,-75.421606,836.0999999999999,0.1999563212656534,11.624995450691085,1062.8567269203277,1041.4281554917561,6.176348875508825,5.851277882060994,5.2011358951653275,0.20166905904908075,0.21287289566291853,0.23948200762078337,56.481745412016416,53.50902196927871,47.5635750838033,0.0,0.0,0.0,5164.045294812929,4892.253437191196,4348.66972194773,False,168.6155002709364,177.98302806376617,200.23090657173694
59773,Carroll County Energy,OH,PJM,40.60441,-81.05918,832.3,0.1811887600000333,30.88404139029926,2823.683784255932,2802.2552128273605,6.816096097792009,6.45735419790822,5.73987039814064,0.49396034618066703,0.5214025876351486,0.586577911089542,62.04883980522817,58.78311139442669,52.251654572823725,0.0,0.0,0.0,5673.036782192289,5374.455898919011,4777.294132372454,False,411.12319612616915,433.9633736887341,488.2087953998258
60302,Keys Energy Center,MD,PJM,38.695519,-76.827785,830.6,0.2069630549087636,19.080782573009127,1744.5286923894057,1723.1001209608344,5.967248601661925,5.653182885784983,5.025051454031096,0.34765177794279184,0.3669657656062802,0.41283648630706526,54.21058878091058,51.357399897704774,45.651022131293125,0.0,0.0,0.0,4956.396688540395,4695.533704933007,4173.807737718228,False,288.7595667592829,304.80176491257635,342.90198552664845
57267,Marsh Landing Generating Station,CA,CISO,38.016944,-121.765,828.0,0.2475389564895778,35.32950581310942,3230.1262457700036,3208.6976743414325,4.989113703612132,4.726528771843073,4.201358908304954,0.7767389094222588,0.8198910710568287,0.9223774549389322,45.182660978337374,42.80462619000384,38.04855661333674,0.0,0.0,0.0,4130.986146590845,3913.5658230860645,3478.7251760765016,False,643.1398170016303,678.8698068350542,763.7285326894358
55620,Perryville Power Station,LA,MISO,32.6908,-92.0183,824.1,0.2089361515534181,33.26436119771344,3041.3130237909427,3019.8844523623716,5.9108966582274345,5.599796834110203,4.977597185875735,0.619950544122083,0.654392241017754,0.7361912711449734,53.27842117549469,50.47429374520552,44.86603888462712,0.0,0.0,0.0,4871.1699360452285,4614.792570990218,4102.0378408801935,False,510.9012434110086,539.284645822731,606.6952265505726
55411,Hillabee Energy Center,AL,SOCO,33.000669,-85.903278,822.8,0.2069277163378257,14.270104118433672,1304.6952336853642,1283.2666622567926,5.96826767267738,5.654148321483834,5.025909619096741,0.26132101491427706,0.27583884907618134,0.31031870521070404,53.710678886801,50.88380105065359,45.23004537835874,0.0,0.0,0.0,4910.690641078948,4652.233238916899,4135.318434592798,False,215.01493107146715,226.96020501988198,255.33023064736727
55239,Red Oak Power LLC,NJ,PJM,40.448674,-74.348879,821.0999999999999,0.194816523310993,4.092412609038946,374.16343854070357,352.7348671121321,6.339298017491681,6.005650753413173,5.338356225256153,0.06776589364553497,0.07153066551473135,0.08047199870407276,56.93184877365146,53.935435680301396,47.942609493601246,0.0,0.0,0.0,5205.197602162419,4931.2398336275555,4383.324296557827,False,55.64257527234876,58.733829454145905,66.07555813591414
55047,Pasadena Cogeneration,TX,ERCO,29.72475,-95.176479,815.0,0.2144519645856225,4.18623543356476,382.7415253544923,361.31295392592085,5.7588654055295985,5.4557672262912,4.849570867814399,0.07698196547492435,0.08125874133464234,0.09141608400147266,51.334886153978694,48.63305004061141,43.229377813876795,0.0,0.0,0.0,4693.475305506623,4446.450289427328,3952.400257268735,False,62.74030186206335,66.22587418773351,74.50410846120022
59004,"Potomac Energy Center, LLC",VA,PJM,39.058056,-77.545,812.0,0.2009250376950515,23.83690479258254,2179.3741524646894,2157.945581036118,6.146570950875657,5.8230672166190445,5.176059748105817,0.43236602502298704,0.45638635974648617,0.513434654714797,54.58923325746443,51.716115717597894,45.96988063786479,0.0,0.0,0.0,4991.015612111033,4728.330579894664,4202.960515461923,False,351.0812123186655,370.5857241141468,416.90893962841517
6124,McIntosh,GA,SOCO,32.356287,-81.168347,810.4,0.2138251066502781,9.343710846943043,854.2821345776496,832.8535631490781,5.775748317618779,5.471761564059898,4.863788056942131,0.1779348249721393,0.187820093026147,0.2112976046544154,51.19478915029346,48.50032656343593,43.11140138972082,0.0,0.0,0.0,4680.666436598259,4434.315571514141,3941.6138413459025,False,144.1983821574217,152.20940338838952,171.23557881193824
1363,Cane Run,KY,LGEE,38.1831,-85.8892,807.0,0.2007628697848763,19.433486894837653,1776.775944670871,1755.3473732422995,6.151535895673044,5.827770848532359,5.180240754250986,0.3535948869672436,0.3732390473543126,0.41989392827360167,54.29691605415161,51.439183630248905,45.72371878244348,0.0,0.0,0.0,4964.289467808147,4703.011074765614,4180.454288680546,False,285.3510737825656,301.2039112149303,338.85440011679657
116,Ocotillo,AZ,AZPS,33.4225,-111.9122,806.2,0.262867594375778,15.411267658221725,1409.0301858945575,1387.6016144659861,4.69818275977573,4.450909982945429,3.9563644292848257,0.3663465413758147,0.38669912700780434,0.43503651788377995,41.427694666434945,39.247289683991,34.88647971910311,0.0,0.0,0.0,3787.674940931194,3588.3236282506055,3189.6210028894266,False,295.3485816571818,311.75683619369187,350.7264407179034
55197,Caledonia,MS,TVA,33.6464,-88.2717,801.0,0.2042198977522774,31.75277124701976,2903.1105140132345,2881.6819425846634,6.0474028906726724,5.729118528005691,5.092549802671725,0.5949008998561758,0.6279509498481854,0.7064448185792087,52.980918762502625,50.19244935394987,44.61551053684432,0.0,0.0,0.0,4843.969715428811,4589.023940932559,4079.1323919400515,False,476.5156207847968,502.98871082839656,565.8622996819462
7981,Mill Creek (SC),SC,DUK,35.1597,-81.4306,799.2,0.2173803221080402,23.940109899560937,2188.810047959857,2167.3814765312854,5.681287008978635,5.382271903242918,4.7842416917714825,0.4773458514175822,0.5038650653852256,0.5668481985583788,49.6615500672345,47.04778427422216,41.82025268819748,0.0,0.0,0.0,4540.484577575725,4301.51170507174,3823.565960063769,False,381.4948044529317,402.6889602558723,453.0250802878563
60903,Salem Harbor Power Development LP,MA,ISNE,42.525486,-70.878239,798.2,0.1974310539106361,1.262090735843547,115.39115299140998,93.96258156283857,6.255348262279966,5.926119406370496,5.267661694551552,0.018818791172968453,0.019864279571466695,0.022347314517900035,54.61114512603608,51.73687432992893,45.9883327377146,0.0,0.0,0.0,4993.0189829518695,4730.22851016493,4204.647564591049,False,15.02115911426342,15.855667953944717,17.83762644818781
7835,Essential Power Rock Springs LLC,MD,PJM,39.71901,-76.15976,795.6,0.2001104352027732,42.63865133561304,3898.390979256049,3876.9624078274774,6.171592194822656,5.846771552989886,5.197130269324343,0.7895862819343922,0.8334521864863026,0.9376337097970906,53.704423830322405,50.877875207673874,45.22477796237677,0.0,0.0,0.0,4910.118750200905,4651.691447558754,4134.836842274447,False,628.1948459070024,663.0945595685024,745.9813795145653
55332,Washington County Power LLC,GA,SOCO,33.092239,-82.979992,795.6,0.2116738542989318,24.70181223793347,2258.45140461106,2237.0228331824883,5.834447547101863,5.527371360412293,4.913218987033149,0.4819210569615208,0.5086944490149385,0.5722812551418058,50.77063324893704,48.09849465688773,42.754217472789094,0.0,0.0,0.0,4641.886468474243,4397.57665434402,3908.9570260835735,False,383.416392918586,404.7173036362851,455.3069665908207
55170,Granite Ridge,NH,ISNE,42.9042,-71.4261,790.0,0.1916881876431331,5.153305510066024,471.1593609203221,449.73078949175067,6.4427548467368565,6.103662486382286,5.425477765673143,0.08835963712908226,0.09326850585847571,0.10492706909078517,55.66942859758566,52.739458671396946,46.87951881901951,0.0,0.0,0.0,5089.776328922117,4821.893364242006,4286.127434881783,False,69.80411333197499,73.6821196281958,82.89238458172028
7846,Brandy Branch,FL,JEA,30.320556,-81.947222,783.1,0.2127581458390934,14.5637348100052,1331.5414683433326,1310.112896914761,5.8047131174663305,5.499201900757577,4.888179467340068,0.288211122707549,0.30422285174685726,0.34225070821521447,49.71827483752374,47.101523530285654,41.86802091580946,0.0,0.0,0.0,4545.670842287884,4306.425008483259,3827.933340874007,False,225.69813019228164,238.23691520296393,268.01652960333445
56846,CPV St Charles Energy Center,MD,PJM,38.5686,-76.8919,775.3,0.2022993909508425,17.507339056516955,1600.6709994529785,1579.242428024407,6.104813238415024,5.783507278498445,5.140895358665284,0.3336619141845234,0.35219868719477465,0.3962235230941215,51.7678623846909,49.043238048654544,43.59398937658182,0.0,0.0,0.0,4733.0617037431675,4483.953193019844,3985.736171573194,False,258.68808206726095,273.05964218210875,307.1920974548724
57839,Woodbridge Energy Center,NJ,PJM,40.515,-74.318889,772.9,0.194816523310993,2.212133707153089,202.25222465399668,180.82365322542526,6.339298017491681,6.005650753413173,5.338356225256153,0.036905471902991135,0.03895577589760174,0.043825247884801966,53.58985010005507,50.769331673736396,45.12829482109901,0.0,0.0,0.0,4899.64343771932,4641.767467313041,4126.0155265004805,False,28.52423923382185,30.108919191256383,33.87253409016344
56940,CPV Valley Energy Center,NY,NYIS,41.4122,-74.4378,770.5,0.1876794245075588,29.054843803988568,2656.4428620789545,2635.014290650383,6.5803697088290045,6.2340344609959,5.541363965329689,0.5197087601651561,0.5485814690632203,0.6171541526961228,55.45503753838944,52.53635135215843,46.69897897969638,0.0,0.0,0.0,5070.174860652748,4803.323552197341,4269.620935286525,False,400.4355997072528,422.6820219132112,475.51727465236263
56963,West Deptford Energy Station,NJ,PJM,39.8414,-75.2214,754.6,0.2080655032658584,14.412575814935831,1317.7212173655616,1296.29264593699,5.935630753849487,5.623229135225831,4.998425897978516,0.2894138962613231,0.3054924460536187,0.34367900181032107,48.98935744997463,46.41097021576545,41.25419574734706,0.0,0.0,0.0,4479.026966854823,4243.288705441412,3771.812182614588,False,218.3917261187944,230.52459979206068,259.3401747660683
55409,Calhoun Energy Center,AL,SOCO,33.5883,-85.9731,748.0,0.2044596403708167,33.838417887034346,3093.7982068145684,3072.369635385997,6.0403119058614765,5.722400752921399,5.086578447041243,0.6800056190188553,0.7177837089643473,0.8075066725848907,49.41730177982922,46.8163911598382,41.61456991985618,0.0,0.0,0.0,4518.153305584385,4280.355763185206,3804.76067838685,False,508.64420302610375,536.9022143053318,604.0149910934982
55714,Magnet Cove,AR,MISO,34.4297,-92.8317,746.0,0.2048769816204212,17.94900131567366,1641.0515488615915,1619.62297743302,6.028007588905735,5.710744031594909,5.076216916973252,0.3601648380887614,0.38017399576035915,0.42769574523040405,49.18477442072774,46.596102082794715,41.418757406928634,0.0,0.0,0.0,4496.893661323678,4260.215047569802,3786.857820062046,False,268.682969214216,283.6098008372279,319.06102594188144
7082,Harry Allen,NV,NEVP,36.430554,-114.902405,745.0,0.2676994675528917,9.161625068974423,837.6342920205186,816.2057205919472,4.613382354807972,4.370572757186501,3.884953561943556,0.23747828907000906,0.25067152735167614,0.2820054682706357,37.59185778175559,35.61333895113689,31.656301289899446,0.0,0.0,0.0,3436.969854331939,3256.0767041039435,2894.290403647949,False,176.92132535715675,186.75028787699873,210.0940738616236
57029,Cleveland Cnty Generating Facility,NC,DUK,35.170547,-81.416648,736.0,0.2173803221080402,23.862966688284153,2181.756954357408,2160.3283829288366,5.681287008978635,5.382271903242918,4.7842416917714825,0.5166485651076088,0.5453512631691426,0.6135201710652854,45.73436042227802,43.3272888211055,38.51314561876044,0.0,0.0,0.0,4181.427238608276,3961.3521207867875,3521.201885143811,False,380.25334391920006,401.378529692489,451.5508459040501
58079,Newark Energy Center,NJ,PJM,40.707222,-74.125833,735.0,0.195554052378786,0.7450227251235034,68.11636343986316,46.687792011291734,6.315389453591167,5.983000534981107,5.318222697760984,0.010058097908976852,0.010616881126142228,0.011943991266910009,50.76981052926025,48.097715238246565,42.75352465621916,0.0,0.0,0.0,4641.811248389507,4397.505393211114,3908.893682854323,False,7.392701963097987,7.803407627714538,8.778833581178857
56,Lowman Energy Center,AL,SOCO,31.488019,-87.910747,732.7,0.2096337936103809,14.835821001130062,1356.4179201033198,1334.9893486747485,5.891225735748187,5.5811612233403896,4.96103219852479,0.30927580436192587,0.3264577934931438,0.36726501767978686,47.211730743873254,44.726902809985205,39.757246942209065,0.0,0.0,0.0,4316.501096582697,4089.316828341504,3634.948291859114,False,226.6063818559831,239.19562529242648,269.09507845397985
3441,Nueces Bay,TX,ERCO,27.819412,-97.419203,730.2,0.229778479588143,25.696334177907104,2349.379124837221,2327.9505534086493,5.374741804426702,5.091860656825299,4.526098361622487,0.5931633601781947,0.6261168801880943,0.7043814902116062,42.92571134241665,40.666463377026304,36.1479674462456,0.0,0.0,0.0,3924.6364655923785,3718.0766516138333,3304.95702365674,False,433.12788560211783,457.1905459133465,514.3393641525149
4939,Barney M Davis,TX,ERCO,27.6064,-97.3117,730.2,0.2288375955034571,31.71246218166793,2899.425113752496,2877.9965423239246,5.396840485423395,5.112796249348481,4.544707777198649,0.7303127074193754,0.7708856356093404,0.867246340060508,43.10220383936429,40.833666795187234,36.296592706833096,0.0,0.0,0.0,3940.772922456163,3733.3638212742608,3318.545618910454,False,533.274338957628,562.9006911219404,633.263277512183
55193,Ontelaunee Energy Center,PA,PJM,40.4219,-75.9356,728.0,0.189820412626103,29.445424747570108,2692.153119777838,2670.7245483492666,6.506149591153981,6.163720665303773,5.478862813603353,0.5638630998112742,0.595188827578567,0.6695874310258879,51.805216119563575,49.0786257974813,43.625445153316704,0.0,0.0,0.0,4736.4769023600975,4487.188644341147,3988.612128303241,False,410.49233666260767,433.29746647719674,487.4596497868464
7916,Talbot County Energy,GA,SOCO,32.5892,-84.6917,726.0,0.2095050870942073,15.471731256249472,1414.5582862856659,1393.1297148570943,5.894844927773341,5.584589931574746,4.964079939177551,0.32552365269700734,0.34360830006906323,0.38655933757769617,46.808753004600185,44.34513442541072,39.41789726703175,0.0,0.0,0.0,4279.657417563445,4054.412290323265,3603.922035842902,False,236.3301718580273,249.4596258501399,280.6420790814074
10,Greene County,AL,SOCO,32.6017,-87.7811,720.0,0.2073008077810774,33.37799106297248,3051.7020400431975,3030.273468614626,5.957526230694851,5.643972218553018,5.016864194269349,0.706453146470287,0.745700543496414,0.8389131114334658,46.91551906672196,44.446281221105025,39.50780552987113,0.0,0.0,0.0,4289.418886100293,4063.659997358173,3612.1422198739315,False,508.64626545860665,536.9043913174181,604.0174402320954
7999,Grays Harbor Energy Facility,WA,BPAT,46.9692,-123.48,714.9000000000001,0.1480417501859598,16.781428388241302,1534.302024067776,1512.8734526392045,8.34224128293997,7.903175952258921,7.025045290896818,0.25367318295255314,0.2677661375610283,0.30123690475615683,65.22980945658828,61.79666159045207,54.93036585817961,0.0,0.0,0.0,5963.868293173785,5649.980488269903,5022.204878462136,False,181.35095849278028,191.42601174237916,215.35426321017655
55397,Washington Energy Facility,OH,PJM,39.58,-81.6564,714.9000000000001,0.1822744619548581,19.95194487332845,1824.1778169900294,1802.749245561458,6.775496615131189,6.418891530124286,5.705681360110476,0.3721764531765335,0.39285292279745193,0.4419595381471334,52.979090173595345,50.190717006564014,44.613970672501345,0.0,0.0,0.0,4843.802530157288,4588.865554885852,4078.99160434298,False,266.0689463759038,280.85055450789844,315.9568738213857
55516,Fayette Energy Facility,PA,PJM,39.8592,-79.9182,714.9000000000001,0.1776462517010154,18.440007430692084,1685.943536520419,1664.5149650918474,6.952018340800944,6.586122638653527,5.854331234358691,0.33491260853992566,0.35351886456992143,0.39770872264116164,54.359352160734645,51.49833362595915,45.77629655640813,0.0,0.0,0.0,4969.997911838595,4708.419074373407,4185.2613994430285,False,239.4290238451929,252.73063628103685,284.3219658161665
55418,Hot Spring Generating Facility,AR,MISO,34.29759,-92.868344,714.8,0.2005401410872498,27.050162786620337,2473.1577404910017,2451.7291690624306,6.158368061896812,5.83424342706014,5.18599415738679,0.556957823452222,0.5878999247551231,0.6613874153495136,48.146891303917016,45.61284439318456,40.5447505717196,0.0,0.0,0.0,4402.001490643841,4170.317201662588,3706.948623700077,False,398.11345220364825,420.23086621496196,472.7597244918323
55345,Otay Mesa Generating Project,CA,CISO,32.581481,-116.914969,710.7,0.2599615307557876,9.635256586858445,880.9377450842005,859.5091736556291,4.750702907501266,4.500665912369621,4.00059192210633,0.2545694761590009,0.2687122248345009,0.3023012529388135,36.92854983520008,34.98494194913693,31.097726177010603,0.0,0.0,0.0,3376.32455636115,3198.6232639210903,2843.220679040969,False,180.92252670620195,190.97377818987982,214.84550046361477
8049,Intercession City,FL,FPC,28.262778,-81.548611,708.6,0.2252543079273651,17.174789267364346,1570.2664473018829,1548.8378758733115,5.482692035342715,5.194129296640468,4.617003819235971,0.39866761718840366,0.42081581814331487,0.47341779541122925,42.49257661516709,40.256125214368836,35.78322241277229,0.0,0.0,0.0,3885.0355762438476,3680.5600195994357,3271.608906310609,False,282.4958735397028,298.19008873635295,335.46384982839703
7238,Cane Island,FL,FMPP,28.2764,-81.533,706.0,0.2252543079273651,12.724459957356553,1163.3791961011705,1141.950624672599,5.482692035342715,5.194129296640468,4.617003819235971,0.29501817578402423,0.3114080744386921,0.35033408374352865,42.33666256041203,40.10841716249562,35.65192636666277,0.0,0.0,0.0,3870.7805769519564,3667.0552834281702,3259.6046963805957,False,208.28283210352112,219.85410055371665,247.33586312293122
55267,Edward L. Addison Generating Plant,GA,SOCO,32.9111,-84.3064,701.2,0.2088574794336667,27.28471984793487,2494.6029575254734,2473.1743860969023,5.913123165848781,5.601906157119899,4.979472139662132,0.5964800290076527,0.6296178083969666,0.7083200344465874,45.349958980081496,42.96311903376143,38.18943914112127,0.0,0.0,0.0,4146.281963893165,3928.0565973724733,3491.605864331087,False,418.25179634016615,441.48800724795296,496.6740081539471
62116,AES Huntington Beach Energy Project,CA,CISO,33.645618,-117.979372,699.2,0.2506025983238678,2.0043335254255448,183.2533508960498,161.82477946747835,4.928121289484557,4.668746484774845,4.149996875355417,0.04696369038037337,0.0495727842903941,0.05576938232669336,37.68780756133316,35.70423874231563,31.737101104280562,0.0,0.0,0.0,3445.7424056076024,3264.3875421545717,2901.677815248508,False,32.83701231395706,34.661290775843554,38.993952122824
2720,Buck,NC,DUK,35.7133,-80.3767,697.9000000000001,0.2181924450739882,28.334493006795928,2590.582217764199,2569.1536463356274,5.660140980505609,5.362238823636894,4.766434509899462,0.650383673710226,0.6865161000274606,0.7723306125308932,43.20544801885009,40.93147707048957,36.38353517376851,0.0,0.0,0.0,3950.212390294865,3742.306475016189,3326.4946444588345,False,453.9027658823668,479.11958620916477,539.0095344853104
2723,Dan River,NC,DUK,36.4862,-79.7208,697.9000000000001,0.2085344929288863,23.466825873619605,2145.538365588078,2124.1097941595067,5.922281645852973,5.610582611860712,4.987184543876189,0.5139190374481847,0.5424700950841949,0.6102788569697192,45.20644144450864,42.82715505269241,38.068582269059924,0.0,0.0,0.0,4133.16036064079,3915.6256048175915,3480.5560931711925,False,358.66409623508815,378.58987935925967,425.91361427916706
56798,Kleen Energy Systems Project,CT,ISNE,41.553227,-72.596867,693.0,0.1948699327780718,4.3116800248752005,394.21074513144686,372.7821737028754,6.3375605584391685,6.004004739573951,5.33689310184351,0.08487890721014987,0.08959440205515817,0.10079370231205297,48.036728545294395,45.508479674489436,40.45198193287949,0.0,0.0,0.0,4391.929466998344,4160.775284524748,3698.4669195775527,False,58.82108269663386,62.08892062422461,69.85003570225271
55672,AL Sandersville LLC,GA,SOCO,33.1189,-82.8608,692.0,0.2203201659874142,27.99603585461762,2559.6375638507534,2538.2089924221823,5.605478710789231,5.310453515484536,4.720403124875142,0.6543476943216899,0.690700344006228,0.7770378870070066,42.426466992285995,40.19349504532359,35.72755115139874,0.0,0.0,0.0,3878.9912678661476,3674.8338327152987,3266.5189624135987,False,452.80860447060945,477.9646380523098,537.7102178088486
408,Valley (CA),CA,LDWP,34.244991,-118.391327,690.5,0.256042129559741,2.251747788619544,205.87408353092968,184.44551210235826,4.823424965741209,4.569560493860094,4.061831550097861,0.05537948116740471,0.058456119010038284,0.06576313388629307,36.42816339360959,34.5108916360512,30.6763481209344,0.0,0.0,0.0,3330.5749388443046,3155.281521010395,2804.6946853425734,False,38.23953174609295,40.36395017643144,45.40944394848536
55687,Higgins Generating Station,NV,NEVP,35.6139,-115.3561,688.4,0.2725061847968471,1.077572514276112,98.5209155909588,77.09234416238736,4.53200723103107,4.293480534661015,3.8164271419209013,0.02471040114698599,0.026083201210707428,0.02934360136204586,34.123181945144566,32.32722500066328,28.73531111170069,0.0,0.0,0.0,3119.8337778417886,2955.6320000606424,2627.2284444983484,False,17.010640149585154,17.955675713450994,20.20013517763237
55821,Curtis H Stanton Energy Center,FL,FPC,28.488246,-81.166944,688.3,0.2227890227832644,14.903929421896953,1362.6449757162927,1341.2164042877212,5.543361089210592,5.251605242410036,4.66809354880892,0.35151828279866326,0.3710470762874778,0.41742796082341255,41.73198134988368,39.53556127883718,35.14272113674416,0.0,0.0,0.0,3815.49543770365,3614.6798883508272,3213.0487896451796,False,241.9500340503199,255.39170260867095,287.31566543475486
55347,Armstrong,PA,PJM,40.638021,-79.351725,688.0,0.1769809010540781,15.39111312554581,1407.187485764188,1385.7589143356167,6.978154098235914,6.61088282990771,5.876340293251297,0.2886414430171812,0.3046770787403578,0.3427617135829026,52.51060958922526,49.74689329505552,44.21946070671602,0.0,0.0,0.0,4800.970019586309,4548.287386976504,4042.9221217568925,False,198.58531279582067,209.61783017336617,235.82005894503698
55182,Sunrise Power LLC,CA,CISO,35.2097,-119.585,685.2,0.2532106452092689,20.401599447166983,1865.2890923124096,1843.8605208838383,4.877362083175136,4.620658815639604,4.107252280568535,0.5517288751283886,0.5823804793021878,0.6551780392149615,36.55278046209567,34.62894991145906,30.78128881018582,0.0,0.0,0.0,3341.9684993916035,3166.0754204762566,2814.2892626455605,False,378.0446252379719,399.04710441785915,448.9279924700917
55217,Los Medanos Energy Center,CA,CISO,38.030071,-121.873004,678.3,0.2475389564895778,13.033032802463676,1191.5915705109646,1170.162999082393,4.989113703612132,4.726528771843073,4.201358908304954,0.34578101328048677,0.3649910695738471,0.410614953270578,37.01376683768869,35.065673846231405,31.1694878633168,0.0,0.0,0.0,3384.1158251601087,3206.0044659411565,2849.78174750325,False,234.54326130815417,247.57344249194045,278.520122803433
55350,Dresden Energy Facility,OH,PJM,40.0928,-82.0276,678.3,0.1812200644844883,31.88273323358515,2914.9927527849277,2893.564181356356,6.8149186653981735,6.456238735640376,5.738878876124779,0.6259658285215354,0.6607417078838428,0.7433344213693233,50.55924267996418,47.89822990733449,42.576204362075096,0.0,0.0,0.0,4622.559330739581,4379.266734384867,3892.681541675437,False,424.59262148615744,448.1811004576105,504.20373801481196
62115,AES Alamitos Energy Center,CA,CISO,33.767229,-118.100194,678.0,0.2506025983238678,5.37813279698529,491.7149985815122,470.28642715294075,4.928121289484557,4.668746484774845,4.149996875355417,0.140750959121225,0.14857045685018191,0.16714176395645466,36.545099437333924,34.62167315115846,30.77482057880752,0.0,0.0,0.0,3341.26623427053,3165.410116677345,2813.697881490973,False,95.42915028419056,100.73076974442334,113.32211596247626
2847,Tait Electric Generating Station,OH,PJM,39.727249,-84.211084,669.8,0.1945569403323297,13.440640851236935,1228.8585921130912,1207.4300206845196,6.347756075370285,6.013663650350797,5.345478800311819,0.28398578159143734,0.29976276945762825,0.33723311563983177,46.503264273408,44.0557240484918,39.16064359865937,0.0,0.0,0.0,4251.7270192830165,4027.951913004964,3580.4017004488564,False,190.21367650994472,200.7811029827194,225.8787408555593
55386,Columbia Energy Center (SC),SC,SCEG,33.8697,-81.0178,668.5,0.2155697554898803,25.075366076323288,2292.6048984067,2271.176326978129,5.729004039520635,5.427477511124813,4.824424454333167,0.5930213275610449,0.6259669568699917,0.7042128264787407,41.88886625458878,39.68418908329463,35.27483474070634,0.0,0.0,0.0,3829.839200419545,3628.2687161869376,3225.1277477217222,False,396.43475747455847,418.45891066758946,470.7662745010382
62565,"Hill Top Energy Center, LLC",PA,PJM,39.894212,-79.938201,664.7,0.1765673053128109,17.028495159492614,1556.890986010753,1535.4624145821817,6.994499903660216,6.626368329783364,5.890105182029657,0.33026065876344685,0.34860847313919374,0.392184532281593,50.85110719021973,48.1747331275766,42.821985002290305,0.0,0.0,0.0,4649.244085962946,4404.547028807003,3915.1529144951132,False,219.52425988006314,231.7200520956221,260.6850586075749
59002,Carlsbad Energy Center,CA,CISO,33.140507,-117.333916,659.0,0.2538171359955725,2.001553589884039,182.99918536082637,161.57061393225496,4.86570772755683,4.609617847159103,4.097438086363647,0.050388443401954,0.05318780136872922,0.05983627653982038,35.07110898003072,33.22526113897648,29.53356545686798,0.0,0.0,0.0,3206.501392459951,3037.738161277849,2700.2116989136434,False,33.20598420188769,35.050761101992556,39.43210623974163
3295,Urquhart,SC,SCEG,33.435,-81.9111,658.9,0.2152852098897242,22.24782413866939,2034.0867783926296,2012.6582069640583,5.736576147672222,5.434651087268422,4.83080096646082,0.5324732049705383,0.5620550496911236,0.6323119309025141,41.34189088423218,39.16600189032523,34.814223902511316,0.0,0.0,0.0,3779.830023701227,3580.8916014011634,3183.014756801034,False,350.84659475508766,370.33807224148137,416.63033127166653
56467,Russell City Energy Center,CA,CISO,37.63466,-122.13381,655.0,0.2352566293793807,2.0436001149493115,186.84343908107988,165.41486765250846,5.249586391074269,4.973292370491413,4.420704329325701,0.04810698669612819,0.0507795970681353,0.057127046701652216,37.60836500480551,35.628977372973644,31.670202109309905,0.0,0.0,0.0,3438.479086153646,3257.5065026718758,2895.561335708334,False,31.51007628596396,33.26063607962862,37.4182155895822
533,McWilliams,AL,SOCO,31.400255,-86.476449,654.0,0.2111578469700081,30.175505319158017,2758.9033434658754,2737.474772037304,5.848705211392942,5.540878621319631,4.925225441173005,0.7156697235302046,0.7554291526152157,0.8498577966921178,41.83651946524514,39.63459738812699,35.23075323389065,0.0,0.0,0.0,3825.053208250984,3623.7346183430386,3221.097438527145,False,468.0479991887538,494.05066581035106,555.806999036645
56259,Empire Generating Co LLC,NY,NYIS,42.625239,-73.750021,653.7,0.1852355137004477,13.092801416606044,1197.0561295182667,1175.6275580896952,6.667188031757083,6.316283398506711,5.614474132005965,0.26974199761451023,0.28472766414864964,0.32031862216723084,47.66935267893319,45.16043938004197,40.14261278225953,0.0,0.0,0.0,4358.340816359605,4128.954457603837,3670.1817400922996,False,176.33034384060534,186.1264740539723,209.39228331071882
55667,Lower Mount Bethel Energy,PA,PJM,40.801924,-75.107563,651.6,0.1870752711022112,36.937003539985035,3377.097466512917,3355.6688950843454,6.6016207953281025,6.254167069258203,5.5592596171184026,0.7800949245794984,0.8234335315005815,0.9263627229381544,47.04892620570398,44.57266693171957,39.620148383750724,0.0,0.0,0.0,4301.616110235792,4075.2152623286456,3622.4135665143513,False,508.30985285600116,536.549289125779,603.6179502665015
57664,Astoria Energy II,NY,NYIS,40.781321,-73.896618,650.0,0.1962637029275963,0.2755611105517436,25.194158679016553,3.765587250445128,6.292554260303568,5.961367193971802,5.298993061308268,0.0009206454032629172,0.000971792370110857,0.0010932664163747143,44.73612794434569,42.381594894643285,37.67252879523847,0.0,0.0,0.0,4090.1602691973194,3874.8886760816713,3444.345489850374,False,0.5984195121208962,0.6316650405720571,0.7106231706435643
1403,Nine Mile Point,LA,MISO,29.9472,-90.1458,649.5,0.2244921249022704,1.8243326991130564,166.79613249033656,145.36756106176514,5.501306562702991,5.211764112034414,4.6326792106972565,0.04068389284141486,0.04294410911038234,0.04831212274918014,39.0807660739518,37.02388364900698,32.91011879911731,0.0,0.0,0.0,3573.0986124755927,3385.040790766352,3008.925147347868,False,26.424188400498952,27.892198867193333,31.3787237255925
55270,Jackson Generating Station,MI,MISO,42.2488,-84.3767,649.0,0.1892162006901226,20.768203446703033,1898.8071722699913,1877.37860084142,6.526925260604648,6.183402878467563,5.496358114193389,0.44319875000237263,0.46782090278028216,0.5262985156278175,46.33097102957332,43.8924988701221,39.01555455121964,0.0,0.0,0.0,4235.974494132417,4013.0284681254484,3567.1364161115093,False,287.63598875153986,303.61576590440313,341.56773664245355
55412,Osprey Energy Center Power Plant,FL,TEC,28.0525,-81.8083,644.2,0.2281792260132958,17.23316791373596,1575.6039235415735,1554.175352113002,5.412412083157989,5.12754828930757,4.557820701606728,0.44574701312877946,0.4705107360803782,0.5293245780904255,38.135517262176,36.12838477469306,32.11411979972716,0.0,0.0,0.0,3486.6758639703767,3303.1666079719366,2936.1480959750543,False,287.15022585755975,303.1030161829797,340.99089320585216
991,Eagle Valley (IN),IN,MISO,39.48517,-86.4183,644.0,0.1971069005403058,36.64823773561114,3350.6960215415893,3329.267450113018,6.26563553388867,5.9358652426313725,5.276324660116775,0.8250830942257452,0.8709210439049532,0.9797861743930725,44.13357029182833,41.81075080278474,37.16511182469754,0.0,0.0,0.0,4035.0692838243035,3822.697216254604,3397.953081115203,False,531.3535126813799,560.8731522747898,630.9822963091386
1912,High Bridge,MN,MISO,44.9314,-93.1117,644.0,0.1992798672952742,2.352172960056434,215.05581349087393,193.62724206230249,6.197314444063197,5.87113999963882,5.218791110790061,0.04851511442015437,0.05121039855460738,0.057611698373933304,43.65233361537015,41.35484237245594,36.7598598866275,0.0,0.0,0.0,3991.0705019766992,3781.0141597674,3360.9014753487995,False,31.243733686579414,32.979496669167155,37.101933752813046
56964,Bayonne Energy Center,NJ,NYIS,40.652834,-74.09155,644.0,0.1962637029275963,0.5678018343525207,51.913310569373316,30.484739140801892,6.292554260303568,5.961367193971802,5.298993061308268,0.007522629047395592,0.007940552883362012,0.008933121993782265,44.323179071013264,41.99038017253889,37.32478237559012,0.0,0.0,0.0,4052.4049436354976,3839.1204729178407,3412.5515314825248,False,4.844573106522762,5.113716056885136,5.752930563995779
50815,"Odyssey Energy Altura Cogen, LLC",TX,ERCO,29.8161,-95.10773,643.6,0.2097510369697424,16.093394341718664,1471.396054099992,1449.9674826714206,5.88793275037851,5.578041552990168,4.958259158213482,0.38263032469527114,0.4038875649561195,0.45437351057563446,41.44736660469573,39.265926257080174,34.903045561849034,0.0,0.0,0.0,3789.473518143609,3590.0275435044723,3191.135594226197,False,246.26087697387652,259.9420368057585,292.4347914064783
55393,Metcalf Energy Center,CA,CISO,37.2207,-121.7457,635.0,0.248350716680321,12.478783153875996,1140.9173169258052,1119.4887454972338,4.972806265704084,4.711079620140712,4.187626329013965,0.35452304155030956,0.3742187660808822,0.42099611184099256,34.5376935172729,32.71992017425854,29.084373488229808,0.0,0.0,0.0,3157.731978722093,2991.535558789352,2659.142718923868,False,225.12213138444656,237.6289164613602,267.3325310190303
469,Cherokee,CO,PSCO,39.807275,-104.964548,625.6,0.2379562584393463,3.4474675634096443,315.1970343688817,293.7684629403103,5.190029495756231,4.916870048611167,4.370551154321037,0.09047708601524433,0.095503590793869,0.10744153964310263,35.51277682471201,33.64368330762192,29.9054962734417,0.0,0.0,0.0,3246.882452545098,3075.9939024111463,2734.216802143241,False,56.60246501113686,59.74704640064445,67.215427200725
56565,J Lamar Stall Unit,LA,SWPP,32.51947,-93.760125,624.0,0.2136172814663593,16.014166178785754,1464.1523363461258,1442.7237649175545,5.781367460171939,5.477084962268154,4.868519966460581,0.3999153023053551,0.422132819100097,0.4748994214876091,39.45783291567349,37.381104867480154,33.22764877109347,0.0,0.0,0.0,3607.57329514729,3417.701016455328,3037.9564590714026,False,249.5471486385416,263.4108791184605,296.33723900826806
643,Lansing Smith,FL,FPL,30.2686,-85.7003,619.7,0.2218077807068657,5.332263860550448,487.5212672503266,466.09269582175517,5.567884030326861,5.274837502414922,4.688744446591041,0.13508297597819466,0.142587585754761,0.16041103397410614,37.73894396117952,35.7526837526964,31.780163335730126,0.0,0.0,0.0,3450.417733593556,3268.8168002465272,2905.6149335524683,False,83.71092021368723,88.3615268922254,99.40671775375358
55231,Liberty Electric Power Plant,PA,PJM,39.8614,-75.3358,614.0,0.2080655032658584,7.934631019342387,725.4519789113039,704.0234074827324,5.935630753849487,5.623229135225831,4.998425897978516,0.1931754138770645,0.20390738131467911,0.22939580397901405,39.861470281320464,37.76349816125098,33.56755392111197,0.0,0.0,0.0,3644.4772828635846,3452.66268902866,3069.0335013588087,False,118.6097041205176,125.19913212721298,140.84902364311463
3804,Possum Point,VA,PJM,38.5367,-77.2806,613.0,0.1985298813667739,3.963840590244311,362.40828253662266,340.9797111080512,6.220726026216678,5.893319393257906,5.238506127340361,0.08941841952666352,0.09438610950036704,0.10618437318791292,41.70802402889964,39.51286486948388,35.12254655065233,0.0,0.0,0.0,3813.3050540708236,3612.6047880670967,3211.204256059641,False,54.81349116984474,57.858685123724996,65.09102076419062
55470,Green Power 2,TX,ERCO,29.378097,-94.932773,611.0,0.2179778243768152,12.085074782810262,1104.9211229997952,1083.4925515712239,5.665713948337574,5.36751847737244,4.771127535442168,0.3129897216615486,0.3303780395316345,0.3716752944730889,37.8629039953747,35.870119574565514,31.88455073294712,0.0,0.0,0.0,3461.7512224342577,3279.553789674561,2915.1589241551646,False,191.2367199352062,201.8609821538287,227.0936049230573
8073,Beaver,OR,PGE,46.172401,-123.17392,610.7,0.1516681774565051,5.949409550764693,543.9460160699147,522.5174446413432,8.14277603061571,7.714208871109623,6.857074552097442,0.1050752385667245,0.11091275182043138,0.12477684579798531,54.38992695824861,51.527299223603954,45.802043754314624,0.0,0.0,0.0,4972.793321897015,4711.067357586647,4187.615428965908,False,64.16944819269865,67.73441753673745,76.20121972882964
2411,PSEG Sewaren Generating Station,NJ,PJM,40.5558,-74.2469,609.5,0.194816523310993,1.92406288666457,175.91432106647494,154.48574963790352,6.339298017491681,6.005650753413173,5.338356225256153,0.03998283141162214,0.04220409982337892,0.04747961230130129,42.26033592441916,40.03610771787079,35.587651304774035,0.0,0.0,0.0,3863.8021416611796,3660.4441342053287,3253.7281192936257,False,24.369535745383697,25.723398842349454,28.938823697643134
55661,Newington Energy Center,NH,ISNE,43.1047,-70.8061,605.5,0.1958108788669684,7.337639861804057,670.8699302220851,649.4413587935137,6.307106158483892,5.975153202774215,5.311247291354857,0.17005744673544612,0.17950508266519308,0.20194321799834225,41.769796019896845,39.57138570306018,35.17456506938682,0.0,0.0,0.0,3818.9527789619965,3617.955264279787,3215.960234915366,False,102.96978399831262,108.69032755377441,122.27661849799624
2404,PSEG Kearny Generating Station,NJ,PJM,40.737283,-74.096464,605.0,0.1962637029275963,0.6741343688151104,61.63514229166722,40.2065708630958,6.292554260303568,5.961367193971802,5.298993061308268,0.010561234623230146,0.011147969880076262,0.012541466115085796,41.63901139435252,39.44748447886029,35.06443064787581,0.0,0.0,0.0,3806.9953274836585,3606.6271523529404,3205.8908020915023,False,6.389546947054238,6.744521777446139,7.5875869996269065
63688,Topaz Generating,TX,ERCO,29.426389,-94.976667,605.0,0.2179778243768152,23.79798569500146,2175.815834971562,2154.3872635429907,5.665713948337574,5.36751847737244,4.771127535442168,0.6285122609458581,0.6634296087761834,0.7463583098732065,37.491091517515045,35.517876174487945,31.571445488433724,0.0,0.0,0.0,3427.7569387442322,3247.348678810326,2886.5321589425116,False,380.24991787224417,401.37491330959097,451.5467774732899
55514,Apex Generating Station,NV,NEVP,36.415999,-114.960916,600.6,0.2676994675528917,6.333388147435155,579.0526306226427,557.6240591940713,4.613382354807972,4.370572757186501,3.884953561943556,0.20125038758938102,0.21243096467767988,0.23898483526238992,30.305597025130748,28.710565602755455,25.52050275800484,0.0,0.0,0.0,2770.797442297668,2624.965997966213,2333.3031093032996,False,120.87098278618224,127.58603738541454,143.5342920585914
55218,Hinds Energy Facility,MS,MISO,32.378969,-90.219906,600.4,0.2110807077268275,16.89992314069798,1545.1358300066722,1523.7072585781007,5.850842615130366,5.542903530123506,4.927025360109782,0.4337529454171843,0.45785033127369446,0.5150816226829064,38.42175209823423,36.3995546193798,32.35515966167093,0.0,0.0,0.0,3512.845906124272,3327.959279486153,2958.186026209913,False,260.4252684284774,274.89333889672616,309.255006258817
55221,Harry L. Oswald,AR,MISO,34.5923,-92.2166,599.5,0.2059997227747869,32.260109483344536,2949.4957241915,2928.067152762929,5.995153699066805,5.679619293852763,5.048550483424678,0.8146883830116499,0.8599488487345193,0.9674424548263344,39.31041015333414,37.241441197895504,33.10350328701822,0.0,0.0,0.0,3594.0946425905495,3404.9317666647316,3026.606014813094,False,488.4056856154841,515.5393348163443,579.9817516683875
55392,Zion Energy Center,IL,PJM,42.4776,-87.895,596.7,0.1983616689191434,32.11312039158743,2936.0567215165647,2914.628150087993,6.226001256842688,5.898316980166758,5.242948426814896,0.7845450980801559,0.8281309368623867,0.931647303970185,40.633413515165984,38.49481280384146,34.21761138119241,0.0,0.0,0.0,3715.054949958032,3519.525742065505,3128.4673262804486,False,468.1380600244291,494.1457300257862,555.9139462790095
55406,Bobby C Smith Jr Energy Facility,GA,SOCO,32.277252,-81.284411,596.6,0.2138251066502781,16.51281711654332,1509.7432792268178,1488.3147077982462,5.775748317618779,5.471761564059898,4.863788056942131,0.4319199500599721,0.4559155028410815,0.5129049406962168,37.6885626938118,35.704954130979615,31.7377370053152,0.0,0.0,0.0,3445.811446291364,3264.4529491181356,2901.735954771675,False,257.68344220577933,271.99918899498925,305.99908761936297
55107,Rhode Island State Energy Center,RI,ISNE,41.8017,-71.5186,596.0,0.1986693829253721,3.916234194096028,358.0556977459225,336.6271263173511,6.216357960219335,5.889181225470949,5.234827755974177,0.09085876621662559,0.09590647545088254,0.10789478488224287,40.522883453179794,38.39010011353876,34.12453343425667,0.0,0.0,0.0,3704.9493442907233,3509.952010380686,3119.9573425606095,False,54.15182466510885,57.160259368725995,64.30529178981675
55375,Astoria Energy,NY,NYIS,40.7825,-73.8964,595.0,0.1962637029275963,0.2793835219213137,25.54363628994868,4.115064861377253,6.292554260303568,5.961367193971802,5.298993061308268,0.0010990887183766687,0.0011601492027309278,0.0013051678530722939,40.95076327213182,38.795459942019626,34.48485328179522,0.0,0.0,0.0,3744.069784880623,3547.013480413222,3152.9008714784195,False,0.6539577874341179,0.6902887756249021,0.7765748725780148
10789,Sabine River Operations,TX,MISO,30.0552,-93.7579,594.9,0.2102929780827964,14.16967894699678,1295.5135037254197,1274.0849322968484,5.872759096662546,5.563666512627676,4.945481344557934,0.36468023373182484,0.38494024671692617,0.4330577775565419,38.212391728487255,36.20121321646161,32.17885619241033,0.0,0.0,0.0,3493.7043866045483,3309.825208362204,2942.066851877515,False,216.9482710470626,229.00095277189936,257.62607186838676
7946,Wansley Unit 9,GA,SOCO,33.4083,-85.0403,594.1,0.2022057869077042,24.29211923750408,2220.993758857516,2199.5651874289442,6.107639246564736,5.786184549377119,5.143275155001883,0.6061832167172357,0.6398600620904153,0.7198425698517174,39.68724896045121,37.59844638358536,33.42084122985365,0.0,0.0,0.0,3628.5484763841096,3437.5722407849466,3055.619769586619,False,360.13344905170976,380.1408628879158,427.6584707489053
55206,Corpus Christi Energy Center,TX,ERCO,27.8139,-97.4283,593.3,0.229778479588143,26.71135814249934,2442.1813158856535,2420.752744457082,5.374741804426702,5.091860656825299,4.526098361622487,0.7591340619101872,0.8013081764607529,0.9014716985183471,34.87787529369459,33.042197646658046,29.370842352584926,0.0,0.0,0.0,3188.8343125663623,3021.0009276944493,2685.3341579506214,False,450.394238931314,475.4161410941647,534.8431587309353
55662,Chehalis Generating Facility,WA,BPAT,46.6225,-122.9131,593.3,0.1497658565809846,34.07158498057813,3115.116341081429,3093.6877696528572,8.246205298015868,7.81219449285714,6.94417288253968,0.6323361188005276,0.6674659031783347,0.7508991410756265,53.51143003623391,50.69503898169529,45.062256872618036,0.0,0.0,0.0,4892.473603312814,4634.97499261214,4119.977771210792,False,375.16501928435304,396.00752035570594,445.50846040016916
913,Venice,IL,MISO,38.6642,-90.1764,586.0,0.2070084742290206,8.97919179906312,820.9546787714851,799.5261073429137,5.965939339438234,5.651942532099381,5.023948917421672,0.2286947528531107,0.24140001690050567,0.27157501901306885,38.23794245371194,36.22541916667448,32.200372592599535,0.0,0.0,0.0,3496.040452910805,3312.038323810237,2944.0340656091,False,134.01512517192288,141.46040990369633,159.14296114165836
1927,Riverside (MN),MN,MISO,45.0203,-93.2753,585.9,0.1983066832568492,1.2207391946636508,111.61044065496235,90.18186922639092,6.227727576888637,5.89995244126292,5.244402170011485,0.02471531375473216,0.026088386741106164,0.02934943508374443,39.90902986108339,37.80855460523691,33.60760409354391,0.0,0.0,0.0,3648.825587299052,3456.782135335945,3072.695231409729,False,14.480702328897573,15.2851857916141,17.19583401556586
688,Arvah B Hopkins,FL,TAL,30.4522,-84.4,579.1,0.2124927601466008,4.890601601393744,447.1407178417137,425.71214641314225,5.811962718861394,5.506069944184479,4.894284394830648,0.12648518400290615,0.13351213866973424,0.15020115600345102,36.81242698976318,34.87493083240723,30.999938517695313,0.0,0.0,0.0,3365.707610492633,3188.565104677232,2834.280093046428,False,73.24757005608295,77.31687950364311,86.98148944159848
55126,Milford Power Project,CT,ISNE,41.224355,-73.099728,578.0,0.1943066581896531,1.0219738034459998,93.4376048864914,72.00903345791997,6.355932480679986,6.021409718538935,5.352364194256831,0.019601073996155037,0.02069002255149698,0.023276275370434106,40.18141065129879,38.06659956438833,33.836977390567405,0.0,0.0,0.0,3673.728973833032,3480.3748173155045,3093.666504280448,False,11.329420769777611,11.958833034765254,13.453687164110914
55211,ANP Bellingham Energy Project,MA,ISNE,42.110577,-71.453468,578.0,0.1931550724432567,5.169290139429681,472.6208127478565,451.1922413192851,6.393826392329442,6.057309213785788,5.384274856698478,0.1220879902187662,0.12887065634203096,0.14497948838478483,40.420971224007694,38.29355168590204,34.03871260969069,0.0,0.0,0.0,3695.6316547664173,3501.1247255681856,3112.11086717172,False,70.56685834644686,74.4872393656939,83.79814428640563
55212,ANP Blackstone Energy Project,MA,ISNE,42.059876,-71.515811,578.0,0.1931550724432567,5.645354100912517,516.1466606548586,494.7180892262872,6.393826392329442,6.057309213785788,5.384274856698478,0.13386563798592527,0.1413026178740322,0.15896544510828625,40.420971224007694,38.29355168590204,34.03871260969069,0.0,0.0,0.0,3695.6316547664173,3501.1247255681856,3112.11086717172,False,77.3743387558648,81.67291313119061,91.88202727258945
55259,Whiting Clean Energy,IN,MISO,41.6739,-87.4775,576.8,0.1937319645991831,2.8953028664780924,264.71340493513986,243.28483350656842,6.374786951420857,6.039271848714498,5.368241643301776,0.06616435892627294,0.0698401566443992,0.07857017622494909,40.21693717977633,38.10025627557759,33.86689446718008,0.0,0.0,0.0,3676.97711357955,3483.452002338522,3096.401779856464,False,38.16360222867423,40.28380235248946,45.31927764655063
568,Bridgeport Station,CT,ISNE,41.1706,-73.1844,576.3,0.1947277607576571,0.970544995928146,88.73554248485905,67.30697105628762,6.342187653135825,6.008388302970784,5.3407896026406965,0.018415026133025536,0.019438083140415837,0.021867843532967817,39.97659251799256,37.87256133283506,33.66449896252006,0.0,0.0,0.0,3655.002744502176,3462.6341790020624,3077.8970480018334,False,10.612579560462615,11.202167313821645,12.602438228049351
7813,Sewell Creek Energy,GA,SOCO,33.9486,-85.2769,570.0,0.1995092025543586,28.3883542579126,2595.5066750091514,2574.0781035805803,6.190190648792302,5.864391140961129,5.212792125298781,0.729529469078766,0.7700588840275862,0.8663162445310344,38.59196982606451,36.560813519429544,32.4985009061596,0.0,0.0,0.0,3528.408669811612,3342.702950347844,2971.2915114203056,False,415.83179737489667,438.9335638957241,493.8002593826896
7063,McIntosh (AL),AL,SOCO,31.2546,-88.0299,566.0,0.2048766033709392,11.467929092596016,1048.496374180207,1027.0678027516356,6.028018717998616,5.710754574946059,5.076226288840941,0.30102883057382424,0.3177526544945921,0.3574717363064162,37.317203376110186,35.35314004052545,31.425013369355952,0.0,0.0,0.0,3411.8585943872167,3232.28708941947,2873.1440794839723,False,170.38231810478453,179.84800244393912,202.32900274943157
55294,Westbrook Energy Center Power Plant,ME,ISNE,43.6575,-70.375,563.9,0.1920931821903567,12.942684897364742,1183.3311906162048,1161.9026191876335,6.4291714360594225,6.090793992056296,5.41403910405004,0.3204886321835608,0.33829355619375856,0.3805802507179784,39.65291938993338,37.56592363256847,33.391932117838635,0.0,0.0,0.0,3625.4097727939084,3434.5987321205453,3052.9766507738177,False,180.7235396883099,190.76373633766045,214.609203379868
1904,Black Dog,MN,MISO,44.8108,-93.2501,562.8,0.1949564101506831,2.0404726874651176,186.5575028539536,165.12893142538215,6.334749388570811,6.001341526014453,5.334525800901735,0.04631691698061289,0.04889007903509136,0.0550013389144778,38.9943417050212,36.94200793107272,32.83734038317574,0.0,0.0,0.0,3565.1969558876517,3377.5550108409343,3002.2711207474963,False,26.06716087668893,27.51533648094942,30.954753541068104
55985,Palomar Energy,CA,CISO,33.1197,-117.117778,559.0,0.2508853738680981,6.152692337237291,562.5318708331237,541.1032994045522,4.922566752134765,4.6634842914960934,4.14531937021875,0.19664221617893798,0.2075667837444345,0.23351263171248887,30.096880782973965,28.51283442597534,25.344741711978074,0.0,0.0,0.0,2751.7148144433336,2606.8877189463165,2317.233527952281,False,109.92299884402634,116.02983211313888,130.53356112728127
56807,Bear Garden,VA,PJM,37.695556,-78.285278,559.0,0.2001828919624246,23.83655730063985,2179.342381772786,2157.9138103442147,6.16935836970432,5.84465529761462,5.195249153435218,0.6257232437339089,0.6604856461635703,0.7430463519340166,37.71984265727033,35.73458778057189,31.764078027175017,0.0,0.0,0.0,3448.671328664715,3267.162311366573,2904.144276770287,False,349.77929324725505,369.2114762054358,415.3629107311153
6061,R D Morrow,MS,MISO,31.2186,-89.394,558.0,0.2071045010413149,22.75828980247836,2080.757924798021,2059.3293533694496,5.963173150706329,5.649321932248102,5.021619495331646,0.6188910339258392,0.6532738691439411,0.7349331027869339,36.39399113540456,34.4785179177517,30.647571482445958,0.0,0.0,0.0,3327.450618094131,3152.321638194441,2802.0636783950586,False,345.3411969306183,364.5268189823192,410.09267135510913
55710,Allegheny Energy Units 3 4 & 5,PA,PJM,40.545278,-79.768611,556.0,0.1782851051730049,2.6218267075824784,239.70987040754085,218.28129897896943,6.927106999777556,6.562522420841897,5.833353262970574,0.05667477987033713,0.0598233787520225,0.06730130109602533,42.12546944239727,39.908339471744796,35.47407953043981,0.0,0.0,0.0,3851.471491876321,3648.762465988095,3243.344414211639,False,31.511177607907445,33.26179858612451,37.41952340939009
55220,Attala,MS,MISO,33.0147,-89.6753,551.3,0.2080746909922664,26.68077885154278,2439.3854949981965,2417.9569235696254,5.9353686606983915,5.622980836451109,4.9982051879565415,0.7389462811189172,0.7799988522921902,0.8774987088287141,35.78934562265807,33.9056958530445,30.138396313817328,0.0,0.0,0.0,3272.168742643023,3099.9493351354963,2755.510520120441,False,407.38108478085906,430.0133672686844,483.76503817727
55068,Maine Independence Station,ME,ISNE,44.8242,-68.7094,550.2,0.188240508135648,9.685295426605544,885.5127247182211,864.0841532896496,6.560755770538223,6.215452835246739,5.524846964663768,0.2393765389504366,0.25267523555879406,0.2842596400036434,39.48139808539206,37.40342976510828,33.24749312454069,0.0,0.0,0.0,3609.7278249501305,3419.7421499527563,3039.7707999580052,False,131.70497173053022,139.0219146044485,156.3996539300046
404,Scattergood,CA,LDWP,33.918151,-118.427648,549.6,0.2433855637108494,0.6028985205640292,55.12215045156837,33.69357902299695,5.074253300689696,4.8071873374955025,4.273055411107113,0.012081706421671652,0.012752912333986741,0.014347026375735084,30.50260515377094,28.897204882519844,25.68640434001764,0.0,0.0,0.0,2788.809614059057,2642.030160687528,2348.4712539444695,False,6.64010584935074,7.009000618759113,7.885125696104002
399,Harbor,CA,LDWP,33.7706,-118.2656,548.1,0.2502803164669319,1.288152631545162,117.77395488412907,96.34538345555765,4.934467150408823,4.674758353018887,4.15534075823901,0.035623029074875336,0.03760208624570172,0.04230234702641445,29.58135955620865,28.024445895355573,24.910618573649394,0.0,0.0,0.0,2704.581445139076,2562.235053289652,2277.5422695908014,False,19.524982235939174,20.609703471269114,23.18591640517776
7837,Louisa Generation Facility,VA,PJM,38.1181,-78.2139,545.7,0.1963289618840217,22.44033467491866,2051.6877417068486,2030.2591702782772,6.290462640603972,5.959385659519554,5.297231697350714,0.5914457829764385,0.6243038820306849,0.7023418672845206,37.54521600131737,35.56915200124804,31.61702400110937,0.0,0.0,0.0,3432.705462977588,3252.036754399821,2890.699337244285,False,322.75196377024247,340.68262842414475,383.26795697716295
59325,Kings Mountain Energy Center,NC,DUK,35.2025,-81.363056,543.9,0.2162875285027823,23.95400957726846,2190.0808756359734,2168.652304207402,5.709991734378309,5.409465853621557,4.808414092108051,0.6982893036852348,0.7370831538899698,0.8292185481262161,33.968205516091466,32.18040522577087,28.604804645129665,0.0,0.0,0.0,3105.664504328362,2942.208477784765,2615.296424697569,False,379.79955227439916,400.89952740075455,451.0119683258489
55414,Shady Hills Generating Station,FL,FPC,28.3665,-82.558611,541.2,0.23073960047716,14.727056023068656,1346.4736935377055,1325.0451221091341,5.352353897840122,5.070651061111696,4.507245387654841,0.45743359649073634,0.48284657407355486,0.5432023958327492,31.682589854027377,30.015085124868055,26.680075666549378,0.0,0.0,0.0,2896.693929511074,2744.2363542736502,2439.3212037988,False,247.56306242078654,261.3165658886079,293.98113662468387
676,C D McIntosh Jr,FL,FMPP,28.0801,-81.9229,540.6,0.2291302862159997,14.100528050401827,1289.1911360367383,1267.762564608167,5.3899465688083374,5.106265170450005,4.538902373733337,0.43508831734809444,0.4592598905340996,0.5166673768508622,31.869743446382053,30.192388528151422,26.83767869169015,0.0,0.0,0.0,2913.805115097787,2760.4469511452726,2453.730623240242,False,235.20874435837987,248.27589682273427,279.3103839255761
55438,MRP Elgin LLC,IL,PJM,42.000061,-88.244572,540.0,0.1932413851877159,13.567475410318128,1240.4548946576572,1219.0263232290858,6.390970540809947,6.054603670241004,5.381869929103114,0.35322587386576226,0.37284953352497113,0.41945572521559266,37.746669756658754,35.76000292736094,31.78666926876527,0.0,0.0,0.0,3451.1240920373716,3269.4859819301423,2906.2097617156815,False,190.74197188751162,201.33874810348442,226.50609161642004
7917,Chattahoochee Energy Facility,GA,SOCO,33.4072,-85.0386,539.7,0.2022057869077042,23.91231054414588,2186.268392607623,2164.8398211790513,6.107639246564736,5.786184549377119,5.143275155001883,0.6567498356346474,0.6932359376143498,0.7798904298161436,36.053203608745186,34.155666576705976,30.36059251262753,0.0,0.0,0.0,3296.292901370988,3122.803801298832,2775.825601154517,False,354.44788629201923,374.1394355304646,420.9068649717728
57901,El Segundo Energy Center LLC,CA,CISO,33.910556,-118.425,537.4,0.2433855637108494,0.5486897775046697,50.165922514712655,28.737351086141228,5.074253300689696,4.8071873374955025,4.273055411107113,0.010538454597947344,0.011123924297833303,0.012514414835062467,29.825509478960154,28.255745822172788,25.11621850859803,0.0,0.0,0.0,2726.9037237906423,2583.382475170083,2296.3399779289625,False,5.663365500936902,5.977996917655617,6.725246532362569
56806,Cedar Bayou 4,TX,ERCO,29.751645,-94.92312,535.5,0.2097510369697424,23.084237244719898,2110.558833802962,2089.1302623743904,5.88793275037851,5.578041552990168,4.958259158213482,0.6625874473482325,0.6993978610898008,0.786822593726026,34.48580611686538,32.670763689661946,29.040678835255065,0.0,0.0,0.0,3152.987987827692,2987.041251626235,2655.14777922332,False,354.8155780549785,374.52755461358834,421.34349894028696
56196,Zeltmann,NY,NYIS,40.7889,-73.9069,528.0,0.1962637029275963,0.2870283446604542,26.24259151181295,4.814020083241525,6.292554260303568,5.961367193971802,5.298993061308268,0.0014489286705692509,0.001529424707823098,0.0017206027963009853,36.339500853253114,34.426895545187165,30.601684929055253,0.0,0.0,0.0,3322.468649440284,3147.6018784171115,2797.8683363707655,False,0.7650343380605644,0.8075362457305958,0.9084782764469203
50625,ExxonMobil Beaumont Refinery,TX,MISO,30.0636,-94.0753,527.6,0.2136388223444775,16.689690515371616,1525.9145614054048,1504.4859899768333,5.780784533667994,5.476532716106522,4.8680290809835745,0.49328348849179704,0.5206881267413412,0.585774142584009,33.35873974959787,31.603016604882207,28.091570315450845,0.0,0.0,0.0,3049.941919963234,2889.4186610178012,2568.372143126934,False,260.2563685282721,274.7150556687316,309.0544376273231
61035,Birdsboro Power,PA,PJM,40.268522,-75.799669,525.0,0.1892002016555941,22.53658994304329,2060.488223363958,2039.0596519353862,6.527477186562948,6.183925755691216,5.496822893947747,0.5950113704784432,0.6280675577272455,0.7065760024431512,37.481997907216936,35.50926117525815,31.563787711340584,0.0,0.0,0.0,3426.925522945548,3246.561021737888,2885.8320193225672,False,312.3809695011827,329.7354678068039,370.95240128265436
61322,Long Ridge Energy Generation,OH,PJM,39.70257,-80.84552,521.9,0.1778322007082051,2.085994131957272,190.71946349323628,169.29089206466486,6.944749011043519,6.579235905199124,5.8482096935103325,0.046707835502503806,0.0493027152526429,0.055465554659223266,39.642580565695766,37.556128956974945,33.38322573953328,0.0,0.0,0.0,3624.4645088636125,3433.703218923423,3052.1806390430424,False,24.376819348756737,25.731087090354325,28.947472976648623
55042,Bridgeport Energy Project,CT,ISNE,41.1692,-73.1844,520.0,0.1947277607576571,0.9590777618194354,87.68710965206265,66.25853822349123,6.342187653135825,6.008388302970784,5.3407896026406965,0.020090901244684024,0.021207062424944242,0.023857945228062272,36.07119227721002,34.172708473146336,30.375740865018965,0.0,0.0,0.0,3297.9375796306294,3124.3619175448075,2777.2105933731623,False,10.447268647235692,11.027672460971006,12.406131518592382
55276,Ceredo Generating Station,WV,PJM,38.3681,-82.5339,519.0,0.1839715624765998,3.695924302431708,337.9130790794704,316.484507650899,6.7129940267647905,6.359678551671908,5.65304760148614,0.09083826632058427,0.09588483667172781,0.10787044125569381,38.10673015505701,36.10111277847507,32.08987802531117,0.0,0.0,0.0,3484.0438998909262,3300.6731683177204,2933.9317051713065,False,47.145060220383236,49.76423023262674,55.98475901170509
3236,Manchester Street,RI,ISNE,41.8167,-71.4042,515.0,0.1986693829253721,2.8348392684503456,259.18530454403157,237.75673311546015,6.216357960219335,5.889181225470949,5.234827755974177,0.07426592265146945,0.07839180724321773,0.08819078314861996,35.01557882279798,33.17265362159809,29.486803219198297,0.0,0.0,0.0,3201.424349512957,3032.928331117539,2695.936294326701,False,38.24695016550677,40.37178073025713,45.418253321539275
2393,Gilbert,NJ,PJM,40.565833,-75.163889,512.0,0.1915278118103959,26.18768778486822,2394.3028831879515,2372.87431175938,6.4481496881643245,6.108773388787257,5.430020790033116,0.7187364382470478,0.7586662403718836,0.8534995204183692,36.10963825372022,34.209130977208645,30.408116424185454,0.0,0.0,0.0,3301.452640340134,3127.6919750590755,2780.1706444969554,False,367.9930563824885,388.4371150704044,436.991754454205
55088,Dearborn Industrial Generation,MI,MISO,42.3026,-83.154,509.9,0.18838537959787,0.1511589950693675,13.82025097777074,0.0,6.555710441204343,6.21067304956201,5.520598266277342,0.0,0.0,0.0,36.561401996547914,34.637117680940136,30.78854904972456,0.0,0.0,0.0,3342.7567539700945,3166.822187971669,2814.9530559748164,False,0.0,0.0,0.0
57515,Walnut Creek Energy Park,CA,CISO,34.008709,-117.944864,500.0,0.253744552385002,3.0436819260059544,278.27949037768724,256.8509189491158,4.867099562894879,4.610936428005676,4.098610158227267,0.10554578373833169,0.11140943839046119,0.12533561818926886,26.61695073458137,25.216058590656043,22.414274302805367,0.0,0.0,0.0,2433.5497814474393,2305.468214002838,2049.3050791136334,False,52.772891869165846,55.704719195230595,62.66780909463443
54676,Oyster Creek Unit VIII,TX,ERCO,28.9802,-95.342,497.9,0.2217982779846717,6.639528548943461,607.0426101891163,585.6140387605449,5.568122580669223,5.275063497476108,4.688945331089872,0.2112324155960909,0.22296754979587366,0.2508384935203579,30.322777547510068,28.72684188711481,25.53497056632427,0.0,0.0,0.0,2772.3682329152057,2626.4541153933537,2334.625880349647,False,105.17261972529366,111.0155430433655,124.8924859237862
55141,Hawk Road Facility,GA,SOCO,33.358472,-84.991391,495.0,0.2034445690417548,17.96950334029226,1642.9260196838636,1621.497448255292,6.07044958642533,5.750952239771366,5.111957546463436,0.5396227040651094,0.5696017431798377,0.6408019610773175,32.86579346400589,31.136014860637165,27.676457653899696,0.0,0.0,0.0,3004.8725452805384,2846.721358686826,2530.4189854994006,False,267.11323851222915,281.9528628740197,317.19697073327217
55117,RS Cogen,LA,MISO,30.221,-93.2826,493.0,0.2079793393239338,9.812129985686738,897.1090272627873,875.680455834216,5.938089831492597,5.6255587877298305,5.000496700204294,0.29912449214226944,0.3157425194835065,0.35521033441894484,32.0192937632515,30.33406777571195,26.963615800632844,0.0,0.0,0.0,2927.4782869258506,2773.4004823508067,2465.244873200717,False,147.46837462613883,155.6610621053687,175.11869486853982
63335,HO Clarke Generating,TX,ERCO,29.64536,-95.45169,484.0,0.2110174983136931,12.085074782810262,1104.9211229997952,1083.4925515712239,5.8525952106781265,5.544563883800332,4.928501230044739,0.3825005649179908,0.40375059630232346,0.4542194208401139,30.982175896527334,29.35153505986801,26.090253386549342,0.0,0.0,0.0,2832.656081968213,2683.5689197593606,2385.3945953416537,False,185.13027342030753,195.41528861032455,219.84219968661512
56227,Port Westward,OR,PGE,46.17894,-123.172039,483.0,0.1516681774565051,5.640489213714882,515.7018709682177,494.2732995396463,8.14277603061571,7.714208871109623,6.857074552097442,0.1256746054208957,0.13265652794427873,0.14923859393731362,43.01675899923706,40.75271905190881,36.22463915725227,0.0,0.0,0.0,3932.960822787388,3725.962884745948,3311.9670086630645,False,60.70083441829262,64.07310299708664,72.08224087172248
2079,Hawthorn,MO,SWPP,39.1306,-94.4778,477.2000000000001,0.2109158105156943,16.52671679425085,1511.0141069029346,1489.585535474363,5.855416893500752,5.5472370570007135,4.930877384000634,0.5330981680366065,0.5627147329275289,0.6330540745434701,30.561616548515495,28.953110414383108,25.73609814611832,0.0,0.0,0.0,2794.204941578559,2647.141523600741,2353.014687645103,False,254.39444578706866,268.5274705530169,302.093404372144
147,Kyrene,AZ,SRP,33.3556,-111.9353,465.7,0.2667550538215616,11.712910912191198,1070.8947119717666,1049.466140543195,4.629715472330353,4.386046236944546,3.8987077661729295,0.48675216500432783,0.5137939519490126,0.5780181959426391,23.58188979414018,22.340737699711763,19.858433510854898,0.0,0.0,0.0,2156.058495464245,2042.581732545075,1815.6282067067332,False,226.68048324251546,239.27384342265515,269.18307385048706
1571,Chalk Point Power,MD,PJM,38.5444,-76.6861,456.0,0.2059708203621293,16.761968839450763,1532.5228653212123,1511.094293892641,5.9959949561237575,5.680416274222509,5.049258910420007,0.5526694569173944,0.5833733156350271,0.6562949800894058,29.905024843667242,28.331076167684767,25.18317881571979,0.0,0.0,0.0,2734.1736999924333,2590.269821045464,2302.462063151523,False,252.01727235433185,266.0182319295724,299.270510920769
52088,Texas City Power Plant,TX,ERCO,29.378697,-94.943829,450.0,0.2179778243768152,14.289216175281522,1306.4426217400248,1285.0140503114533,5.665713948337574,5.36751847737244,4.771127535442168,0.5040118164292037,0.5320124728974926,0.5985140320096793,27.885935839474,26.41825500581748,23.482893338504425,0.0,0.0,0.0,2549.5712767519085,2415.3833148175977,2147.0073909489756,False,226.80531739314165,239.4056128038717,269.3313144043557
3797,Chesterfield,VA,PJM,37.3822,-77.3833,446.6,0.2008093545230617,16.07810469624038,1469.9981436562632,1448.5695722276917,6.150111895599803,5.8264217958313935,5.179041596294572,0.5273969601737472,0.5566967912945107,0.6262838902063245,30.041374700037668,28.460249715825167,25.297999747400148,0.0,0.0,0.0,2746.639972574872,2602.0799740183006,2312.959976905156,False,235.5354824135955,248.62078699212847,279.6983853661445
10725,Selkirk Cogen,NY,NYIS,42.5744,-73.8592,434.0,0.1842278741870698,20.5895925881613,1882.4770366318899,1861.0484652033185,6.703654403274222,6.350830487312423,5.64518265538882,0.6396705209118012,0.6752077720735677,0.7596087435827639,31.82140949554233,30.14659846946116,26.796976417298808,0.0,0.0,0.0,2909.3860110210126,2756.2604314935916,2450.0092724387478,False,277.61700607572175,293.0401730799284,329.67019471491955
3464,Greens Bayou,TX,ERCO,29.822201,-95.219429,432.0,0.2144519645856225,8.885368974537306,812.3765919576964,790.948020529125,5.7588654055295985,5.4557672262912,4.849570867814399,0.31792689475104985,0.335589500014997,0.37753818751687174,27.210639041127354,25.778500144225923,22.914222350423035,0.0,0.0,0.0,2487.8298551887865,2356.8914417577985,2095.01461489582,False,137.34441853245355,144.9746640064787,163.09649700728858
10308,Sayreville Cogeneration Facility,NJ,PJM,40.439,-74.3444,430.2000000000001,0.194816523310993,4.420792494879296,404.18674238896415,382.75817096039276,6.339298017491681,6.005650753413173,5.338356225256153,0.1403501546882034,0.14814738550421463,0.16666580869224148,29.82837820292884,28.258463560669433,25.118634276150605,0.0,0.0,0.0,2727.166007124922,2583.6309541183477,2296.5608481051977,False,60.37863654686511,63.73300524391315,71.69963089940231
55079,Millennium Power,MA,ISNE,42.112291,-72.015113,427.5,0.192515775792807,5.896938267418775,539.1486415925737,517.7200701640022,6.415058687601556,6.077424019833055,5.402154684296049,0.1887809852993903,0.19926881781602307,0.224177420043026,29.995411129136972,28.41670528023503,25.259293582431134,0.0,0.0,0.0,2742.4375889496655,2598.098768478631,2309.4211275365606,False,80.70387121548936,85.18741961634986,95.8358470683936
60264,Bacliff,TX,ERCO,29.49233,-94.98483,427.2000000000001,0.2179778243768152,17.986182953541295,1644.4510128952038,1623.0224414666325,5.665713948337574,5.36751847737244,4.771127535442168,0.670561533733725,0.7078149522744872,0.7962918213087983,26.473048423607324,25.079730085522737,22.293093409353535,0.0,0.0,0.0,2420.392998729812,2293.003893533507,2038.2256831408945,False,286.4638872110474,302.378547611661,340.1758660631187
2869,West Lorain,OH,PJM,41.429444,-82.264444,425.0,0.1844126835653064,15.941192870821231,1457.4804910465123,1436.051919617941,6.696936328474647,6.344465995397035,5.639525329241808,0.5045509659173216,0.5325815751349505,0.5991542720268195,31.13028996439387,29.491853650478408,26.214981022647468,0.0,0.0,0.0,2846.197939601725,2696.39804804374,2396.7982649277683,False,214.4341605148617,226.34716943235398,254.64056561139827
52120,Freeport Energy,TX,ERCO,28.991289,-95.407481,419.3,0.2129804405074281,11.910286335638096,1088.9404649726257,1067.5118935440544,5.798654548077747,5.4934622034420775,4.8830775141707345,0.4390567146013192,0.4634487543013923,0.5213798485890664,26.593173381348432,25.193532677066944,22.394251268503947,0.0,0.0,0.0,2431.375852008999,2303.408701903263,2047.4744016917891,False,184.09648043233312,194.3240626785738,218.61457051339553
50216,Watson Cogeneration,CA,CISO,33.816647,-118.244841,405.0,0.2502803164669319,1.2683455908119343,115.96302544566255,94.53445401709112,4.934467150408823,4.674758353018887,4.15534075823901,0.04730366985240404,0.049931651510870916,0.05617310794972978,21.858147455326584,20.707718641888352,18.406861015011867,0.0,0.0,0.0,1998.4591959155732,1893.277132972649,1682.913007086799,False,19.157986290223636,20.22231886190272,22.75010871964056
55486,Washington Parish Energy Center,LA,MISO,30.791389,-89.909166,399.6,0.205549375095805,15.679531437977015,1433.5571600436126,1412.1285886150413,6.008288759936028,5.692063035728871,5.059611587314551,0.5881633636566584,0.6208391060820282,0.6984439943422817,26.259977061395407,24.877873005532496,22.113664893806664,0.0,0.0,0.0,2400.912188470437,2274.5483890772566,2021.8207902908948,False,235.03008011720073,248.08730679037848,279.0982201391758
10633,Hopewell Cogeneration,VA,PJM,37.291667,-77.281111,399.0,0.2078037716635088,16.07845218818307,1470.0299143481664,1448.6013429195948,5.943106759389348,5.63031166678991,5.004721481591031,0.6108892122929098,0.6448275018647379,0.7254309395978303,25.936089342147582,24.571032008350347,21.840917340755862,0.0,0.0,0.0,2371.29959699635,2246.4943550491744,1996.8838711548215,False,243.74479570487102,257.2861732440304,289.4469448995343
57555,Pio Pico Energy Center,CA,CISO,32.573889,-116.917777,395.4,0.2599615307557876,9.541781254275318,872.3914289623146,850.9628575337432,4.750702907501266,4.500665912369621,4.00059192210633,0.4530186354837537,0.4781863374550733,0.5379596296369574,20.54530548028438,19.463973612900997,17.30130987813422,0.0,0.0,0.0,1878.4279296260004,1779.563301750948,1581.8340460008428,False,179.1235684702762,189.07487782973595,212.70923755845294
56046,Magnolia Power Project,CA,LDWP,34.1786,-118.3153,387.6,0.2607165636815317,1.2294264932308558,112.40470795253538,90.97613652396394,4.736944912746575,4.487632022602019,3.9890062423129056,0.04955019718886654,0.05230298592158133,0.05884085916177901,20.081685839475014,19.02475500581844,16.910893338505275,0.0,0.0,0.0,1836.0398481805723,1739.406171960543,1546.1388195204822,False,19.20565643040467,20.272637343204924,22.806717011105544
10307,Bellingham Cogeneration Facility,MA,ISNE,42.0925,-71.4833,386.1,0.1931550724432567,5.182494833251833,473.8280990401675,452.3995276115961,6.393826392329442,6.057309213785788,5.384274856698478,0.18325739179213069,0.19343835800280457,0.21761815275315516,27.000929047732477,25.57982751890446,22.737624461248405,0.0,0.0,0.0,2468.6563700783977,2338.727087442693,2078.8685221712826,False,70.75567897094166,74.68655002488285,84.02236877799321
55938,NAEA Ocean Peaking Power LLC,NJ,PJM,40.0633,-74.1672,383.0,0.1990760846664835,3.681329640838804,336.57871001954777,315.1501385909763,6.203658275020941,5.877149944756683,5.224133284228162,0.13263888473227814,0.1400077116618491,0.15750867561958024,25.987512242704916,24.619748440457293,21.88422083596204,0.0,0.0,0.0,2376.0011193330206,2250.9484288418093,2000.8430478593862,False,50.800692852462525,53.622953566488206,60.32582276229923
55349,Pleasants Energy LLC,WV,PJM,39.3325,-81.3642,382.8,0.1803511106740215,8.384633085123607,766.5950249255868,745.1664534970154,6.847753780858165,6.487345687128789,5.766529499670034,0.2842714401981739,0.3000642979869613,0.33757233523533153,28.670689111230534,27.16170547379735,24.143738198930976,0.0,0.0,0.0,2621.3201473125055,2483.3559290329003,2207.4274924736887,False,108.81910730786097,114.86461326940879,129.22268992808492
10692,ExxonMobil Baytown Turbine,TX,ERCO,29.759124,-95.009648,381.8,0.2097510369697424,19.05367820147945,1742.0505784209781,1720.6220069924066,5.88793275037851,5.578041552990168,4.958259158213482,0.7653969163744223,0.8079189672841123,0.9089088381946263,24.58763916978376,23.29355289768988,20.705380353502118,0.0,0.0,0.0,2248.012724094515,2129.696264931646,1893.0633466059076,False,292.22854267175444,308.46346170907407,347.02139442270834
56799,Greenland Energy Center,FL,JEA,30.159131,-81.518415,380.8,0.2215898202732133,8.000654488453145,731.4884103728589,710.0598389442874,5.573360718814987,5.280025944140515,4.693356394791569,0.3345652708444431,0.35315223033580095,0.3972962591277761,23.213047393864425,21.99130805734525,19.547829384306887,0.0,0.0,0.0,2122.335761724747,2010.6338795287083,1787.2301151366294,False,127.40245513756393,134.480369311873,151.29041547585715
50043,Houston Chemical Complex Battleground,TX,ERCO,29.7314,-95.0839,380.7000000000001,0.2097510369697424,8.278648042603706,756.9049638951959,735.4763924666245,5.88793275037851,5.578041552990168,4.958259158213482,0.3281126839364514,0.3463411663773653,0.38963381217453597,24.516799978880776,23.226442085255478,20.645726298004867,0.0,0.0,0.0,2241.535998069099,2123.5604192233577,1887.6092615318732,False,124.91249877460707,131.852082039863,148.3335922948459
55109,MRP Rocky Road LLC,IL,PJM,42.0931,-88.2397,374.0,0.1932413851877159,14.809759105428448,1354.0351182106008,1332.6065467820295,6.390970540809947,6.054603670241004,5.381869929103114,0.5575239451176214,0.5884974976241557,0.6620596848271753,26.143063868500693,24.76711313857961,22.015211678737426,0.0,0.0,0.0,2390.22298226292,2264.4217726701354,2012.8193534845645,False,208.5139554739904,220.09806411143424,247.61032212536355
7960,Kemper County,MS,TVA,32.7976,-88.606,372.0,0.2032429346981277,15.13153664435772,1383.4547789127057,1362.0262074841341,6.076471990695856,5.756657675396075,5.117029044796511,0.6025471323513047,0.6360219730374883,0.7155247196671743,24.723645412143767,23.42240091676778,20.819911926015806,0.0,0.0,0.0,2260.4475805388583,2141.4766552473397,1903.534804664302,False,224.14753323468537,236.60017396994564,266.17519571618885
666,J D Kennedy,FL,JEA,30.364818,-81.625967,370.0,0.2183257489476289,2.088079083613401,190.9100876446538,169.48151621608235,5.6566850495323235,5.358964783767465,4.763524252237747,0.08097642840716905,0.08547511887423398,0.09615950873351324,22.891897309826128,21.687060609308965,19.277387208274632,0.0,0.0,0.0,2092.97346832696,1982.8169699939622,1762.5039733279662,False,29.961278510652548,31.625793983466572,35.5790182313999
7212,Darbytown,VA,PJM,37.498223,-77.368544,368.4,0.2027524940736957,12.164302945743172,1112.1648407536613,1090.7362693250898,6.091170447210907,5.77058252893665,5.129406692388133,0.486070630370747,0.5130745542802329,0.5772088735652621,24.543609920730454,23.251840977534115,20.668303091141436,0.0,0.0,0.0,2243.9871927524982,2125.882603660262,1889.673425475788,False,179.0684202285832,189.01666579683777,212.64374902144255
7032,Gravel Neck,VA,PJM,37.1575,-76.6911,367.6,0.2032983972721188,13.516046602800277,1235.7528322560252,1214.3242608274536,6.074814246306766,5.755087180711675,5.115633049521488,0.5437836761373075,0.5739938803671578,0.6457431154130525,24.424550029057144,23.13904739594888,20.568042129732337,0.0,0.0,0.0,2233.101716942367,2115.5700476296115,1880.506709004099,False,199.89487934807426,211.00015042296724,237.3751692258381
2493,East River,NY,NYIS,40.7281,-73.9742,360.0,0.1962637029275963,0.328032393897662,29.99153315635766,8.562961727786236,6.292554260303568,5.961367193971802,5.298993061308268,0.0037800237892996282,0.003990025110927385,0.004488778249793308,24.776932399945302,23.472883326263975,20.864785178901307,0.0,0.0,0.0,2265.3195337092843,2146.092189829849,1907.6375020709766,False,1.3608085641478662,1.4364090399338585,1.615960169925591
55284,Big Sandy Peaker Plant,WV,PJM,38.3441,-82.5938,353.4,0.1839715624765998,4.811373438460834,439.8970000878477,418.46842865927624,6.7129940267647905,6.359678551671908,5.65304760148614,0.17639240934811304,0.18619198764523043,0.20946598610088424,25.94781972407928,24.582145001759322,21.850795557119397,0.0,0.0,0.0,2372.372089058677,2247.510400160852,1997.7870223652017,False,62.337077463623146,65.80024843382444,74.02527948805249
2499,Narrows Gas Turbines Generating,NY,NYIS,40.648611,-74.020833,352.0,0.1962637029275963,0.6678795138467227,61.063269837414644,39.634698408843214,6.292554260303568,5.961367193971802,5.298993061308268,0.01789393787757195,0.018888045537437056,0.02124905122961669,24.226333902168737,22.951263696791443,20.401123286036835,0.0,0.0,0.0,2214.9790996268557,2098.4012522780745,1865.2455575805104,False,6.298666132905327,6.648592029177844,7.479666032825076
55517,Wallingford Energy,CT,ISNE,41.448694,-72.835364,350.0,0.1936437600061047,5.2610280122993665,481.0082754102277,459.5797039816563,6.377690662281428,6.042022732687671,5.370686873500151,0.2058871993094286,0.2173253770488412,0.24449104917994638,24.414597066546097,23.129618273569996,20.55966068761777,0.0,0.0,0.0,2232.1917317985,2114.707956440685,1879.740405725053,False,72.0605197583,76.06388196709442,85.57186721298123
56234,Caithness Long Island Energy Center,NY,NYIS,40.8142,-72.9403,348.9,0.1916587297500894,3.6993992218585903,338.23078599849964,316.8022145699282,6.443745096350999,6.104600617595684,5.4263116600850525,0.14091229468784533,0.14874075550383672,0.16733334994181634,24.589935388778198,23.295728263053032,20.707314011602694,0.0,0.0,0.0,2248.2226641168636,2129.8951554791342,1893.2401382036746,False,49.16429961658923,51.89564959528863,58.382605794699714
683,Indian River Plant,FL,FMPP,28.493232,-80.780124,342.8,0.2285094016968868,2.3893545979240716,218.45527752448652,197.0267060959151,5.404591630930805,5.120139439829185,4.5512350576259415,0.10634605872166328,0.11225417309508899,0.12628594473197513,20.26384074622119,19.197322812209553,17.064286944186268,0.0,0.0,0.0,1852.69401108308,1755.1837999734446,1560.1633777541729,False,36.45542892978617,38.48073053699651,43.29082185412108
7759,Georgetown,IN,MISO,39.902556,-86.24405,340.0,0.198418214564866,17.36868977138436,1587.9944933837128,1566.5659219551414,6.224226957733556,5.896636065221265,5.241454280196679,0.740260093432966,0.7813856541792417,0.8790588609516471,23.146343999071664,21.928115367541583,19.491658104481402,0.0,0.0,0.0,2116.237165629409,2004.85626217523,1782.094455266871,False,251.6884317672084,265.67112242094214,298.88001272356
3096,Brunot Island,PA,PJM,40.464851,-80.043761,339.9,0.1811414980427009,0.3839785966704623,35.106614552727976,13.678043124156552,6.8178744978076224,6.459038997923012,5.741367998153788,0.0059023342702661605,0.006230241729725391,0.007009021945941065,25.34651373849012,24.012486699622222,21.344432621886423,0.0,0.0,0.0,2317.395541804811,2195.4273553940316,1951.4909825724726,False,2.0062034184634676,2.11765916393366,2.382366559425368
564,Stanton Energy Center,FL,FMPP,28.4822,-81.1678,333.0,0.2227890227832644,15.6534695422754,1431.1743581508936,1409.7457867223222,5.543361089210592,5.251605242410036,4.66809354880892,0.7637010764530291,0.8061289140337526,0.906895028287972,20.189960467109206,19.127330968840305,17.00207197230249,0.0,0.0,0.0,1845.939242707127,1748.784545722542,1554.4751517533703,False,254.31245845885869,268.4409283732396,301.99604441989464
1556,Perryman,MD,PJM,39.442836,-76.221761,333.0,0.2064318820462493,8.86139203049182,810.1844142163948,788.7558427878233,5.982603015377774,5.667729172463155,5.037981486633915,0.39592066504155793,0.41791625754386663,0.47015578973685,21.78976192007124,20.64293234533065,18.349273195849463,0.0,0.0,0.0,1992.2068041207988,1887.3538144302306,1677.6478350490936,False,131.8415814588388,139.16611376210759,156.56187798237104
8027,Blue Lake,MN,MISO,44.7855,-93.4315,332.6,0.1981907119473006,12.93712502628173,1182.822859545758,1161.3942881171865,6.231371732134397,5.903404798864167,5.247470932323703,0.5603685861449202,0.5915001742640823,0.6654376960470927,22.668561979305164,21.475479769868056,19.089315350993825,0.0,0.0,0.0,2072.5542381079003,1963.472436102222,1745.308832090864,False,186.37859175180049,196.7329579602338,221.32457770526304
990,Harding Street,IN,MISO,39.711319,-86.196867,327.0,0.1978831752398712,10.507808854948516,960.7139524524356,939.2853810238643,6.241056110520514,5.9125794731246994,5.255626198333065,0.4602478021354593,0.485817124476318,0.5465442650358578,22.321527245283526,21.14671002184756,18.797075574975608,0.0,0.0,0.0,2040.825348140208,1933.4134877117767,1718.5897668549123,False,150.5010312982952,158.86219970375598,178.7199746667255
50152,Dow St Charles Operations,LA,MISO,29.9861,-90.4414,323.6,0.2223544773135089,13.682147751405235,1250.9392229856214,1229.5106515570499,5.554194432787204,5.2618684100089315,4.677216364452383,0.6840734006554792,0.7220774784696723,0.8123371632783813,19.658376920546214,18.623725503675363,16.554422669933658,0.0,0.0,0.0,1797.3373184499394,1702.7406174788903,1513.5472155367913,False,221.36615245211308,233.66427203278596,262.8723060368842
54914,Brooklyn Navy Yard Cogeneration,NY,NYIS,40.699357,-73.976392,322.0,0.1962637029275963,0.1740934632867888,15.917116643363544,0.0,6.292554260303568,5.961367193971802,5.298993061308268,0.0,0.0,0.0,22.161589535506632,20.995190086269446,18.66239118779506,0.0,0.0,0.0,2026.2024718177488,1919.5602364589204,1706.2757657412624,False,0.0,0.0,0.0
141,Agua Fria,AZ,SRP,33.5561,-112.2153,321.9,0.2663448643193403,13.793692665008148,1261.1376150864592,1239.7090436578876,4.636845554188228,4.3928010513362175,3.9047120456321927,0.8305698503911348,0.8767126198573085,0.9863016973394725,16.32531888633177,15.466091576524844,13.747636956910968,0.0,0.0,0.0,1492.6005838931903,1414.0426584251284,1256.9268074890026,False,267.3604348409063,282.2137923320676,317.49051637357616
2494,Gowanus Gas Turbines Generating,NY,NYIS,40.6635,-74.0051,320.0,0.1962637029275963,0.3551367654273416,32.46964712478552,11.04107569621409,6.292554260303568,5.961367193971802,5.298993061308268,0.005483204454561907,0.00578782692425979,0.006511305289792265,22.02393991106249,20.86478517890131,18.54647571457894,0.0,0.0,0.0,2013.6173632971418,1907.6375020709768,1695.6777796186457,False,1.7546254254598104,1.8521046157631327,2.083617692733525
55700,Mint Farm Generating Station,WA,PSEI,46.138824,-122.985506,319.0,0.1492862947749902,8.810310714916653,805.5141225066653,784.0855510780939,8.272695104808097,7.837290099291883,6.96648008825945,0.29711580142158556,0.31362223483389584,0.3528250141881329,28.863950264119502,27.344794987060585,24.30648443294274,0.0,0.0,0.0,2638.989738433783,2500.0955416741103,2222.3071481547645,False,94.7799406534858,100.04549291201278,112.5511795260144
10298,Bayou Cogen Plant,TX,ERCO,29.6225,-95.0458,318.4,0.2179778243768152,11.23163457156804,1026.8923036862207,1005.4637322576493,5.665713948337574,5.36751847737244,4.771127535442168,0.557363733768323,0.5883283856443409,0.6618694338498836,19.7308488250856,18.69238309744952,16.615451642177348,0.0,0.0,0.0,1803.9633211506834,1709.0178831953847,1519.127007284786,False,177.46461283183405,187.3237579891581,210.73922773780293
55818,Frederickson Power LP,WA,BPAT,47.086111,-122.365674,318.3,0.1504304867302775,11.71082596053507,1070.704087820349,1049.2755163917777,8.209772013929332,7.777678750038316,6.91349222225628,0.40153351787896074,0.4238409355389029,0.4768210524812658,28.581551600368666,27.077259410875584,24.06867503188941,0.0,0.0,0.0,2613.170432033706,2475.635146137196,2200.564574344174,False,127.80811874087321,134.9085697820328,151.7721410047869
7721,Theodore Cogen Facility,AL,SOCO,30.525445,-88.128477,317.4,0.2206781810431499,13.861453593832346,1267.3329000075287,1245.9043285789571,5.5963847180637964,5.301838153955177,4.712745025737934,0.7014071848561854,0.7403742506815288,0.8329210320167201,19.42819932280335,18.40566251634002,16.360588903413348,0.0,0.0,0.0,1776.292509513449,1682.803430065373,1495.8252711692203,False,222.6266404733532,234.99478716631725,264.3691355621069
55296,Calumet Energy Team LLC,IL,PJM,41.6835,-87.5563,312.8,0.1937319645991831,1.877498966344351,171.6570483514835,150.22847692291208,6.374786951420857,6.039271848714498,5.368241643301776,0.07533899886364973,0.07952449880051914,0.08946506115058403,21.80973985754861,20.66185881241448,18.366096722146203,0.0,0.0,0.0,1994.0333584044442,1889.0842342778951,1679.1859860247955,False,23.566038844549634,24.875263224802385,27.984671127902686
6046,DeBary,FL,FPC,28.903863,-81.332329,310.5,0.2215462010760511,4.515310303290486,412.8283705865587,391.3997991579873,5.574458031785687,5.281065503796968,4.694280447819526,0.22612904250133706,0.23869176708474463,0.26852823797033776,18.931382081384676,17.934993550785485,15.942216489587096,0.0,0.0,0.0,1730.8692188694558,1639.7708389289585,1457.5740790479629,False,70.21306769666516,74.11379367981321,83.37801788978987
58933,Shell Chemical Appalachia LLC,PA,PJM,40.671667,-80.336389,309.8,0.1772205837398851,5.249560778190656,479.9598425774313,458.5312711488599,6.968716465874341,6.601941915038851,5.8683928133678664,0.21239033550702036,0.22418979859074362,0.25221352341458664,23.613060199836088,22.37026755773946,19.884682273546183,0.0,0.0,0.0,2158.9083611278706,2045.281605279036,1818.028093581365,False,65.79852594007491,69.45399960341237,78.13574955383895
55748,Los Esteros Critical Energy Center,CA,CISO,37.425,-121.9319,306.1,0.2423058914873143,4.851682503812666,443.58240034858653,422.1538289200151,5.096863276494691,4.828607314573919,4.2920953907323725,0.2705854371669374,0.2856179614539894,0.32132020663573807,17.06413897272684,16.166026395214903,14.369801240191027,0.0,0.0,0.0,1560.1498489350251,1478.0366989910767,1313.8103991031794,False,82.82620231679954,87.42765800106615,98.35611525119943
50489,PPG Powerhouse C,LA,MISO,30.22612,-93.295173,300.6,0.2079793393239338,10.89734732270199,996.3288980756104,974.9003266470389,5.938089831492597,5.6255587877298305,5.000496700204294,0.54616576790478,0.5765083105661565,0.6485718493869261,19.523325974104257,18.495782501782987,16.440695557140433,0.0,0.0,0.0,1784.9898033466748,1691.0429715915873,1503.1493080814107,False,164.17742983217687,173.29839815618666,194.96069792571
55233,Handsome Lake Energy LLC,PA,PJM,41.2908,-79.8061,294.5,0.1753047270036899,10.877540281968765,994.517968637144,973.0893972085727,7.044875635178993,6.674092707011679,5.932526850677047,0.46902296798343174,0.49507979953806674,0.5569647744803252,22.69220487800234,21.497878305475904,19.109225160423023,0.0,0.0,0.0,2074.7158745602137,1965.5203022149396,1747.1291575243904,False,138.12726407112063,145.80100096396066,164.02612608445577
2511,E F Barrett,NY,NYIS,40.616689,-73.647881,293.2,0.2009716489946652,1.6485017761128269,150.72016238745843,129.291590958887,6.145145378355248,5.821716674231289,5.174859265983367,0.07175863219797536,0.07574522287564063,0.08521337573509573,19.706713085212986,18.669517659675467,16.595126808600412,0.0,0.0,0.0,1801.7566249337585,1706.9273288846139,1517.2687367863232,False,21.039630960446374,22.20849934713783,24.984561765530067
55048,Tiverton Power Plant,RI,ISNE,41.6422,-71.1706,290.1,0.192022950801097,6.241302782622782,570.6333972683685,549.2048258397971,6.43152287186363,6.093021668081335,5.416019260516742,0.29435593548493094,0.3107090430118714,0.3495476733883554,20.407021087333558,19.332967345894954,17.184859863017735,0.0,0.0,0.0,1865.7847851276392,1767.5855859103956,1571.187187475907,False,85.39265688417848,90.13669337774391,101.40378004996191
55041,Berkshire Power,MA,ISNE,42.0476,-72.6478,289.0,0.1912447628988366,15.08949011929245,1379.6105251924523,1358.181953763881,6.457693174339535,6.117814586216403,5.438057409970136,0.7277508250453248,0.7681814264367316,0.864204104741323,20.412364518263875,19.33802954361841,17.18935959432748,0.0,0.0,0.0,1866.2733273841254,1768.0484154165404,1571.5985914813693,False,210.31998843809887,222.00443224021544,249.75498627024237
55210,Afton Generating Station,NM,PNM,32.114185,-106.846483,287.0,0.2794015773571928,8.953477395304192,818.603647570669,797.1750761420975,4.4201611590085985,4.187521098008147,3.7222409760072415,0.6283964330261178,0.6633073459720131,0.7462207642185148,13.875162138200432,13.1448904467162,11.684347063747733,0.0,0.0,0.0,1268.5862526354679,1201.8185551283382,1068.2831601140783,False,180.34977627849582,190.36920829396777,214.16535933071376
55241,Hog Bayou Energy Center,AL,SOCO,30.7478,-88.0575,280.0,0.2062803875664268,2.79731013864002,255.75406981851606,234.32549838994464,5.986996701769832,5.671891612203,5.041681433069333,0.13978240203751852,0.14754809103960284,0.16599160241955324,18.335177399170114,17.37016806237169,15.440149388774833,0.0,0.0,0.0,1676.359076495553,1588.12965141684,1411.670801259413,False,39.139072570505185,41.3134654910888,46.47764867747491
55100,Rumford Power LLC,ME,ISNE,44.5303,-70.5219,274.5,0.1934105486943192,3.680287165010739,336.48339794383895,315.05482651526756,6.385380778542168,6.049308105987318,5.377162760877616,0.179745070138895,0.1897309073688336,0.21344727078993778,19.171108071826215,18.162102383835364,16.144091007853657,0.0,0.0,0.0,1752.7870237098252,1660.5350750935188,1476.0311778609057,False,49.340021753126685,52.081134072744824,58.59127583183792
55242,Santa Rosa Energy Center,FL,FPL,30.5664,-87.115,274.5,0.2159441225088589,7.657332449077202,700.0989667727727,678.6703953442012,5.719072071291661,5.418068278065785,4.816060691614031,0.4323057247858644,0.45632270949619,0.5133630481832138,17.170620289042073,16.266903431724074,14.459469717088066,0.0,0.0,0.0,1569.885283569561,1487.259742329058,1322.0086598480516,False,118.66792145371977,125.26058375670416,140.91815672629218
689,S O Purdom,FL,TAL,30.162304,-84.200673,270.1,0.2111556560208193,8.381505657639414,766.3090886984606,744.8805172698892,5.8487658975056425,5.540936113426399,4.92527654526791,0.47151747450337234,0.4977128897535596,0.5599270009727545,17.27853387877175,16.3691373588364,14.550344318965687,0.0,0.0,0.0,1579.7516689162742,1496.6068442364706,1330.3171948768627,False,127.35686986336088,134.43225152243645,151.236282962741
2500,Ravenswood,NY,NYIS,40.759167,-73.946111,268.5,0.1962637029275963,0.1987653912176511,18.172835768470957,0.0,6.292554260303568,5.961367193971802,5.298993061308268,0.0,0.0,0.0,18.479462081625872,17.50685881417188,15.561652279263892,0.0,0.0,0.0,1689.550818891508,1600.6270915814289,1422.77963696127,False,0.0,0.0,0.0
422,Glenarm,CA,CISO,34.126,-118.1494,265.6,0.2607165636815317,1.1991946942169824,109.64065775698124,88.21208632840981,4.736944912746575,4.487632022602019,3.9890062423129056,0.07011350672748166,0.07400870154567507,0.08325978923888448,13.760824971528802,13.03657102565887,11.588063133918991,0.0,0.0,0.0,1258.1325688254904,1191.9150652030964,1059.4800579583077,False,18.622147386819133,19.6567111305313,22.11380002184772
59882,Exelon West Medway II LLC,MA,ISNE,42.137218,-71.4447,263.6,0.1957215554499365,4.464576479658009,408.18984956873226,386.7612781401608,6.309984596029331,5.977880143606736,5.313671238761542,0.23252480124282837,0.24544284575631878,0.27612320147585867,18.19247433842707,17.234975689036172,15.319978390254375,0.0,0.0,0.0,1663.3119395133317,1575.7692058547357,1400.6837385375427,False,61.293537607609565,64.69873414136563,72.78607590903636
10726,Masspower,MA,ISNE,42.1575,-72.5225,260.9,0.1907306812273305,4.522955126029627,413.52732580842303,392.0987543798516,6.475098773060075,6.134304100793756,5.452714756261116,0.2320999173873584,0.24499435724221166,0.2756186518974881,18.4773013894369,17.50481184262443,15.559832748999495,0.0,0.0,0.0,1689.3532698913734,1600.4399398970907,1422.613279908525,False,60.5548684463618,63.91902780449302,71.90890628005464
56152,Freeport Energy Center,TX,ERCO,28.988761,-95.395417,260.0,0.2129804405074281,9.988655892572345,913.2485387494714,891.8199673209,5.798654548077747,5.4934622034420775,4.8830775141707345,0.5915297710785594,0.6243925361384792,0.7024416031557892,16.489923871096096,15.62203314103841,13.886251680923028,0.0,0.0,0.0,1507.6501825002142,1428.30017289494,1269.600153684391,False,153.79774048042546,162.3420593960046,182.6348168205052
51030,Ocean State Power,RI,ISNE,42.009722,-71.668909,254.2,0.1946363834975891,6.470299972854307,591.5702832323938,570.1417118038223,6.345165162891025,6.0112091016862355,5.343296979276653,0.3534795862438027,0.373117341035125,0.4197570086645157,17.641542016950453,16.713039805532013,14.85603538269512,0.0,0.0,0.0,1612.9409844068985,1528.049353648641,1358.266092132125,False,89.85451082317465,94.84642809112877,106.70223160251989
54324,Ocean State Power II,RI,ISNE,42.0099,-71.6701,254.2,0.1946363834975891,6.46578257759936,591.1572642376557,569.7286928090842,6.345165162891025,6.0112091016862355,5.343296979276653,0.3532235204616502,0.3728470493761862,0.41945293054820953,17.641542016950453,16.713039805532013,14.85603538269512,0.0,0.0,0.0,1612.9409844068985,1528.049353648641,1358.266092132125,False,89.78941890135147,94.77771995142652,106.62493494535487
341,Long Beach Generation LLC,CA,CISO,33.7641,-118.2248,252.0,0.2502803164669319,1.1203140232267608,102.42871069501811,81.0001392664467,4.934467150408823,4.674758353018887,4.15534075823901,0.06513958129127896,0.0687584469185722,0.07735325278339374,13.60062508331432,12.884802710508309,11.453157964896274,0.0,0.0,0.0,1243.4857219030234,1178.0391049607595,1047.1458710762306,False,16.415174485402297,17.327128623480196,19.49301970141522
50561,Eagle Point Power Generation,NJ,PJM,39.8746,-75.1592,251.8,0.2080655032658584,3.662565075933641,334.86309265679,313.43452122821856,5.935630753849487,5.623229135225831,4.998425897978516,0.2097124554229553,0.2213631473908972,0.24903354081475937,16.347098073023606,15.486724490232891,13.765977324651459,0.0,0.0,0.0,1494.5918238193008,1415.9290962498642,1258.6036411109903,False,52.80559627550015,55.73924051302792,62.706645577156415
54805,Milford Power LP,MA,ISNE,42.129361,-71.511496,249.3,0.1957215554499365,4.999714071397839,457.11671509923093,435.6881436706595,6.309984596029331,5.977880143606736,5.313671238761542,0.27696517429471956,0.2923521284222039,0.32889614447497945,17.205553310204355,16.299997872825184,14.488886998066826,0.0,0.0,0.0,1573.0791597901123,1490.2855198011594,1324.6982398232526,False,69.0474179516736,72.88338561565544,81.99380881761238
7605,River Road Gen Plant,WA,BPAT,45.6497,-122.7256,248.0,0.154088490609443,16.96351416620992,1550.9498666249067,1529.5212951963351,8.014875057282932,7.593039527952253,6.749368469290891,0.7694972826557515,0.812247131692182,0.9137780231537048,21.740348592879958,20.59611971957049,18.307661972951546,0.0,0.0,0.0,1987.6890142061673,1883.0738029321587,1673.843380384141,False,190.83532609862635,201.43728865966114,226.6169497421188
55084,Crockett Cogen Project,CA,CISO,38.0569,-122.2161,247.0,0.2421748102672275,5.443113790267984,497.65611796735845,476.227546538787,5.099622040117387,4.83122088011121,4.294418560098853,0.3780764009475914,0.3990806454446797,0.4489657261252647,13.77694766775463,13.051845158925442,11.60164014126706,0.0,0.0,0.0,1259.6066439089946,1193.3115573874688,1060.7213843444167,False,93.38487103405507,98.57291942483589,110.89453435294038
492,South Plant (CO),CO,WACM,38.824444,-104.833333,245.1,0.2486023081350145,7.607641101272789,695.5557578306549,674.1271864020835,4.967773667367877,4.706311895401147,4.183388351467686,0.5536518169601803,0.5844102512357456,0.657461532640214,13.317514501723542,12.61659268584336,11.214749054082983,0.0,0.0,0.0,1217.6013258718665,1153.5170455628213,1025.3484849447298,False,135.7000603369402,143.23895257788126,161.14382165011645
2399,PSEG Burlington Generating Station,NJ,PJM,40.076611,-74.879172,242.0,0.1971908554272592,10.27325179363398,939.2687354179637,917.8401639893923,6.26296791159047,5.933338021506763,5.274078241339344,0.605579974847138,0.63922330678309,0.7191262201309763,16.57729319099103,15.704804075675716,13.95982584504508,0.0,0.0,0.0,1515.6382346048938,1435.8678012046366,1276.3269344041214,False,146.5503539130074,154.69204024150778,174.02854527169626
50292,Bethpage Power Plant,NY,NYIS,40.7469,-73.4994,239.6,0.2007505722006328,1.0306611020132048,94.23187218406443,72.803300755493,6.151912726633348,5.828127846284226,5.180558085585979,0.049391713195271414,0.05213569726167537,0.0586526594193848,16.12185628923352,15.273337537168603,13.576300033038757,0.0,0.0,0.0,1473.9982893013503,1396.4194319697006,1241.2617173064004,False,11.834254481587031,12.491713063897418,14.053177196884597
55365,Exelon LaPorte Generating Station,TX,ERCO,29.7028,-95.0718,236.0,0.2097510369697424,9.55290099644134,873.4080911032081,851.9795196746367,5.88793275037851,5.578041552990168,4.958259158213482,0.6131324632153232,0.6471953778383966,0.7280948000681963,15.19822641191453,14.398319758655873,12.798506452138554,0.0,0.0,0.0,1389.5521290893282,1316.4178065056797,1170.1491613383819,False,144.69926131881627,152.73810916986162,171.83037281609433
5083,Cumberland (NJ),NJ,PJM,39.3757,-74.9654,231.2,0.2031425948361084,12.117739025422951,1107.9075680386698,1086.4789966100982,6.079473391567015,5.7595011078003315,5.119556540266961,0.7729787295515276,0.8159219923043901,0.9179122413424388,15.373468338925091,14.564338426350089,12.94607860120008,0.0,0.0,0.0,1405.5742481302939,1331.5966561234366,1183.6414721097215,False,178.71268227231317,188.641164620775,212.22131019837184
50973,Motiva Enterprises Port Arthur Refinery,TX,MISO,29.888462,-93.950984,225.7,0.2136388223444775,5.5584811152404665,508.2039876791283,486.7754162505569,5.780784533667994,5.476532716106522,4.8680290809835745,0.37308715368296147,0.39381421777645914,0.4430409949985167,14.270408569909474,13.519334434651087,12.017186164134296,0.0,0.0,0.0,1304.723069248866,1236.053434025242,1098.7141635779926,False,84.2057705862444,88.88386895214683,99.99435257116521
1595,Kendall Square Station,MA,ISNE,42.3633,-71.0792,213.4,0.1962429256713135,0.5566820921864983,50.89664842847984,29.468076999908416,6.293220485657132,5.9619983548330735,5.299554093184954,0.02194241543079112,0.023161438510279516,0.02605661832406446,14.688769939804104,13.915676785077572,12.369490475624508,0.0,0.0,0.0,1342.973251639232,1272.290448921378,1130.924843485669,False,4.682511452930825,4.942650978093649,5.560482350355356
1366,Paddys Run,KY,LGEE,38.223592,-85.841704,210.6,0.1991278870310147,9.106373850087,832.5827520079541,811.1541805793827,6.202044416850792,5.875621026490225,5.222774245769089,0.6210265562251159,0.6555280315709556,0.737469035517325,14.286021686439748,13.534125808206078,12.030334051738738,0.0,0.0,0.0,1306.1505541887768,1237.4057881788412,1099.91625615897,False,130.78819274100942,138.05420344884325,155.31097887994864
55026,Dighton Power Plant,MA,ISNE,41.8312,-71.1239,200.0,0.1954483244819684,7.834900831790873,716.3337903351654,694.905218906594,6.318805767577394,5.986237042968059,5.321099593749385,0.5498706911298351,0.5804190628592701,0.6529714457166791,13.82238761657555,13.094893531492632,11.63990536132678,0.0,0.0,0.0,1263.7611535154788,1197.247408593612,1064.219918749877,False,109.97413822596702,116.08381257185403,130.59428914333583
55200,Arapahoe Combustion Turbine Project,CO,PSCO,39.6692,-105.0018,194.0,0.2379562584393463,1.6478067922274502,150.65662100365256,129.22804957508114,5.190029495756231,4.916870048611167,4.370551154321037,0.12834685572144358,0.13547723659485708,0.15241189116921425,11.012593836307754,10.432983634396821,9.273763230574952,0.0,0.0,0.0,1006.8657221767088,953.8727894305664,847.8869239382811,False,24.899290009960055,26.282583899402272,29.567906886827565
50243,Bucksport Generation LLC,ME,ISNE,44.5738,-68.8046,186.8,0.1908900672138135,7.808143952203881,713.8874470586405,692.4588756300691,6.469692310478849,6.129182188874701,5.4481619456664,0.5729721164111766,0.6048039006562418,0.6804043882382721,13.2183901018471,12.522685359644624,11.131275875239666,0.0,0.0,0.0,1208.538523597449,1144.9312328817941,1017.7166514504836,False,107.0311913456078,112.97736864258597,127.09953972290924
50304,Shell Deer Park,TX,ERCO,29.723185,-95.128856,182.2,0.2144519645856225,6.928641845260044,633.4758258523468,612.0472544237754,5.7588654055295985,5.4557672262912,4.849570867814399,0.5833103104672757,0.6157164388265686,0.6926809936798898,11.476338965956954,10.872321125643433,9.664285445016382,0.0,0.0,0.0,1049.2652768874927,994.0407886302565,883.5918121157835,False,106.27913856713762,112.18353515420078,126.2064770484759
10213,El Segundo Cogen,CA,CISO,33.9058,-118.4031,180.1,0.2433855637108494,0.6230530532399448,56.964850581937796,35.53627915336637,5.074253300689696,4.8071873374955025,4.273055411107113,0.038885357590039644,0.04104565523393072,0.04617636213817206,9.995486150280469,9.469407931844657,8.417251494973028,0.0,0.0,0.0,913.8730194542142,865.77443948294,769.577279540391,False,7.00325290196614,7.392322507630923,8.316362821084788
99,Frederickson,WA,PSEI,47.079722,-122.365,177.8,0.1504304867302775,13.409019084452307,1225.9674591499252,1204.5388877213536,8.209772013929332,7.777678750038316,6.91349222225628,0.8251976298960771,0.8710419426680813,0.9799221855015915,15.9654410133382,15.12515464421514,13.444581905969013,0.0,0.0,0.0,1459.6974640766352,1382.8712817568126,1229.2189171171667,False,146.7201385955225,154.87125740638487,174.23016458218297
3285,Hagood,SC,SCEG,32.8265,-79.9634,177.3,0.2175966918821469,3.2886637456011365,300.6778281692467,279.2492567406753,5.675637755875863,5.376919979250819,4.779484426000728,0.2775035997785919,0.29292046643295805,0.3295355247370778,11.0063031544024,10.427024041012801,9.2684658142336,0.0,0.0,0.0,1006.2905741167906,953.3279123211703,847.4025887299291,False,49.20138824074435,51.93479869856346,58.4266485358839
7325,San Jacinto Steam Electric Station,TX,ERCO,29.694838,-95.040622,176.4,0.2097510369697424,8.081967603042184,738.9227522781424,717.494180849571,5.88793275037851,5.578041552990168,4.958259158213482,0.6908073684805118,0.7291855556183179,0.8203337500706076,11.360030250261538,10.762133921300407,9.56634126337814,0.0,0.0,0.0,1038.631337166769,983.9665299474657,874.6369155088584,False,121.85841979996229,128.62833201107128,144.7068735124552
7870,Encogen,WA,PSEI,48.746,-122.486,176.4,0.1525534917392755,8.122276668394015,742.6081525388813,721.1795811103099,8.095521026229283,7.669440972217217,6.817280864193081,0.5050100676115463,0.5330661824788544,0.5996994552887113,15.619295879981125,14.797227675771595,13.153091267352528,0.0,0.0,0.0,1428.0499090268456,1352.889387499117,1202.5683444436595,False,89.08377592667678,94.03287458926992,105.78698391292868
50002,Pittsfield Generating LP,MA,ISNE,42.4564,-73.2181,175.5,0.1809574981364077,6.350067760684189,580.5776238339829,559.1490524054115,6.824807000089289,6.4656066316635386,5.7472058948120335,0.4668314410354517,0.4927665210929767,0.5543623362295989,13.100430311890145,12.410933979685405,11.031941315275914,0.0,0.0,0.0,1197.7536285156702,1134.713963856951,1008.6346345395119,False,81.92891790172177,86.48052445181742,97.2905900082946
10751,Camden Plant Holding LLC,NJ,PJM,39.9175,-75.1192,172.9,0.1971908554272592,1.702710519172186,155.67639032431413,134.2478188957427,6.26296791159047,5.933338021506763,5.274078241339344,0.1239744124276525,0.13086187978474426,0.14721961475783732,11.843859474059292,11.220498449108808,9.973776399207827,0.0,0.0,0.0,1082.8671519139923,1025.8741439185194,911.8881279275727,False,21.43517590874112,22.626019014782283,25.454271391630073
2047,Chevron Oil,MS,SOCO,30.34,-88.4919,170.5,0.2248163445312322,2.199623997216314,201.10847974549154,179.6799083169201,5.493372835392001,5.204247949318739,4.625998177172211,0.19183862739272167,0.2024963289145395,0.227808370028857,10.244281998500554,9.705109261737368,8.626763788210992,0.0,0.0,0.0,936.6200684343362,887.324275358845,788.732689207862,False,32.708485970459044,34.52562407992899,38.84132708992012
7314,Richard M Flynn,NY,NYIS,40.8158,-73.064,170.0,0.1916587297500894,0.5667593585244561,51.817998493664554,30.389427065093127,6.443745096350999,6.104600617595684,5.4263116600850525,0.027741838481203797,0.029283051730159555,0.0329434331964295,11.98133853852764,11.350741773341976,10.089548242970647,0.0,0.0,0.0,1095.4366663796698,1037.7821049912664,922.472982214459,False,4.7161125418046455,4.978118794127124,5.600383643393015
52109,Richmond Cogen,CA,CISO,37.9418,-122.3909,155.6,0.2419463022484132,1.055333029944067,96.48759130917183,75.0590198806004,5.104438416802047,4.835783763286151,4.298474456254356,0.09450294178211235,0.09975310521445191,0.11222224336625841,8.687116130594985,8.22989949214262,7.315466215237882,0.0,0.0,0.0,794.2506176543985,752.447953567325,668.8426253931777,False,14.704657741296682,15.521583171368716,17.461781067789808
56026,Donald Von Raesfeld Power Plant,CA,CISO,37.3767,-121.9508,154.0,0.2423058914873143,3.171906452857901,290.00287568986516,268.5743042612938,5.096863276494691,4.828607314573919,4.2920953907323725,0.3421690742132499,0.361178467225097,0.4063257756282341,8.585029081345747,8.133185445485445,7.229498173764841,0.0,0.0,0.0,784.9169445801824,743.6055264443835,660.9826901727854,False,52.69403742884048,55.62148395266494,62.574169446748044
57027,Canyon Power Plant,CA,CISO,33.858056,-117.861667,150.0,0.2510324380843852,2.0748743897912494,189.7028013523428,168.27422992377134,4.919682927928427,4.660752247511143,4.142890886676572,0.22802855710951006,0.24069681028226056,0.2707839115675431,8.071354803632577,7.646546656072969,6.796930360953751,0.0,0.0,0.0,737.952439189264,699.1128371266714,621.4336330014858,False,34.20428356642651,36.104521542339086,40.61758673513147
50458,Indeck Corinth Energy Center,NY,NYIS,43.25,-73.8125,147.0,0.1850886450026753,4.272065943408745,390.5888862545138,369.1603148259424,6.672478476365468,6.3212953986620235,5.618929243255132,0.3763660935850324,0.39727532100642304,0.4469347361322259,10.728094300281356,10.163457758161286,9.034184673921143,0.0,0.0,0.0,980.8543360257238,929.2304236033175,825.9825987585044,False,55.325815756999766,58.399472187944184,65.6994062114372
3176,Hunlock Power Station,PA,PJM,41.200556,-76.07,145.9,0.1752455068100887,7.710498716308497,704.9598826339196,683.5313112053482,7.047256289077661,6.676348063336734,5.934531611854874,0.6647878229098503,0.701720479738175,0.7894355397054469,11.245879450054712,10.653991057946575,9.470214273730289,0.0,0.0,0.0,1028.1946925764307,974.0791824408295,865.8481621696262,False,96.99254336254715,102.38101799379973,115.1786452430247
1728,Delray,MI,MISO,42.2947,-83.1019,142.2,0.1882710380261056,0.1042475828064603,9.53120757087637,0.0,6.55969188329835,6.214444942072123,5.523951059619664,0.0,0.0,0.0,10.202370782242465,9.665403898966549,8.59147013241471,0.0,0.0,0.0,932.7881858050253,883.6940707626558,785.5058406779161,False,0.0,0.0,0.0
664,John R Kelly,FL,GVL,29.6461,-82.3208,141.6,0.2126963054667272,5.066432524393973,463.2166879445918,441.78811651602035,5.806400808373209,5.500800765827252,4.889600680735335,0.5373333115010724,0.5671851621400208,0.6380833074075234,8.99266325196801,8.519365186074957,7.572769054288852,0.0,0.0,0.0,822.1863544656464,778.9133884411389,692.3674563921235,False,76.08639690855185,80.31341895902695,90.3525963289053
60698,Stanton Energy Reliability Center Hybrid,CA,CISO,33.806801,-117.985758,141.0,0.2506025983238678,4.349556646628215,397.6737505488653,376.24517912029387,4.928121289484557,4.668746484774845,4.149996875355417,0.5414650673005124,0.5715464599283183,0.6429897674193582,7.600087051126966,7.200082469488707,6.4000733062121835,0.0,0.0,0.0,694.8651018173225,658.2932543532531,585.1495594251138,False,76.34657448937224,80.58805084989288,90.6615572061295
50118,Hal C Weaver Power Plant,TX,ERCO,30.2867,-97.7356,138.9,0.2182833334827159,6.2020361930990155,567.0433090833385,545.614737654767,5.657784221523214,5.360006104600941,4.764449870756391,0.694284495195507,0.7328558560397017,0.8244628380446646,8.595411872792223,8.143021774224213,7.238241577088187,0.0,0.0,0.0,785.8662283695745,744.5048479290707,661.7820870480627,False,96.43611638265592,101.79367840391457,114.51788820440392
54785,Grays Ferry Cogeneration,PA,PJM,39.942219,-75.188069,135.0,0.2005087288126706,1.2871101557170974,117.67864280842032,96.25007137984889,6.159332849562993,5.8351574364281005,5.186806610158311,0.11575336308593379,0.12218410547959675,0.13745711866454635,9.094639910682858,8.615974652225868,7.658644135311882,0.0,0.0,0.0,831.5099346910041,787.7462539177935,700.218892371372,False,15.62670401660106,16.49485423974556,18.556711019713756
56041,Malburg,CA,CISO,33.9986,-118.2219,130.0,0.2510161396628624,0.3224725228146507,29.483202085910918,8.054630657339493,4.92000236183505,4.6610548691068905,4.143159883650569,0.012593225126225498,0.013292848744349134,0.014954454837392774,6.995628358234212,6.62743739201136,5.891055459565655,0.0,0.0,0.0,639.6003070385565,605.9371329838957,538.610784874574,False,1.6371192664093148,1.7280703367653873,1.9440791288610606
54466,Orlando Cogen LP,FL,FPC,28.442623,-81.412343,122.4,0.2295711804729738,3.186501114450805,291.3372447497878,269.90867332121644,5.379595110569158,5.096458525802362,4.530185356268766,0.409907469729869,0.4326801069370838,0.4867651203042193,7.201932954274462,6.822883851417914,6.064785645704812,0.0,0.0,0.0,658.462441533665,623.8065235582092,554.494687607297,False,50.17267429493597,52.96004508909906,59.58005072523645
1730,Hancock,MI,MISO,42.5497,-83.4425,121.6,0.1906970214136478,1.915723080040053,175.15182446080482,153.7232530322334,6.4762416887525305,6.135386863028714,5.453677211581079,0.19520140685105086,0.20604592945388703,0.23180167063562288,8.613401446040866,8.16006452782819,7.253390691402836,0.0,0.0,0.0,787.5109893523077,746.0630425442915,663.1671489282592,False,23.736491073087784,25.05518502159266,28.18708314929174
54114,Kennedy International Airport Cogen,NY,NYIS,40.6417,-73.7778,121.2,0.1963813526168066,1.3635583831085016,124.66819502706299,103.23962359849156,6.2887844672799496,5.957795811107322,5.295818498762063,0.1354493988984765,0.14297436550394738,0.1608461611919408,8.336569909437985,7.897803072099144,7.020269397421461,0.0,0.0,0.0,762.2006774343299,722.0848523062074,641.8532020499621,False,16.41646714649535,17.328493099078422,19.494554736463225
56032,Equus Freeport Power,NY,NYIS,40.6439,-73.5683,120.0,0.2007505722006328,0.908691430129646,83.08035932613906,61.65178789756763,6.151912726633348,5.828127846284226,5.180558085585979,0.08351303439695515,0.08815264741900819,0.0991717283463842,8.07438545370627,7.649417798248047,6.799482487331598,0.0,0.0,0.0,738.2295271960018,699.3753415541071,621.6669702703175,False,10.021564127634617,10.578317690280983,11.900607401566104
1660,Potter Station 2,MA,ISNE,42.235,-70.9672,116.0,0.1962429256713135,1.0977270469520275,100.36361572132822,78.93504429275679,6.293220485657132,5.9619983548330735,5.299554093184954,0.10812818672347696,0.11413530820811454,0.12840222173412888,7.984523491177487,7.564285412694463,6.723809255728411,0.0,0.0,0.0,730.0135763362273,691.5918091606366,614.7482748094546,False,12.542869659923328,13.239695752141287,14.89465772115895
50541,Harbor Cogen,CA,CISO,33.7771,-118.2303,107.4,0.2502803164669319,1.2245616060332212,111.95991826589449,90.53134683732307,4.934467150408823,4.674758353018887,4.15534075823901,0.17082618337459415,0.18031652689540487,0.2028560927573305,5.796456880745865,5.491380202811874,4.881226846943888,0.0,0.0,0.0,529.9617719539076,502.06904711422845,446.2835974348697,False,18.346732094431413,19.365994988566484,21.786744362137295
2517,Port Jefferson,NY,NYIS,40.949696,-73.078507,106.0,0.1984282488001567,1.913638128383924,174.96120030938732,153.5326288808159,6.223912207398489,5.896337880693307,5.2411892272829395,0.2327187432778601,0.24564756234885227,0.27635350764245875,7.215848215452624,6.836066730428803,6.07650376038116,0.0,0.0,0.0,659.7346939842398,625.0118153534905,555.5660580919916,False,24.66818678745317,26.03864160897834,29.293471810100627
7869,Glenwood Landing,NY,NYIS,40.8275,-73.6478,106.0,0.1963813526168066,1.2203917027209628,111.57866996305944,90.15009853448801,6.2887844672799496,5.957795811107322,5.295818498762063,0.13523640889726643,0.14274954272489235,0.1605932355655039,7.2910594917526925,6.907319518502551,6.139839572002268,0.0,0.0,0.0,666.6111535316746,631.526355977376,561.3567608687787,False,14.335059343110242,15.13145152883859,17.022882969943414
55786,Edgewood Energy LLC,NY,NYIS,40.7861,-73.2931,100.0,0.2011430300899653,0.6400801584316667,58.52161448518094,37.09304305660952,6.139909493496349,5.8167563622597,5.1704500997864,0.06041301275841286,0.06376929124499134,0.07174045265061525,6.715526008511633,6.3620772712215485,5.6551797966413755,0.0,0.0,0.0,613.9909493496349,581.67563622597,517.04500997864,False,6.0413012758412865,6.376929124499134,7.174045265061525
57504,TECO CHP-1,TX,ERCO,29.703454,-95.398317,98.0,0.2110174983136931,4.527472521284574,413.940344803161,392.5117733745896,5.8525952106781265,5.544563883800332,4.928501230044739,0.684349768455566,0.7223692000364307,0.8126653500409846,6.2732504914456175,5.943079412948481,5.282737255954205,0.0,0.0,0.0,573.5543306464564,543.3672606124325,482.9931205443844,False,67.06627730864547,70.79218160357021,79.6412043040165
52026,Dartmouth Power Associates LP,MA,ISNE,41.6731,-70.9994,97.4,0.1954483244819684,5.751339143432419,525.8367216852496,504.4081502566782,6.318805767577394,5.986237042968059,5.321099593749385,0.8195739246540973,0.8651058093571025,0.9732440355267404,6.731502769272294,6.377213149836912,5.668633910966143,0.0,0.0,0.0,615.4516817620382,583.059487985089,518.2751004311901,False,79.82650026130908,84.26130583138179,94.79396906030452
56629,Waterbury Generation,CT,ISNE,41.5444,-73.0417,96.0,0.1947271112633643,2.315338814131485,211.68812014916432,190.2595487205929,6.3422088069169185,6.0084083433949775,5.34080741635109,0.31248897024824884,0.3298494685953736,0.3710806521697954,6.659319247262765,6.308828760564728,5.607847787168645,0.0,0.0,0.0,608.8520454640242,576.8072009659179,512.7175119697047,False,29.99894114383189,31.665548985155866,35.62374260830036
7909,Vernon Boulevard,NY,NYIS,40.7537,-73.9508,94.0,0.1962637029275963,0.2178774480655021,19.920223823131618,0.0,6.292554260303568,5.961367193971802,5.298993061308268,0.0,0.0,0.0,6.469532348874607,6.12903064630226,5.448027241157564,0.0,0.0,0.0,591.5001004685354,560.3685162333494,498.1053477629772,False,0.0,0.0,0.0
7910,Joseph J Seymour Power Project,NY,NYIS,40.6631,-74.0,94.0,0.1962637029275963,0.4114304601428302,37.61649921305875,16.18792778448733,6.292554260303568,5.961367193971802,5.298993061308268,0.027367582476595775,0.028888003725295534,0.03249900419095748,6.469532348874607,6.12903064630226,5.448027241157564,0.0,0.0,0.0,591.5001004685354,560.3685162333494,498.1053477629772,False,2.5725527528000027,2.71547235017778,3.0549063939500027
7913,Hell Gate,NY,NYIS,40.799,-73.9094,94.0,0.1962637029275963,0.3388046441209962,30.97642460534822,9.547853176776794,6.292554260303568,5.961367193971802,5.298993061308268,0.016141760870731565,0.017038525363549984,0.019168341033993733,6.469532348874607,6.12903064630226,5.448027241157564,0.0,0.0,0.0,591.5001004685354,560.3685162333494,498.1053477629772,False,1.5173255218487671,1.6016213841736986,1.801824057195411
7914,Harlem River Yard,NY,NYIS,40.7991,-73.9156,94.0,0.1962637029275963,0.3165651597889513,28.943100323561257,7.51452889498983,6.292554260303568,5.961367193971802,5.298993061308268,0.012704188704342515,0.013409976965694875,0.015086224086406736,6.469532348874607,6.12903064630226,5.448027241157564,0.0,0.0,0.0,591.5001004685354,560.3685162333494,498.1053477629772,False,1.1941937382081964,1.2605378347753182,1.4181050641222332
55738,Buchanan Generation LLC,VA,PJM,37.175278,-81.961388,88.0,0.187654819164827,1.3579985120254905,124.15986395661626,102.73129252804483,6.58123252840757,6.2348518690176995,5.542090550237955,0.17738334672358486,0.1872379770971173,0.21064272423425698,6.334436308592287,6.001044923929537,5.334262154604032,0.0,0.0,0.0,579.1484624998661,548.6669644735575,487.70396842094,False,15.609734511675468,16.476941984546322,18.536559732614613
55196,Springdale 1 & 2,PA,PJM,40.546667,-79.768333,87.6,0.1782851051730049,2.6569233937939867,242.91871028973588,221.49013886116447,6.927106999777556,6.562522420841897,5.833353262970574,0.36500464664232124,0.3852826825668946,0.43344301788775647,6.637034394161872,6.2877167944691434,5.589081595083682,0.0,0.0,0.0,606.8145731805139,574.8769640657501,511.00174583622226,False,31.974407045867338,33.75076299285996,37.969608366967464
55122,NAFTA Region Olefins Complex Cogen Fac,TX,MISO,29.954321,-93.883592,83.2,0.2136388223444775,3.3512122952850127,306.39655271177253,284.96798128320114,5.780784533667994,5.476532716106522,4.8680290809835745,0.5924967292824102,0.6254132142425438,0.7035898660228619,5.260513925637875,4.983644771656936,4.429906463695054,0.0,0.0,0.0,480.9612732011771,455.64752198006266,405.02001953783343,False,49.295727876296525,52.03437942497965,58.53867685310211
56188,Pinelawn Power LLC,NY,NYIS,40.736611,-73.388424,82.0,0.2007505722006328,0.8590000823252334,78.53715038402133,57.1085789554499,6.151912726633348,5.828127846284226,5.180558085585979,0.11320805670851768,0.11949739319232419,0.13443456734136472,5.517496726699285,5.227102162136166,4.646313033009925,0.0,0.0,0.0,504.4568435839346,477.90648339530657,424.80576301805024,False,9.283060650098449,9.798786241770584,11.023634521991907
7138,Forked River,NJ,PJM,39.8154,-74.2098,76.8,0.2083633384629871,2.4769225674814983,226.46149188402268,205.03292045545123,5.92714634498612,5.615191274197378,4.991281132619891,0.45041902624107943,0.4754423054766949,0.5348725936612818,4.978802929788341,4.716760670325797,4.1926761514007085,0.0,0.0,0.0,455.204839294934,431.2466898583586,383.3303909852076,False,34.5921812153149,36.513969060610165,41.078215193186445
1734,Northeast (MI),MI,MISO,42.45,-83.0381,71.4,0.1903096848567789,0.1160623088578592,10.611411095575697,0.0,6.489422758118811,6.147874191902033,5.4647770594684735,0.0,0.0,0.0,5.06783358516841,4.801105501738495,4.267649334878662,0.0,0.0,0.0,463.3447849296831,438.9582173018052,390.18508204604905,False,0.0,0.0,0.0
66600,Bushy Park Combustion Turbine Facility,SC,SCEG,33.014915,-79.930045,65.4,0.209705932087143,2.965496238901109,271.13108469952994,249.70251327095852,5.889199164317381,5.579241313563835,4.959325612056742,0.6483192597406003,0.6843369963928558,0.7698791209419629,4.212617777225777,3.9909010521086317,3.547467601874339,0.0,0.0,0.0,385.1536253463567,364.88238190707483,324.33989502851097,False,42.400079587035265,44.755639564092775,50.350094509604375
63559,MMWEC Simple Cycle Gas Turbine,MA,ISNE,42.54342,-70.927967,65.0,0.1974310539106361,2.0991988257794234,191.92674978554726,170.49817835697584,6.255348262279966,5.926119406370496,5.267661694551552,0.4193289946167717,0.4426250498732589,0.49795318110741627,4.447161655214664,4.213100515466525,3.744978235970245,0.0,0.0,0.0,406.59763704819784,385.19776141408227,342.3980101458509,False,27.256384650090162,28.770628241761827,32.36695677198206
1678,Waters River,MA,ISNE,42.542949,-70.928314,64.9,0.1974310539106361,2.085994131957272,190.71946349323628,169.29089206466486,6.255348262279966,5.926119406370496,5.267661694551552,0.417001294271455,0.4401680328420913,0.49518903694735267,4.4403198680527955,4.206618822365808,3.739216730991829,0.0,0.0,0.0,405.97210222196986,384.60514947344524,341.87124397639576,False,27.063383998217432,28.566905331451725,32.137768497883194
2679,Plant No 2 Freeport,NY,NYIS,40.6447,-73.5683,60.5,0.2007505722006328,0.9045215268173876,82.699111023304,61.270539594732575,6.151912726633348,5.828127846284226,5.180558085585979,0.16462135219572516,0.17376698287326542,0.19548785573242358,4.070835999576912,3.8565814732833905,3.4280724206963478,0.0,0.0,0.0,372.1907199613176,352.60173470019566,313.42376417795174,False,9.959591807841372,10.512902463832559,11.827015271811627
7987,Lake One,CA,LDWP,34.1772,-118.3147,60.5,0.2607165636815317,1.196762250618165,109.41826291366078,87.98969148508935,4.736944912746575,4.487632022602019,3.9890062423129056,0.30702807245144215,0.32408518758763327,0.3645958360360875,3.1345252664815226,2.9695502524561803,2.6396002244054935,0.0,0.0,0.0,286.58516722116775,271.50173736742215,241.33487765993078,False,18.57519838331225,19.607153849051812,22.05804808018329
55699,Bayswater Peaking Facility LLC,NY,NYIS,40.610654,-73.762218,60.5,0.2009716489946652,1.5282695639427089,139.72750298904765,118.29893156047622,6.145145378355248,5.821716674231289,5.174859265983367,0.3181949523206203,0.3358724496717658,0.37785650588073655,4.066357918333512,3.852339080526486,3.424301404912432,0.0,0.0,0.0,371.7812953904925,352.21385879099296,313.0789855919937,False,19.250794615397528,20.320283205141834,22.86031860578456
377,Grayson,CA,LDWP,34.1556,-118.2782,57.4,0.2607165636815317,1.2190017349502098,111.45158719544774,90.02301576687631,4.736944912746575,4.487632022602019,3.9890062423129056,0.33108791664416687,0.34948168979106486,0.39316690101494806,2.973913228033709,2.8173914791898307,2.5043479815020713,0.0,0.0,0.0,271.90063799165335,257.5900780973559,228.96895830876076,False,19.004446415375178,20.06024899400712,22.567780118258018
56051,THUMS,CA,CISO,33.7684,-118.2141,57.4,0.2502803164669319,1.1147541521437496,101.92037962457138,80.49180819599995,4.934467150408823,4.674758353018887,4.15534075823901,0.2841839386687703,0.2999719352614796,0.33746842716916453,3.097920157866039,2.9348717285046697,2.608774869781929,0.0,0.0,0.0,283.2384144334664,268.33112946328407,238.51655952291918,False,16.312158079587412,17.218389084008926,19.370687719510045
10169,Carson Cogeneration,CA,CISO,33.8759,-118.2491,55.8,0.2510161396628624,0.6056784561055347,55.37631598679174,33.947744558220315,4.92000236183505,4.6610548691068905,4.143159883650569,0.12365492416910322,0.1305246421784978,0.14684022245081002,3.002738941457454,2.844700049801799,2.5286222664904883,0.0,0.0,0.0,274.53613179039576,260.0868616961645,231.18832150770177,False,6.899944768635959,7.283275033560177,8.193684412755198
7450,Alameda,CA,CISO,37.7886,-122.2889,54.8,0.2352566293793807,0.9966068916297612,91.11834437757815,69.68977294900674,5.249586391074269,4.973292370491413,4.420704329325701,0.2422497870238138,0.25570810852513676,0.28767162209077884,3.1464708431501403,2.980867114563291,2.6496596573895923,0.0,0.0,0.0,287.6773342308699,272.5364219029294,242.2545972470484,False,13.275288328904995,14.012804347177493,15.76440489057468
62449,Kimberly Clark Mobile - CHP Plant,AL,SOCO,30.737741,-88.04977,50.0,0.2062803875664268,2.5926373843966695,237.04113228769546,215.61256085912405,5.986996701769832,5.671891612203,5.041681433069333,0.7202695160843708,0.760284489200169,0.8553200503501902,3.2741388212803773,3.101815725423516,2.7571695337097917,0.0,0.0,0.0,299.3498350884916,283.59458061015,252.08407165346665,False,36.013475804218544,38.01422446000845,42.76600251750951
56475,Center Hybrid,CA,CISO,33.9296,-118.1046,49.8,0.253744552385002,1.1481133786418167,104.9703660472518,83.54179461868037,4.867099562894879,4.610936428005676,4.098610158227267,0.34467058974288767,0.3638189558397147,0.40929632531967913,2.6510482931643047,2.5115194356293418,2.2324617205594146,0.0,0.0,0.0,242.38155823216496,229.62463411468264,204.11078587971787,False,17.164595369195805,18.11818400081779,20.38295700092002
7912,Brentwood,NY,NYIS,40.787062,-73.293412,47.0,0.2011430300899653,0.6859490948665092,62.71534581636655,41.28677438779513,6.139909493496349,5.8167563622597,5.1704500997864,0.14307083991733802,0.15101921991274564,0.16989662240183886,3.1562972240004674,2.990176317474128,2.657934504421447,0.0,0.0,0.0,288.5757461943284,273.38754902620593,243.01115468996082,False,6.724329476114887,7.097903335899045,7.985141252886427
7915,North 1st,NY,NYIS,40.7171,-73.9664,47.0,0.1962637029275963,0.2164874802947493,19.793141055519932,0.0,6.292554260303568,5.961367193971802,5.298993061308268,0.0,0.0,0.0,3.2347661744373033,3.06451532315113,2.724013620578782,0.0,0.0,0.0,295.7500502342677,280.1842581166747,249.0526738814886,False,0.0,0.0,0.0
8053,Pouch,NY,NYIS,40.6182,-74.06849,47.0,0.1972586041398811,1.0442132877780446,95.47092916827835,74.04235773970692,6.26081688748152,5.931300209193021,5.272266852616018,0.25162360470256373,0.2656026938527061,0.29880303058429436,3.2184511812209697,3.049059013788288,2.710274678922922,0.0,0.0,0.0,294.25839371163147,278.771109832072,247.79654207295283,False,11.826309421020495,12.483326611077185,14.043742437461836
54149,Stony Brook Cogen Plant,NY,NYIS,40.916833,-73.129056,47.0,0.1949828297679077,1.2957974542843025,118.47291010599335,97.04433867742193,6.333891048099195,6.000528361357134,5.333802987873007,0.3259881086791101,0.34409855916128274,0.3871108790564432,3.2560158669134927,3.084646610760152,2.741908098453468,0.0,0.0,0.0,297.69287926066215,282.0248329837853,250.68874043003132,False,15.321441107918174,16.172632280580288,18.19421131565283
2628,Hillburn,NY,NYIS,41.1269,-74.1653,46.5,0.1898218581491588,0.7818568710484527,71.4840567815728,50.05548535300138,6.506100045810097,6.163673727609567,5.478821091208504,0.16545427260919812,0.1746461766430424,0.19647694872342275,3.3089618201737294,3.134805934901429,2.7864941643568253,0.0,0.0,0.0,302.5336521301695,286.6108283338449,254.76518074119542,False,7.693623676327713,8.121047213901472,9.136178115639158
57908,Central Utility Plant Cincinnati,OH,PJM,39.134533,-84.509419,45.3,0.1943658061915683,1.6502392358262676,150.87901584697303,129.4504444184016,6.353998289096053,6.019577326512051,5.350735401344045,0.4497366185169393,0.47472198621232475,0.5340622344888654,3.14820758980056,2.9825124534952683,2.6511221808846828,0.0,0.0,0.0,287.8361224960512,272.6868528909959,242.38831368088523,False,20.373068818817348,21.50490597541831,24.1930192223456
54907,Mass Inst Tech Cntrl Utilities/Cogen Plt,MA,ISNE,42.360986,-71.093876,43.4,0.1962429256713135,0.4517395254946615,41.30189947379762,19.87332804522619,6.293220485657132,5.9619983548330735,5.299554093184954,0.07276255225696289,0.07680491627123857,0.08640553080514342,2.98731309928537,2.830086094059825,2.515632083608733,0.0,0.0,0.0,273.1257690775195,258.7507285997554,230.00064764422697,False,3.157894767952189,3.333333366171754,3.750000036943224
8010,Murray Turbine,UT,PACE,40.67,-111.89,42.0,0.2249974041765952,1.464678538430768,133.91346637081304,112.48489494224162,5.488952214891676,5.200059993055273,4.622275549382465,0.48792769175017137,0.5150347857362919,0.5794141339533284,2.521487423715864,2.3887775593097667,2.12335783049757,0.0,0.0,0.0,230.5359930254504,218.40251970832148,194.13557307406353,False,20.492963053507196,21.63146100092426,24.335393626039792
52168,Riverbay,NY,NYIS,40.869972,-73.824437,41.8,0.1963813526168066,0.6842116351530682,62.55649235685194,41.12792092828051,6.2887844672799496,5.957795811107322,5.295818498762063,0.15645655506678796,0.16514858590383172,0.1857921591418107,2.8751536486345524,2.7238297723906286,2.421182019902781,0.0,0.0,0.0,262.8711907323019,249.03586490428603,221.36521324825424,False,6.539884001791736,6.903210890780166,7.766112252127686
10883,Medical Area Total Energy Plant,MA,ISNE,42.33685,-71.10815,38.8,0.1962429256713135,0.4493070818958442,41.079504630477174,19.65093320190575,6.293220485657132,5.9619983548330735,5.299554093184954,0.08047824666541878,0.08494926036905315,0.0955679179151848,2.6706854436007457,2.5301230518322857,2.248998268295365,0.0,0.0,0.0,244.1769548434967,231.32553616752324,205.62269881557617,False,3.122555970618248,3.296031302319262,3.7080352151091702
62289,Dearborn Energy Center,MI,MISO,42.2969,-83.23125,35.0,0.18838537959787,0.8753322036315788,80.03037290345863,58.601801474887196,6.555710441204343,6.21067304956201,5.520598266277342,0.255401332931536,0.2695902958721768,0.30328908285619893,2.5096079032735377,2.3775232767854573,2.1133540238092956,0.0,0.0,0.0,229.449865442152,217.37355673467036,193.22093931970699,False,8.93904665260376,9.435660355526188,10.615117899966963
63285,Valero Wilmington Cogeneration Plant,CA,LDWP,33.778655,-118.23853,33.5,0.2502803164669319,1.2471485823079542,114.02501323958437,92.59644181101295,4.934467150408823,4.674758353018887,4.15534075823901,0.5601563057628175,0.5912761005274183,0.6651856130933457,1.808019604329483,1.7128606777858266,1.5225428246985124,0.0,0.0,0.0,165.30464953869557,156.6044048261327,139.20391540100684,False,18.765236243054385,19.807749367668514,22.28371803862708
2909,West 41st Street,OH,PJM,41.474,-81.7145,32.0,0.184553579504784,1.5720535487214222,143.73061016881573,122.3020387402443,6.691823606531491,6.339622364082467,5.635219879184414,0.5711356029920256,0.6028653587138046,0.6782235285530303,2.342138262286022,2.2188678274288636,1.9723269577145452,0.0,0.0,0.0,214.13835540900772,202.86791565063893,180.32703613390126,False,18.27633929574482,19.29169147884175,21.703152913696968
673,Tom G Smith,FL,FMPP,26.612767,-80.0677,31.4,0.2301249742911852,0.2616614328442155,23.9233310028997,2.494759574328274,5.366649160109459,5.084193941156331,4.5192835032500716,0.014804571621366778,0.01562704782255382,0.017580428800373048,1.8431085709250923,1.7461028566658774,1.5520914281474465,0.0,0.0,0.0,168.512783627437,159.64368975230877,141.90550200205223,False,0.4648635489109168,0.49068930162818986,0.5520254643317136
10805,Kenilworth Energy Facility,NJ,PJM,40.6781,-74.2744,28.8,0.195554052378786,0.5862189073149955,53.59715724022815,32.168585811656726,6.315389453591167,5.983000534981107,5.318222697760984,0.17686395959188575,0.18668973512476827,0.2100259520153643,1.989347677881218,1.8846451685190488,1.67524014979471,0.0,0.0,0.0,181.88321626342562,172.31041540745588,153.16481369551633,False,5.093682036246309,5.376664371593327,6.048747418042492
50849,PE Berkeley,CA,CISO,37.870331,-122.26337,28.5,0.2352566293793807,1.2627857197289232,115.45469437521582,94.02612294664439,5.249586391074269,4.973292370491413,4.420704329325701,0.6284613611205001,0.66337588118275,0.7462978663305938,1.6363945078426825,1.5502684811141205,1.378016427656996,0.0,0.0,0.0,149.61321214561667,141.7388325590053,125.99007338578247,False,17.911148791934252,18.906212613708377,21.269489190421922
52073,UCLA So Campus Cogen Project,CA,LDWP,34.0692,-118.4439,28.5,0.2433855637108494,0.7092310550266187,64.84398217386227,43.41541074529084,5.074253300689696,4.8071873374955025,4.273055411107113,0.30021121437547216,0.31688961517410946,0.35650081707087317,1.5817398960743663,1.4984904278599263,1.3319914914310456,0.0,0.0,0.0,144.61621906965632,137.00483911862182,121.78207921655272,False,8.556019609700957,9.03135403246212,10.160273286519885
56668,NIH Cogeneration Facility,MD,PJM,39.0,-77.0939,28.0,0.2048599777558547,0.4847512600500407,44.320115204575146,22.89154377600372,6.028507927848317,5.7112180369089325,5.076638255030162,0.13561483946643424,0.14314899721456947,0.16104262186639065,1.8462305529035472,1.7490605238033607,1.5547204656029874,0.0,0.0,0.0,168.79822197975287,159.9141050334501,142.14587114084455,False,3.7972155050601586,4.0081719220079455,4.509193412258938
10521,Lederle Laboratories,NY,NYIS,41.0772,-74.0181,23.4,0.1912049169622771,1.091124700040952,99.75997257517275,78.33140114660132,6.459038918144838,6.119089501400374,5.4391906679114435,0.5182653050892669,0.5470578220386705,0.6154400497935044,1.6531102731126948,1.5661044692646584,1.3920928615685852,0.0,0.0,0.0,151.1415106845892,143.18669433276875,127.27706162912777,False,12.127408139088846,12.801153035704889,14.401297165168003
54044,University of Illinois Cogen Facility,IL,PJM,41.8675,-87.6524,23.4,0.1975538300578182,1.1720903226873027,107.16254378855338,85.73397235998195,6.251460676001835,5.922436429896477,5.264387937685757,0.5860782243602048,0.6186381257135495,0.6959678914277432,1.5999832167642198,1.5157735737766296,1.3473542878014484,0.0,0.0,0.0,146.28417981844294,138.58501245957754,123.1866777418467,False,13.714230450028792,14.476132141697057,16.28564865940919
54851,MMSD Jones Island Wastewater,WI,MISO,43.0214,-87.9014,22.1,0.1950744379908953,0.5486897775046697,50.165922514712655,28.737351086141228,6.330916611727678,5.997710474268327,5.331298199349624,0.2053940539863354,0.21680483476335397,0.24390543910877321,1.5303012497410498,1.4497590787020476,1.2886747366240423,0.0,0.0,0.0,139.91325711918168,132.54940148133005,117.82169020562671,False,4.539208593098013,4.791386848270123,5.390310204303888
59197,Univ Minnesota CHP Plant,MN,MISO,44.978611,-93.240833,21.0,0.1983066832568492,1.2249090979759092,111.9916889577974,90.56311752922598,6.227727576888637,5.89995244126292,5.244402170011485,0.6924723910785049,0.7309430794717551,0.8223109644057244,1.430431177816609,1.3551453263525772,1.2045736234245132,0.0,0.0,0.0,130.78227911466138,123.89900126652132,110.13244557024119,False,14.541920212648602,15.349804668906856,17.26853025252021
2503,59th Street,NY,NYIS,40.771285,-73.99115,17.1,0.1962637029275963,0.4882261794769227,44.63782212360436,23.20925069503293,6.292554260303568,5.961367193971802,5.298993061308268,0.21569398790548813,0.22767698723357077,0.25613661063776716,1.176904288997402,1.114961957997539,0.9910772959978121,0.0,0.0,0.0,107.60267785119102,101.93937901691783,90.61278134837139,False,3.6883671931838475,3.8932764816940604,4.379936041905819
8906,Astoria Generating Station,NY,NYIS,40.787674,-73.912561,15.0,0.1962637029275963,0.2818159655201311,25.766031133269127,4.3374597046977,6.292554260303568,5.961367193971802,5.298993061308268,0.04595335508465366,0.04850631925602329,0.054569609163026216,1.0323721833310542,0.978036805260999,0.8693660491208879,0.0,0.0,0.0,94.38831390455351,89.42050790957704,79.48489591962402,False,0.6893003262698049,0.7275947888403493,0.8185441374453932
58198,Parnassus Central Utility Plant,CA,CISO,37.762524,-122.456747,13.4,0.2138667494116851,0.6369527309474728,58.235678258054655,36.807106829483224,5.7746237009600465,5.4706961377516246,4.862841011334777,0.4756671879189203,0.5020931428033046,0.5648547856537177,0.846343286171957,0.8017989026892226,0.7127101357237534,0.0,0.0,0.0,77.37995759286463,73.30732824587177,65.16206955188602,False,6.373940318113532,6.728048113564283,7.569054127759817
56039,H. Gonzales,CA,CISO,33.9986,-118.2219,11.8,0.2510161396628624,0.3224725228146507,29.483202085910918,8.054630657339493,4.92000236183505,4.6610548691068905,4.143159883650569,0.1387389208821453,0.14644663870893113,0.16475246854754752,0.6349878048243363,0.6015673940441082,0.5347265724836517,0.0,0.0,0.0,58.0560278696536,55.00044745546131,48.88928662707672,False,1.6371192664093146,1.7280703367653873,1.9440791288610608
54808,New York University Central Plant,NY,NYIS,40.7899,-73.9233,11.0,0.1962637029275963,0.2922407238007772,26.71915189035677,5.290580461785344,6.292554260303568,5.961367193971802,5.298993061308268,0.07643348635012029,0.08067979114734916,0.09076476504076782,0.757072934442773,0.7172269905247326,0.6375351026886511,0.0,0.0,0.0,69.21809686333924,65.57503913368983,58.28892367439095,False,0.8407683498513232,0.8874777026208408,0.998412415448446
57788,US GSA Heating and Transmission,DC,PJM,38.885709,-77.028373,10.8,0.2048599777558547,0.5865663992576836,53.62892793213106,32.20035650355964,6.028507927848317,5.7112180369089325,5.076638255030162,0.4945692245501439,0.5220452925807073,0.5873009541532958,0.7121174989770825,0.6746376306098678,0.599677893875438,0.0,0.0,0.0,65.10788562076182,61.681154798616475,54.82769315432576,False,5.341347625141554,5.638089159871639,6.342850304855594
10123,Hoffmann LaRoche,NJ,PJM,40.8359,-74.155,10.6,0.195554052378786,0.5712767537794028,52.231017488402536,30.80244605983111,6.315389453591167,5.983000534981107,5.318222697760984,0.4601285730791341,0.4856912715835303,0.5464026805314717,0.732190464775726,0.6936541245243721,0.616581444021664,0.0,0.0,0.0,66.94312820806637,63.41980567079973,56.37316059626642,False,4.877362874638821,5.148327478785421,5.791868413633599
50411,Rutgers Biomedical and Health Cogen,NJ,PJM,40.73928,-74.187633,10.5,0.195554052378786,0.6783042721273688,62.016390594502276,40.58781916593085,6.315389453591167,5.983000534981107,5.318222697760984,0.6120773098218729,0.6460816048119769,0.726841805413474,0.7252830075608607,0.6871102176892366,0.6107646379459881,0.0,0.0,0.0,66.31158926270726,62.821505617301625,55.84133832649033,False,6.426811753129666,6.783856850525757,7.631838956841477
10008,Baptist Medical Center,FL,JEA,30.314467,-81.662705,9.0,0.2183257489476289,0.6067209319335993,55.4716280625005,34.043056633929076,5.6566850495323235,5.358964783767465,4.763524252237747,0.6686887841717601,0.7058381610701912,0.794067931203965,0.5568299345633382,0.5275230959021099,0.46890941857965324,0.0,0.0,0.0,50.91016544579091,48.230683053907185,42.871718270139716,False,6.018199057545841,6.35254344963172,7.146611380835685
61238,New York Presbyterian Hospital- 68th Street,NY,NYIS,40.764396,-73.95393,7.7,0.1962637029275963,0.2171824641801257,19.856682439325777,0.0,6.292554260303568,5.961367193971802,5.298993061308268,0.0,0.0,0.0,0.5299510541099411,0.5020588933673128,0.44627457188205577,0.0,0.0,0.0,48.45266780433747,45.90252739358288,40.80224657207366,False,0.0,0.0,0.0
61488,NYU LANGONE HEALTH,NY,NYIS,40.746778,-73.972226,7.5,0.1962637029275963,0.3568742251407826,32.62850058430012,11.199929155728693,6.292554260303568,5.961367193971802,5.298993061308268,0.23731601280756393,0.2505002357413174,0.28181276520898213,0.5161860916655271,0.4890184026304995,0.43468302456044394,0.0,0.0,0.0,47.19415695227676,44.71025395478852,39.74244795981201,False,1.7798700960567295,1.8787517680598806,2.113595739067366
63347,"AOC, Capitol Power Plant",DC,PJM,38.882704,-77.007443,7.5,0.2048599777558547,0.5938637300541358,54.29611246209241,32.867541033520986,6.028507927848317,5.7112180369089325,5.076638255030162,0.7269358947386507,0.7673212222241311,0.8632363750021474,0.49452604095630726,0.46849835459018596,0.41644298185794304,0.0,0.0,0.0,45.21380945886237,42.834135276816994,38.07478691272622,False,5.452019210539881,5.754909166680983,6.474272812516106
54225,Gillette SBMC,MA,ISNE,42.3436,-71.0559,7.2,0.1962429256713135,0.5900413186845657,53.94663485116028,32.51806342258886,6.293220485657132,5.9619983548330735,5.299554093184954,0.7176608078288533,0.7575308527082338,0.8522222092967632,0.4955911132454992,0.46950737044310464,0.4173398848383152,0.0,0.0,0.0,45.31118749673135,42.92638815479813,38.15678947093167,False,5.1671578163677445,5.454222139499284,6.135999906936695
63501,Montclair State University Cogen,NJ,PJM,40.865207,-74.196651,6.4,0.195554052378786,0.3794612014155157,34.69359555799,13.265024129418578,6.315389453591167,5.983000534981107,5.318222697760984,0.32819195640310994,0.3464248428699493,0.389727948228693,0.44207726175138173,0.4188100374486776,0.3722755888432689,0.0,0.0,0.0,40.41849250298347,38.29120342387909,34.036625265670295,False,2.1004285209799036,2.2171189943676755,2.4942588686636356
63485,ECP Uptown Campus,PA,PJM,40.43727,-79.98741,5.6,0.1811414980427009,0.1963329476188337,17.950440925150506,0.0,6.8178744978076224,6.459038997923012,5.741367998153788,0.0,0.0,0.0,0.4175948129907169,0.3956161386227845,0.35165878988691956,0.0,0.0,0.0,38.18009718772268,36.170618388368865,32.151660789661214,False,0.0,0.0,0.0
57798,OBP Cogen,NY,NYIS,40.754865,-73.983248,4.6,0.1962637029275963,0.3874535160973443,35.42432147175719,13.995750043185762,6.292554260303568,5.961367193971802,5.298993061308268,0.4835165866440246,0.5103786192353592,0.5741759466397792,0.31659413622152327,0.2999312869467063,0.26660558839707227,0.0,0.0,0.0,28.94574959739641,27.422289092270287,24.37536808201803,False,2.224176298562513,2.347741648482652,2.6412093545429842
63478,Ross Hall Central Utility Plant,DC,PJM,38.900216,-77.050788,4.6,0.2048599777558547,0.4295000411626167,39.268575192010665,17.84000376343924,6.028507927848317,5.7112180369089325,5.076638255030162,0.6433203263760829,0.6790603445080874,0.7639428875715983,0.3033093051198684,0.2873456574819807,0.25541836220620506,0.0,0.0,0.0,27.731136468102253,26.27160296978109,23.352535973138746,False,2.959273501329981,3.1236775847372016,3.5141372828293522
